Journal name,JCR Abbreviation,ISSN,eISSN,Category,Total Citations,2021 JIF,JIF Quartile,2021 JCI,% of OA Gold,WOS_first_psych_category
PSYCHOLOGICAL SCIENCE IN THE PUBLIC INTEREST,PSYCHOL SCI PUBL INT,1529-1006,1539-6053,"PSYCHOLOGY, MULTIDISCIPLINARY - SSCI",2781,56.2,Q1,11.44,20%,"PSYCHOLOGY, MULTIDISCIPLINARY"
ANNUAL REVIEW OF PSYCHOLOGY,ANNU REV PSYCHOL,0066-4308,1545-2085,"PSYCHOLOGY - SCIE; PSYCHOLOGY, MULTIDISCIPLINARY - SSCI",30374,27.782,Q1,3.6,0%,PSYCHOLOGY - SCIE
PSYCHOTHERAPY AND PSYCHOSOMATICS,PSYCHOTHER PSYCHOSOM,0033-3190,1423-0348,PSYCHOLOGY - SCIE,6813,25.617,Q1,3.8,26.19%,PSYCHOLOGY - SCIE
TRENDS IN COGNITIVE SCIENCES,TRENDS COGN SCI,1364-6613,1879-307X,"PSYCHOLOGY, EXPERIMENTAL - SSCI",36688,24.482,Q1,2.22,20.28%,"PSYCHOLOGY, EXPERIMENTAL"
NATURE HUMAN BEHAVIOUR,NAT HUM BEHAV,2397-3374,2397-3374,"PSYCHOLOGY, EXPERIMENTAL - SSCI",11204,24.252,Q1,4.7,4.34%,"PSYCHOLOGY, EXPERIMENTAL"
PSYCHOLOGICAL BULLETIN,PSYCHOL BULL,0033-2909,1939-1455,"PSYCHOLOGY - SCIE; PSYCHOLOGY, MULTIDISCIPLINARY - SSCI",68919,23.027,Q1,5.54,1.77%,PSYCHOLOGY - SCIE
ANNUAL REVIEW OF CLINICAL PSYCHOLOGY,ANNU REV CLIN PSYCHO,1548-5943,1548-5951,"PSYCHOLOGY - SCIE; PSYCHOLOGY, CLINICAL - SSCI",9675,22.098,Q1,6.2,1.56%,PSYCHOLOGY - SCIE
BEHAVIORAL AND BRAIN SCIENCES,BEHAV BRAIN SCI,0140-525X,1469-1825,"PSYCHOLOGY, BIOLOGICAL - SSCI",12872,21.357,Q1,3.4,0%,"PSYCHOLOGY, BIOLOGICAL"
AMERICAN PSYCHOLOGIST,AM PSYCHOL,0003-066X,1935-990X,"PSYCHOLOGY, MULTIDISCIPLINARY - SSCI",40383,16.358,Q1,4.76,0.36%,"PSYCHOLOGY, MULTIDISCIPLINARY"
PERSONALITY AND SOCIAL PSYCHOLOGY REVIEW,PERS SOC PSYCHOL REV,1088-8683,1532-7957,"PSYCHOLOGY, SOCIAL - SSCI",9843,16.161,Q1,3.92,15.91%,"PSYCHOLOGY, SOCIAL"
ADVANCES IN METHODS AND PRACTICES IN PSYCHOLOGICAL SCIENCE,ADV METH PRACT PSYCH,2515-2459,2515-2467,"PSYCHOLOGY - SCIE; PSYCHOLOGY, MULTIDISCIPLINARY - SSCI",2016,15.817,Q1,4.8,51.61%,PSYCHOLOGY - SCIE
JOURNAL OF ANXIETY DISORDERS,J ANXIETY DISORD,0887-6185,1873-7897,"PSYCHOLOGY, CLINICAL - SSCI",11739,13.711,Q1,2.18,9.96%,"PSYCHOLOGY, CLINICAL"
JOURNAL OF MANAGEMENT,J MANAGE,0149-2063,1557-1211,"PSYCHOLOGY, APPLIED - SSCI",36651,13.508,Q1,2.67,16.67%,"PSYCHOLOGY, APPLIED"
JOURNAL OF THE AMERICAN ACADEMY OF CHILD AND ADOLESCENT PSYCHIATRY,J AM ACAD CHILD PSY,0890-8567,1527-5418,"PSYCHOLOGY, DEVELOPMENTAL - SSCI",25754,13.113,Q1,2.76,16.48%,"PSYCHOLOGY, DEVELOPMENTAL"
ANNUAL REVIEW OF ORGANIZATIONAL PSYCHOLOGY AND ORGANIZATIONAL BEHAVIOR,ANNU REV ORGAN PSYCH,2327-0608,2327-0616,"PSYCHOLOGY, APPLIED - SSCI",3915,12.553,Q1,0.66,0%,"PSYCHOLOGY, APPLIED"
NEUROPSYCHOBIOLOGY,NEUROPSYCHOBIOLOGY,0302-282X,1423-0224,PSYCHOLOGY - SCIE,3757,12.329,Q1,1.46,5.60%,PSYCHOLOGY - SCIE
JOURNAL OF VOCATIONAL BEHAVIOR,J VOCAT BEHAV,0001-8791,1095-9084,"PSYCHOLOGY, APPLIED - SSCI",18542,12.082,Q1,1.95,10.88%,"PSYCHOLOGY, APPLIED"
JOURNAL OF APPLIED PSYCHOLOGY,J APPL PSYCHOL,0021-9010,1939-1854,"PSYCHOLOGY, APPLIED - SSCI",59528,11.802,Q1,2.73,0%,"PSYCHOLOGY, APPLIED"
PERSPECTIVES ON PSYCHOLOGICAL SCIENCE,PERSPECT PSYCHOL SCI,1745-6916,1745-6924,"PSYCHOLOGY, MULTIDISCIPLINARY - SSCI",17025,11.621,Q1,3.5,17.61%,"PSYCHOLOGY, MULTIDISCIPLINARY"
INTERNATIONAL JOURNAL OF MENTAL HEALTH AND ADDICTION,INT J MENT HEALTH AD,1557-1874,1557-1882,"PSYCHOLOGY, CLINICAL - SSCI",7217,11.555,Q1,2.15,25.04%,"PSYCHOLOGY, CLINICAL"
CLINICAL PSYCHOLOGY REVIEW,CLIN PSYCHOL REV,0272-7358,1873-7811,"PSYCHOLOGY, CLINICAL - SSCI",24636,11.397,Q1,2.02,14.59%,"PSYCHOLOGY, CLINICAL"
PSYCHOLOGICAL METHODS,PSYCHOL METHODS,1082-989X,1939-1463,"PSYCHOLOGY, MULTIDISCIPLINARY - SSCI",20525,10.929,Q1,3.79,0.53%,"PSYCHOLOGY, MULTIDISCIPLINARY"
PSYCHOLOGICAL MEDICINE,PSYCHOL MED,0033-2917,1469-8978,"PSYCHOLOGY - SCIE; PSYCHOLOGY, CLINICAL - SSCI",39479,10.592,Q1,2.01,26.09%,PSYCHOLOGY - SCIE
QUALITATIVE RESEARCH IN PSYCHOLOGY,QUAL RES PSYCHOL,1478-0887,1478-0895,"PSYCHOLOGY, MULTIDISCIPLINARY - SSCI",14928,10.568,Q1,4.1,9.48%,"PSYCHOLOGY, MULTIDISCIPLINARY"
PSYCHOLOGICAL SCIENCE,PSYCHOL SCI,0956-7976,1467-9280,"PSYCHOLOGY, MULTIDISCIPLINARY - SSCI",42641,10.172,Q1,2.68,20.62%,"PSYCHOLOGY, MULTIDISCIPLINARY"
JOURNAL OF ORGANIZATIONAL BEHAVIOR,J ORGAN BEHAV,0894-3796,1099-1379,"PSYCHOLOGY, APPLIED - SSCI",19759,10.079,Q1,1.69,14.01%,"PSYCHOLOGY, APPLIED"
LEADERSHIP QUARTERLY,LEADERSHIP QUART,1048-9843,1873-3409,"PSYCHOLOGY, APPLIED - SSCI",14530,9.924,Q1,2.08,9.56%,"PSYCHOLOGY, APPLIED"
SOCIAL ISSUES AND POLICY REVIEW,SOC ISS POLICY REV,1751-2395,1751-2409,"PSYCHOLOGY, SOCIAL - SSCI",1202,9.857,Q1,3.17,25%,"PSYCHOLOGY, SOCIAL"
EUROPEAN JOURNAL OF PSYCHOLOGY APPLIED TO LEGAL CONTEXT,EUR J PSYCHOL APPL L,1889-1861,1989-4007,"PSYCHOLOGY, MULTIDISCIPLINARY - SSCI",526,9.85,Q1,7.1,100%,"PSYCHOLOGY, MULTIDISCIPLINARY"
HEALTH PSYCHOLOGY REVIEW,HEALTH PSYCHOL REV,1743-7199,1743-7202,"PSYCHOLOGY, CLINICAL - SSCI",3753,9.638,Q1,1.61,25%,"PSYCHOLOGY, CLINICAL"
PSYCHOLOGICAL TRAUMA-THEORY RESEARCH PRACTICE AND POLICY,PSYCHOL TRAUMA-US,1942-9681,1942-969X,"PSYCHOLOGY, CLINICAL - SSCI",6742,9.398,Q1,2.03,0%,"PSYCHOLOGY, CLINICAL"
INDUSTRIAL AND ORGANIZATIONAL PSYCHOLOGY-PERSPECTIVES ON SCIENCE AND PRACTICE,IND ORGAN PSYCHOL-US,1754-9426,1754-9434,"PSYCHOLOGY, APPLIED - SSCI",2197,9.375,Q1,1.97,8.70%,"PSYCHOLOGY, APPLIED"
COMPUTERS IN HUMAN BEHAVIOR,COMPUT HUM BEHAV,0747-5632,1873-7692,"PSYCHOLOGY, EXPERIMENTAL - SSCI; PSYCHOLOGY, MULTIDISCIPLINARY - SSCI",53712,8.957,Q1,2.59,11.27%,"PSYCHOLOGY, EXPERIMENTAL"
INTERNATIONAL JOURNAL OF TRANSGENDERISM,INT J TRANSGENDERISM,1553-2739,1434-4599,"PSYCHOLOGY, CLINICAL - SSCI",1744,8.606,Q1,2.47,6.06%,"PSYCHOLOGY, CLINICAL"
JOURNAL OF PERSONALITY AND SOCIAL PSYCHOLOGY,J PERS SOC PSYCHOL,0022-3514,1939-1315,"PSYCHOLOGY, SOCIAL - SSCI",100429,8.46,Q1,2.58,0.48%,"PSYCHOLOGY, SOCIAL"
DEVELOPMENTAL REVIEW,DEV REV,0273-2297,1090-2406,"PSYCHOLOGY, DEVELOPMENTAL - SSCI",5537,8.361,Q1,1.44,17.14%,"PSYCHOLOGY, DEVELOPMENTAL"
JOURNAL OF CHILD PSYCHOLOGY AND PSYCHIATRY,J CHILD PSYCHOL PSYC,0021-9630,1469-7610,"PSYCHOLOGY - SCIE; PSYCHOLOGY, DEVELOPMENTAL - SSCI",26220,8.265,Q1,1.78,30.88%,PSYCHOLOGY - SCIE
PSYCHOLOGICAL REVIEW,PSYCHOL REV,0033-295X,1939-1471,"PSYCHOLOGY - SCIE; PSYCHOLOGY, MULTIDISCIPLINARY - SSCI",36958,8.247,Q1,2.9,3.07%,PSYCHOLOGY - SCIE
ORGANIZATIONAL RESEARCH METHODS,ORGAN RES METHODS,1094-4281,1552-7425,"PSYCHOLOGY, APPLIED - SSCI",12218,8.247,Q1,2.11,10.08%,"PSYCHOLOGY, APPLIED"
EDUCATIONAL PSYCHOLOGY REVIEW,EDUC PSYCHOL REV,1040-726X,1573-336X,"PSYCHOLOGY, EDUCATIONAL - SSCI",8065,8.24,Q1,2.31,36.57%,"PSYCHOLOGY, EDUCATIONAL"
EDUCATIONAL PSYCHOLOGIST,EDUC PSYCHOL-US,0046-1520,1532-6985,"PSYCHOLOGY, EDUCATIONAL - SSCI",8108,8.209,Q1,1.82,4.84%,"PSYCHOLOGY, EDUCATIONAL"
DEPRESSION AND ANXIETY,DEPRESS ANXIETY,1091-4269,1520-6394,"PSYCHOLOGY - SCIE; PSYCHOLOGY, CLINICAL - SSCI",13886,8.128,Q1,1.8,13.47%,PSYCHOLOGY - SCIE
BRITISH JOURNAL OF HEALTH PSYCHOLOGY,BRIT J HEALTH PSYCH,1359-107X,2044-8287,"PSYCHOLOGY, CLINICAL - SSCI",5246,8.101,Q1,1.67,38.86%,"PSYCHOLOGY, CLINICAL"
JOURNAL OF ADOLESCENT HEALTH,J ADOLESCENT HEALTH,1054-139X,1879-1972,"PSYCHOLOGY, DEVELOPMENTAL - SSCI",23158,7.898,Q1,1.91,12.39%,"PSYCHOLOGY, DEVELOPMENTAL"
CURRENT DIRECTIONS IN PSYCHOLOGICAL SCIENCE,CURR DIR PSYCHOL SCI,0963-7214,1467-8721,"PSYCHOLOGY, MULTIDISCIPLINARY - SSCI",17694,7.867,Q1,2.39,18.03%,"PSYCHOLOGY, MULTIDISCIPLINARY"
JOURNAL OF OCCUPATIONAL HEALTH PSYCHOLOGY,J OCCUP HEALTH PSYCH,1076-8998,1939-1307,"PSYCHOLOGY, APPLIED - SSCI",9173,7.707,Q1,2.18,0%,"PSYCHOLOGY, APPLIED"
JOURNAL OF ENVIRONMENTAL PSYCHOLOGY,J ENVIRON PSYCHOL,0272-4944,1522-9610,"PSYCHOLOGY, MULTIDISCIPLINARY - SSCI",17441,7.649,Q1,1.77,22.22%,"PSYCHOLOGY, MULTIDISCIPLINARY"
QUALITATIVE RESEARCH IN SPORT EXERCISE AND HEALTH,QUAL RES SPORT EXERC,2159-676X,2159-6778,"PSYCHOLOGY, APPLIED - SSCI",2593,7.591,Q1,1.5,13.53%,"PSYCHOLOGY, APPLIED"
APPLIED PSYCHOLOGY-HEALTH AND WELL BEING,APPL PSYCHOL-HLTH WE,1758-0846,1758-0854,"PSYCHOLOGY, APPLIED - SSCI",2151,7.521,Q1,1.88,12.71%,"PSYCHOLOGY, APPLIED"
JOURNAL OF ABNORMAL PSYCHOLOGY,J ABNORM PSYCHOL,0021-843X,1939-1846,"PSYCHOLOGY, CLINICAL - SSCI",19201,7.507,Q1,2.06,2.50%,"PSYCHOLOGY, CLINICAL"
INTERNATIONAL REVIEW OF SPORT AND EXERCISE PSYCHOLOGY,INT REV SPORT EXER P,1750-984X,1750-9858,"PSYCHOLOGY, APPLIED - SSCI",2048,7.423,Q1,2.48,20.43%,"PSYCHOLOGY, APPLIED"
CLINICAL CHILD AND FAMILY PSYCHOLOGY REVIEW,CLIN CHILD FAM PSYCH,1096-4037,1573-2827,"PSYCHOLOGY, CLINICAL - SSCI",4172,7.41,Q1,1.2,22.55%,"PSYCHOLOGY, CLINICAL"
WORK AND STRESS,WORK STRESS,0267-8373,1464-5335,"PSYCHOLOGY, APPLIED - SSCI",4860,7.358,Q1,1.57,17.81%,"PSYCHOLOGY, APPLIED"
EMOTION REVIEW,EMOT REV,1754-0739,1754-0747,"PSYCHOLOGY, MULTIDISCIPLINARY - SSCI",3923,7.345,Q1,2,12.50%,"PSYCHOLOGY, MULTIDISCIPLINARY"
ADVANCES IN EXPERIMENTAL SOCIAL PSYCHOLOGY,ADV EXP SOC PSYCHOL,0065-2601,1557-8410,"PSYCHOLOGY, EXPERIMENTAL - SSCI; PSYCHOLOGY, SOCIAL - SSCI",8450,7.263,Q1,2.32,0%,"PSYCHOLOGY, EXPERIMENTAL"
CLINICAL PSYCHOLOGICAL SCIENCE,CLIN PSYCHOL SCI,2167-7026,2167-7034,"PSYCHOLOGY - SCIE; PSYCHOLOGY, CLINICAL - SSCI",4719,7.216,Q1,1.81,14.18%,PSYCHOLOGY - SCIE
MONOGRAPHS OF THE SOCIETY FOR RESEARCH IN CHILD DEVELOPMENT,MONOGR SOC RES CHILD,0037-976X,1540-5834,"PSYCHOLOGY, DEVELOPMENTAL - SSCI",3027,7.2,Q1,1.29,11.11%,"PSYCHOLOGY, DEVELOPMENTAL"
INTERNATIONAL PSYCHOGERIATRICS,INT PSYCHOGERIATR,1041-6102,1741-203X,"PSYCHOLOGY - SCIE; PSYCHOLOGY, CLINICAL - SSCI",11007,7.191,Q1,1.07,18.86%,PSYCHOLOGY - SCIE
JOURNAL OF CONSULTING AND CLINICAL PSYCHOLOGY,J CONSULT CLIN PSYCH,0022-006X,1939-2117,"PSYCHOLOGY, CLINICAL - SSCI",27657,7.156,Q1,1.84,1.09%,"PSYCHOLOGY, CLINICAL"
EUROPEAN JOURNAL OF PERSONALITY,EUR J PERSONALITY,0890-2070,1099-0984,"PSYCHOLOGY, SOCIAL - SSCI",5531,7,Q1,1.85,19.43%,"PSYCHOLOGY, SOCIAL"
NEUROPSYCHOLOGY REVIEW,NEUROPSYCHOL REV,1040-7308,1573-6660,"PSYCHOLOGY, CLINICAL - SSCI",4428,6.94,Q1,0.88,24.41%,"PSYCHOLOGY, CLINICAL"
CONTEMPORARY EDUCATIONAL PSYCHOLOGY,CONTEMP EDUC PSYCHOL,0361-476X,1090-2384,"PSYCHOLOGY, EDUCATIONAL - SSCI",8284,6.922,Q1,2.33,12.12%,"PSYCHOLOGY, EDUCATIONAL"
BRITISH JOURNAL OF SOCIAL PSYCHOLOGY,BRIT J SOC PSYCHOL,0144-6665,2044-8309,"PSYCHOLOGY, SOCIAL - SSCI",6983,6.92,Q1,1.72,31.90%,"PSYCHOLOGY, SOCIAL"
JOURNAL OF EDUCATIONAL PSYCHOLOGY,J EDUC PSYCHOL,0022-0663,1939-2176,"PSYCHOLOGY, EDUCATIONAL - SSCI",23272,6.856,Q1,2.42,0.87%,"PSYCHOLOGY, EDUCATIONAL"
CURRENT OPINION IN PSYCHOLOGY,CURR OPIN PSYCHOL,2352-250X,2352-2518,"PSYCHOLOGY, MULTIDISCIPLINARY - SSCI",8090,6.813,Q1,1.16,11.20%,"PSYCHOLOGY, MULTIDISCIPLINARY"
AUTISM,AUTISM,1362-3613,1461-7005,"PSYCHOLOGY, DEVELOPMENTAL - SSCI",9612,6.684,Q1,1.56,23.27%,"PSYCHOLOGY, DEVELOPMENTAL"
LEARNING AND INSTRUCTION,LEARN INSTR,0959-4752,1873-3263,"PSYCHOLOGY, EDUCATIONAL - SSCI",7870,6.636,Q1,2.84,21.74%,"PSYCHOLOGY, EDUCATIONAL"
JOURNAL OF BUSINESS AND PSYCHOLOGY,J BUS PSYCHOL,0889-3268,1573-353X,"PSYCHOLOGY, APPLIED - SSCI",5838,6.604,Q1,1.57,14.22%,"PSYCHOLOGY, APPLIED"
ENVIRONMENT AND BEHAVIOR,ENVIRON BEHAV,0013-9165,1552-390X,"PSYCHOLOGY, MULTIDISCIPLINARY - SSCI",9422,6.548,Q1,1.75,8.76%,"PSYCHOLOGY, MULTIDISCIPLINARY"
PSYCHOLOGY OF AESTHETICS CREATIVITY AND THE ARTS,PSYCHOL AESTHET CREA,1931-3896,1931-390X,"PSYCHOLOGY, EXPERIMENTAL - SSCI",2953,6.395,Q1,7.94,0%,"PSYCHOLOGY, EXPERIMENTAL"
CLINICAL PSYCHOLOGY-SCIENCE AND PRACTICE,CLIN PSYCHOL-SCI PR,0969-5893,1468-2850,"PSYCHOLOGY, CLINICAL - SSCI",4848,6.333,Q1,1.03,5.48%,"PSYCHOLOGY, CLINICAL"
HUMAN RESOURCE MANAGEMENT,HUM RESOUR MANAGE-US,0090-4848,1099-050X,"PSYCHOLOGY, APPLIED - SSCI",6724,6.235,Q1,1.32,13.14%,"PSYCHOLOGY, APPLIED"
CHILD DEVELOPMENT PERSPECTIVES,CHILD DEV PERSPECT,1750-8592,1750-8606,"PSYCHOLOGY, DEVELOPMENTAL - SSCI",4773,6.16,Q1,1.9,15.83%,"PSYCHOLOGY, DEVELOPMENTAL"
CYBERPSYCHOLOGY BEHAVIOR AND SOCIAL NETWORKING,CYBERPSYCH BEH SOC N,2152-2715,2152-2723,"PSYCHOLOGY, SOCIAL - SSCI",8007,6.135,Q1,1.31,5.50%,"PSYCHOLOGY, SOCIAL"
PSYCHOLOGICAL ASSESSMENT,PSYCHOL ASSESSMENT,1040-3590,1939-134X,"PSYCHOLOGY, CLINICAL - SSCI",18716,6.083,Q1,1.64,0.80%,"PSYCHOLOGY, CLINICAL"
JOURNAL OF THE LEARNING SCIENCES,J LEARN SCI,1050-8406,1532-7809,"PSYCHOLOGY, EDUCATIONAL - SSCI",3249,6.083,Q1,2.32,16.90%,"PSYCHOLOGY, EDUCATIONAL"
JOURNAL OF SCHOOL PSYCHOLOGY,J SCHOOL PSYCHOL,0022-4405,1873-3506,"PSYCHOLOGY, EDUCATIONAL - SSCI",4939,6.033,Q1,1.56,6.90%,"PSYCHOLOGY, EDUCATIONAL"
BEHAVIOR RESEARCH METHODS,BEHAV RES METHODS,1554-351X,1554-3528,"PSYCHOLOGY, EXPERIMENTAL - SSCI; PSYCHOLOGY, MATHEMATICAL - SSCI",30783,5.953,Q1,1.83,39.85%,"PSYCHOLOGY, EXPERIMENTAL"
JOURNAL OF CLINICAL PSYCHIATRY,J CLIN PSYCHIAT,0160-6689,1555-2101,"PSYCHOLOGY, CLINICAL - SSCI",21832,5.906,Q1,1.11,0%,"PSYCHOLOGY, CLINICAL"
INTERNATIONAL JOURNAL OF CLINICAL AND HEALTH PSYCHOLOGY,INT J CLIN HLTH PSYC,1697-2600,1576-7329,"PSYCHOLOGY, CLINICAL - SSCI",2181,5.9,Q1,1.7,100%,"PSYCHOLOGY, CLINICAL"
FEMINISM & PSYCHOLOGY,FEM PSYCHOL,0959-3535,1461-7161,"PSYCHOLOGY, MULTIDISCIPLINARY - SSCI",1674,5.833,Q1,1.94,19.75%,"PSYCHOLOGY, MULTIDISCIPLINARY"
DEVELOPMENTAL COGNITIVE NEUROSCIENCE,DEV COGN NEUROS-NETH,1878-9293,1878-9307,"PSYCHOLOGY, DEVELOPMENTAL - SSCI",6003,5.811,Q1,1.43,99.73%,"PSYCHOLOGY, DEVELOPMENTAL"
INTERNATIONAL JOURNAL OF EATING DISORDERS,INT J EAT DISORDER,0276-3478,1098-108X,"PSYCHOLOGY - SCIE; PSYCHOLOGY, CLINICAL - SSCI",13532,5.791,Q1,1.28,11.71%,PSYCHOLOGY - SCIE
EUROPEAN JOURNAL OF PSYCHOTRAUMATOLOGY,EUR J PSYCHOTRAUMATO,2000-8198,2000-8066,"PSYCHOLOGY, CLINICAL - SSCI",4562,5.783,Q1,1.13,99.55%,"PSYCHOLOGY, CLINICAL"
HUMAN DEVELOPMENT,HUM DEV,0018-716X,1423-0054,"PSYCHOLOGY, DEVELOPMENTAL - SSCI",2131,5.708,Q1,1,11.90%,"PSYCHOLOGY, DEVELOPMENTAL"
CHILD DEVELOPMENT,CHILD DEV,0009-3920,1467-8624,"PSYCHOLOGY, DEVELOPMENTAL - SSCI; PSYCHOLOGY, EDUCATIONAL - SSCI",39464,5.661,Q1,1.87,14.12%,"PSYCHOLOGY, DEVELOPMENTAL"
EUROPEAN REVIEW OF SOCIAL PSYCHOLOGY,EUR REV SOC PSYCHOL,1046-3283,1479-277X,"PSYCHOLOGY, SOCIAL - SSCI",2360,5.652,Q1,1.75,18.42%,"PSYCHOLOGY, SOCIAL"
JOURNAL OF YOUTH AND ADOLESCENCE,J YOUTH ADOLESCENCE,0047-2891,1573-6601,"PSYCHOLOGY, DEVELOPMENTAL - SSCI",14630,5.625,Q1,1.38,22.31%,"PSYCHOLOGY, DEVELOPMENTAL"
ORGANIZATIONAL BEHAVIOR AND HUMAN DECISION PROCESSES,ORGAN BEHAV HUM DEC,0749-5978,1095-9920,"PSYCHOLOGY, APPLIED - SSCI; PSYCHOLOGY, SOCIAL - SSCI",17800,5.606,Q1,1.4,12.39%,"PSYCHOLOGY, APPLIED"
ORGANIZATIONAL PSYCHOLOGY REVIEW,ORGAN PSYCHOL REV,2041-3866,2041-3874,"PSYCHOLOGY, APPLIED - SSCI",968,5.6,Q1,1.04,17.95%,"PSYCHOLOGY, APPLIED"
PSYCHOLOGICAL INQUIRY,PSYCHOL INQ,1047-840X,1532-7965,"PSYCHOLOGY, MULTIDISCIPLINARY - SSCI",7168,5.581,Q1,1.22,19.44%,"PSYCHOLOGY, MULTIDISCIPLINARY"
BODY IMAGE,BODY IMAGE,1740-1445,1873-6807,"PSYCHOLOGY, CLINICAL - SSCI; PSYCHOLOGY, MULTIDISCIPLINARY - SSCI",6788,5.58,Q1,1.64,8.24%,"PSYCHOLOGY, CLINICAL"
EMOTION,EMOTION,1528-3542,1931-1516,"PSYCHOLOGY, EXPERIMENTAL - SSCI",13577,5.564,Q1,1.48,1.05%,"PSYCHOLOGY, EXPERIMENTAL"
HEALTH PSYCHOLOGY,HEALTH PSYCHOL,0278-6133,1930-7810,"PSYCHOLOGY - SCIE; PSYCHOLOGY, CLINICAL - SSCI",16012,5.556,Q1,1.3,0%,PSYCHOLOGY - SCIE
NPJ SCIENCE OF LEARNING,NPJ SCI LEARN,N/A,2056-7936,"PSYCHOLOGY, EXPERIMENTAL - SSCI",536,5.513,Q1,1.44,100%,"PSYCHOLOGY, EXPERIMENTAL"
PSYCHOLOGY & MARKETING,PSYCHOL MARKET,0742-6046,1520-6793,"PSYCHOLOGY, APPLIED - SSCI",10200,5.507,Q1,1.09,12.93%,"PSYCHOLOGY, APPLIED"
APPLIED DEVELOPMENTAL SCIENCE,APPL DEV SCI,1088-8691,1532-480X,"PSYCHOLOGY, DEVELOPMENTAL - SSCI",1984,5.5,Q1,1.18,6.72%,"PSYCHOLOGY, DEVELOPMENTAL"
JOURNAL OF EXPERIMENTAL PSYCHOLOGY-GENERAL,J EXP PSYCHOL GEN,0096-3445,1939-2222,"PSYCHOLOGY, EXPERIMENTAL - SSCI",16088,5.498,Q1,1.64,3.33%,"PSYCHOLOGY, EXPERIMENTAL"
PERSONNEL PSYCHOLOGY,PERS PSYCHOL,0031-5826,1744-6570,"PSYCHOLOGY, APPLIED - SSCI",11560,5.47,Q1,1.6,10.42%,"PSYCHOLOGY, APPLIED"
JOURNAL OF PERSONALITY,J PERS,0022-3506,1467-6494,"PSYCHOLOGY, SOCIAL - SSCI",13058,5.429,Q1,1.56,14.34%,"PSYCHOLOGY, SOCIAL"
JOURNAL OF SOCIAL ISSUES,J SOC ISSUES,0022-4537,1540-4560,"PSYCHOLOGY, SOCIAL - SSCI",10735,5.418,Q1,1.85,6.29%,"PSYCHOLOGY, SOCIAL"
APPLIED PSYCHOLOGY-AN INTERNATIONAL REVIEW-PSYCHOLOGIE APPLIQUEE-REVUE INTERNATIONALE,APPL PSYCHOL-INT REV,0269-994X,1464-0597,"PSYCHOLOGY, APPLIED - SSCI",6117,5.414,Q1,1.55,20.62%,"PSYCHOLOGY, APPLIED"
EUROPEAN EATING DISORDERS REVIEW,EUR EAT DISORD REV,1072-4133,1099-0968,"PSYCHOLOGY, CLINICAL - SSCI",4218,5.36,Q1,1.2,18.96%,"PSYCHOLOGY, CLINICAL"
INTERNET INTERVENTIONS-THE APPLICATION OF INFORMATION TECHNOLOGY IN MENTAL AND BEHAVIOURAL HEALTH,INTERNET INTERV,N/A,2214-7829,"PSYCHOLOGY, CLINICAL - SSCI",2040,5.358,Q1,1.19,100%,"PSYCHOLOGY, CLINICAL"
EUROPEAN CHILD & ADOLESCENT PSYCHIATRY,EUR CHILD ADOLES PSY,1018-8827,1435-165X,"PSYCHOLOGY, DEVELOPMENTAL - SSCI",9448,5.349,Q1,1.32,43.72%,"PSYCHOLOGY, DEVELOPMENTAL"
EVOLUTION AND HUMAN BEHAVIOR,EVOL HUM BEHAV,1090-5138,1879-0607,"PSYCHOLOGY, BIOLOGICAL - SSCI",6142,5.327,Q1,1.53,14.20%,"PSYCHOLOGY, BIOLOGICAL"
BEHAVIOUR RESEARCH AND THERAPY,BEHAV RES THER,0005-7967,1873-622X,"PSYCHOLOGY, CLINICAL - SSCI",24103,5.321,Q1,1.4,11.38%,"PSYCHOLOGY, CLINICAL"
WORK AGING AND RETIREMENT,WORK AGING RETIRE,2054-4642,2054-4650,"PSYCHOLOGY, APPLIED - SSCI",904,5.319,Q2,1.42,20.22%,"PSYCHOLOGY, APPLIED"
DEVELOPMENT AND PSYCHOPATHOLOGY,DEV PSYCHOPATHOL,0954-5794,1469-2198,"PSYCHOLOGY, DEVELOPMENTAL - SSCI",14942,5.317,Q1,1.36,16.15%,"PSYCHOLOGY, DEVELOPMENTAL"
SOCIAL PSYCHOLOGICAL AND PERSONALITY SCIENCE,SOC PSYCHOL PERS SCI,1948-5506,1948-5514,"PSYCHOLOGY, SOCIAL - SSCI",6951,5.316,Q1,1.47,17.38%,"PSYCHOLOGY, SOCIAL"
JOURNAL OF HEALTH AND SOCIAL BEHAVIOR,J HEALTH SOC BEHAV,0022-1465,2150-6000,"PSYCHOLOGY, SOCIAL - SSCI",12917,5.179,Q1,1.65,3.92%,"PSYCHOLOGY, SOCIAL"
JOURNAL OF CONTEXTUAL BEHAVIORAL SCIENCE,J CONTEXT BEHAV SCI,2212-1447,2212-1455,"PSYCHOLOGY, CLINICAL - SSCI",2153,5.138,Q1,1.17,5.62%,"PSYCHOLOGY, CLINICAL"
JOURNAL OF OCCUPATIONAL AND ORGANIZATIONAL PSYCHOLOGY,J OCCUP ORGAN PSYCH,0963-1798,2044-8325,"PSYCHOLOGY, APPLIED - SSCI",6856,5.119,Q2,1.21,24.79%,"PSYCHOLOGY, APPLIED"
PSYCHOLOGY OF SPORT AND EXERCISE,PSYCHOL SPORT EXERC,1469-0292,1878-5476,"PSYCHOLOGY - SCIE; PSYCHOLOGY, APPLIED - SSCI",8959,5.118,Q1,1.32,7.47%,PSYCHOLOGY - SCIE
JOURNAL OF COUNSELING PSYCHOLOGY,J COUNS PSYCHOL,0022-0167,1939-2168,"PSYCHOLOGY, APPLIED - SSCI; PSYCHOLOGY, EDUCATIONAL - SSCI",13343,5.088,Q1,1.64,0%,"PSYCHOLOGY, APPLIED"
JOURNAL OF CLINICAL CHILD AND ADOLESCENT PSYCHOLOGY,J CLIN CHILD ADOLESC,1537-4416,1537-4424,"PSYCHOLOGY, CLINICAL - SSCI; PSYCHOLOGY, DEVELOPMENTAL - SSCI",8215,5.077,Q1,1.51,4.67%,"PSYCHOLOGY, CLINICAL"
WILEY INTERDISCIPLINARY REVIEWS-COGNITIVE SCIENCE,WIRES COGN SCI,1939-5078,1939-5086,"PSYCHOLOGY, EXPERIMENTAL - SSCI",2215,5.071,Q1,0.8,16.09%,"PSYCHOLOGY, EXPERIMENTAL"
ADOLESCENT RESEARCH REVIEW,ADOLESC RES REV,2363-8346,2363-8354,"PSYCHOLOGY, DEVELOPMENTAL - SSCI",611,5.052,Q1,1.01,15.73%,"PSYCHOLOGY, DEVELOPMENTAL"
EUROPEAN PSYCHOLOGIST,EUR PSYCHOL,1016-9040,1878-531X,"PSYCHOLOGY, MULTIDISCIPLINARY - SSCI",2628,5,Q1,1.47,10.71%,"PSYCHOLOGY, MULTIDISCIPLINARY"
BRITISH JOURNAL OF PSYCHOLOGY,BRIT J PSYCHOL,0007-1269,2044-8295,"PSYCHOLOGY, MULTIDISCIPLINARY - SSCI",6286,4.981,Q1,1.39,25.48%,"PSYCHOLOGY, MULTIDISCIPLINARY"
READING RESEARCH QUARTERLY,READ RES QUART,0034-0553,1936-2722,"PSYCHOLOGY, EDUCATIONAL - SSCI",3881,4.957,Q1,2.1,9.39%,"PSYCHOLOGY, EDUCATIONAL"
JOURNALS OF GERONTOLOGY SERIES B-PSYCHOLOGICAL SCIENCES AND SOCIAL SCIENCES,J GERONTOL B-PSYCHOL,1079-5014,1758-5368,"PSYCHOLOGY - SCIE; PSYCHOLOGY, MULTIDISCIPLINARY - SSCI",15389,4.942,Q1,1.61,13.07%,PSYCHOLOGY - SCIE
DEVELOPMENTAL SCIENCE,DEVELOPMENTAL SCI,1363-755X,1467-7687,"PSYCHOLOGY, DEVELOPMENTAL - SSCI; PSYCHOLOGY, EXPERIMENTAL - SSCI",10601,4.939,Q1,1.43,20.59%,"PSYCHOLOGY, DEVELOPMENTAL"
JOURNAL OF EATING DISORDERS,J EAT DISORD,2050-2974,2050-2974,"PSYCHOLOGY, CLINICAL - SSCI",1899,4.916,Q1,0.9,99.62%,"PSYCHOLOGY, CLINICAL"
ARCHIVES OF SEXUAL BEHAVIOR,ARCH SEX BEHAV,0004-0002,1573-2800,"PSYCHOLOGY, CLINICAL - SSCI",11474,4.891,Q1,1.65,16.07%,"PSYCHOLOGY, CLINICAL"
AGGRESSION AND VIOLENT BEHAVIOR,AGGRESS VIOLENT BEH,1359-1789,1873-6335,"PSYCHOLOGY, MULTIDISCIPLINARY - SSCI",7643,4.874,Q1,1.17,4.29%,"PSYCHOLOGY, MULTIDISCIPLINARY"
ANNALS OF BEHAVIORAL MEDICINE,ANN BEHAV MED,0883-6612,1532-4796,"PSYCHOLOGY, MULTIDISCIPLINARY - SSCI",10072,4.871,Q1,1.62,10.33%,"PSYCHOLOGY, MULTIDISCIPLINARY"
EUROPEAN JOURNAL OF WORK AND ORGANIZATIONAL PSYCHOLOGY,EUR J WORK ORGAN PSY,1359-432X,1464-0643,"PSYCHOLOGY, APPLIED - SSCI",5675,4.867,Q2,1,22.94%,"PSYCHOLOGY, APPLIED"
INTERNATIONAL JOURNAL OF HUMAN-COMPUTER STUDIES,INT J HUM-COMPUT ST,1071-5819,1095-9300,"PSYCHOLOGY, MULTIDISCIPLINARY - SSCI",6726,4.866,Q1,1.2,14.50%,"PSYCHOLOGY, MULTIDISCIPLINARY"
CHILD ABUSE & NEGLECT,CHILD ABUSE NEGLECT,0145-2134,1873-7757,"PSYCHOLOGY, SOCIAL - SSCI",20006,4.863,Q1,1.72,10.01%,"PSYCHOLOGY, SOCIAL"
POLITICAL PSYCHOLOGY,POLIT PSYCHOL,0162-895X,1467-9221,"PSYCHOLOGY, SOCIAL - SSCI",7036,4.804,Q1,1.73,19.75%,"PSYCHOLOGY, SOCIAL"
BEHAVIOR THERAPY,BEHAV THER,0005-7894,1878-1888,"PSYCHOLOGY, CLINICAL - SSCI",8007,4.796,Q1,1.25,3.50%,"PSYCHOLOGY, CLINICAL"
JOURNAL OF LOSS & TRAUMA,J LOSS TRAUMA,1532-5024,1532-5032,"PSYCHOLOGY, SOCIAL - SSCI",2106,4.775,Q1,1.06,5.21%,"PSYCHOLOGY, SOCIAL"
BILINGUALISM-LANGUAGE AND COGNITION,BILING-LANG COGN,1366-7289,1469-1841,"PSYCHOLOGY, EXPERIMENTAL - SSCI",4829,4.763,Q1,2.02,22.61%,"PSYCHOLOGY, EXPERIMENTAL"
JOURNAL OF DIVERSITY IN HIGHER EDUCATION,J DIVERS HIGH EDUC,1938-8926,1938-8934,"PSYCHOLOGY, EDUCATIONAL - SSCI; PSYCHOLOGY, SOCIAL - SSCI",1605,4.762,Q1,1.4,0%,"PSYCHOLOGY, EDUCATIONAL"
CORTEX,CORTEX,0010-9452,1973-8102,"PSYCHOLOGY, EXPERIMENTAL - SSCI",15191,4.644,Q1,1.08,19.03%,"PSYCHOLOGY, EXPERIMENTAL"
AUTISM RESEARCH,AUTISM RES,1939-3792,1939-3806,"PSYCHOLOGY, DEVELOPMENTAL - SSCI",6859,4.633,Q1,1.28,15.10%,"PSYCHOLOGY, DEVELOPMENTAL"
PERSONALITY DISORDERS-THEORY RESEARCH AND TREATMENT,PERSONAL DISORD,1949-2715,1949-2723,"PSYCHOLOGY, CLINICAL - SSCI",2631,4.627,Q2,1.29,0.49%,"PSYCHOLOGY, CLINICAL"
PSYCHOLOGY OF SEXUAL ORIENTATION AND GENDER DIVERSITY,PSYCHOL SEX ORIENTAT,2329-0382,2329-0390,"PSYCHOLOGY - SCIE; PSYCHOLOGY, MULTIDISCIPLINARY - SSCI",2292,4.617,Q1,1.24,0%,PSYCHOLOGY - SCIE
REVIEW OF GENERAL PSYCHOLOGY,REV GEN PSYCHOL,1089-2680,1939-1552,"PSYCHOLOGY, MULTIDISCIPLINARY - SSCI",6585,4.615,Q1,1.19,17.35%,"PSYCHOLOGY, MULTIDISCIPLINARY"
JOURNAL OF APPLIED RESEARCH IN MEMORY AND COGNITION,J APPL RES MEM COGN,2211-3681,2211-369X,"PSYCHOLOGY, EXPERIMENTAL - SSCI",1785,4.6,Q1,1.02,2.34%,"PSYCHOLOGY, EXPERIMENTAL"
ADDICTIVE BEHAVIORS,ADDICT BEHAV,0306-4603,1873-6327,"PSYCHOLOGY, CLINICAL - SSCI",19814,4.591,Q2,1.27,5.65%,"PSYCHOLOGY, CLINICAL"
PSYCHOSOCIAL INTERVENTION,PSYCHOSOC INTERV,1132-0559,2173-4712,"PSYCHOLOGY, MULTIDISCIPLINARY - SSCI",889,4.583,Q1,1.47,98.18%,"PSYCHOLOGY, MULTIDISCIPLINARY"
PERSONALITY AND SOCIAL PSYCHOLOGY BULLETIN,PERS SOC PSYCHOL B,0146-1672,1552-7433,"PSYCHOLOGY, SOCIAL - SSCI",23842,4.56,Q2,1.25,12.03%,"PSYCHOLOGY, SOCIAL"
JOURNAL OF CONSUMER PSYCHOLOGY,J CONSUM PSYCHOL,1057-7408,1532-7663,"PSYCHOLOGY, APPLIED - SSCI",8963,4.551,Q2,0.97,7.98%,"PSYCHOLOGY, APPLIED"
COGNITIVE SYSTEMS RESEARCH,COGN SYST RES,2214-4366,1389-0417,"PSYCHOLOGY, EXPERIMENTAL - SSCI",2101,4.541,Q1,1,7.69%,"PSYCHOLOGY, EXPERIMENTAL"
SUICIDE AND LIFE-THREATENING BEHAVIOR,SUICIDE LIFE-THREAT,0363-0234,1943-278X,"PSYCHOLOGY, MULTIDISCIPLINARY - SSCI",6714,4.528,Q1,1.17,6.05%,"PSYCHOLOGY, MULTIDISCIPLINARY"
JOURNAL OF MEMORY AND LANGUAGE,J MEM LANG,0749-596X,1096-0821,"PSYCHOLOGY - SCIE; PSYCHOLOGY, EXPERIMENTAL - SSCI",12491,4.521,Q1,1.76,18.85%,PSYCHOLOGY - SCIE
DEVELOPMENTAL PSYCHOLOGY,DEV PSYCHOL,0012-1649,1939-0599,"PSYCHOLOGY, DEVELOPMENTAL - SSCI",29594,4.497,Q1,1.24,0.51%,"PSYCHOLOGY, DEVELOPMENTAL"
JOURNAL OF SEX RESEARCH,J SEX RES,0022-4499,1559-8519,"PSYCHOLOGY, CLINICAL - SSCI",7692,4.453,Q2,1.79,11.14%,"PSYCHOLOGY, CLINICAL"
TRANSGENDER HEALTH,TRANSGENDER HEALTH,2688-4887,2380-193X,"PSYCHOLOGY, CLINICAL - SSCI",1203,4.427,Q2,0.99,36.22%,"PSYCHOLOGY, CLINICAL"
PSYCHONOMIC BULLETIN & REVIEW,PSYCHON B REV,1069-9384,1531-5320,"PSYCHOLOGY, EXPERIMENTAL - SSCI; PSYCHOLOGY, MATHEMATICAL - SSCI",15865,4.412,Q1,1.13,31.63%,"PSYCHOLOGY, EXPERIMENTAL"
CLINICAL NEUROPSYCHOLOGIST,CLIN NEUROPSYCHOL,1385-4046,1744-4144,"PSYCHOLOGY - SCIE; PSYCHOLOGY, CLINICAL - SSCI",6059,4.373,Q1,1.05,6.03%,PSYCHOLOGY - SCIE
INTERNATIONAL JOURNAL OF STRESS MANAGEMENT,INT J STRESS MANAGE,1072-5245,1573-3424,"PSYCHOLOGY, APPLIED - SSCI",2517,4.368,Q2,1.23,0%,"PSYCHOLOGY, APPLIED"
TRANSPORTATION RESEARCH PART F-TRAFFIC PSYCHOLOGY AND BEHAVIOUR,TRANSPORT RES F-TRAF,1369-8478,1873-5517,"PSYCHOLOGY, APPLIED - SSCI",9876,4.349,Q2,1.09,10.61%,"PSYCHOLOGY, APPLIED"
PSYCHOPHYSIOLOGY,PSYCHOPHYSIOLOGY,0048-5772,1469-8986,"PSYCHOLOGY - SCIE; PSYCHOLOGY, BIOLOGICAL - SSCI; PSYCHOLOGY, EXPERIMENTAL - SSCI",18298,4.348,Q1,1.07,21.04%,PSYCHOLOGY - SCIE
JOURNAL OF AUTISM AND DEVELOPMENTAL DISORDERS,J AUTISM DEV DISORD,0162-3257,1573-3432,"PSYCHOLOGY, DEVELOPMENTAL - SSCI",31891,4.345,Q2,1.21,21.78%,"PSYCHOLOGY, DEVELOPMENTAL"
DEATH STUDIES,DEATH STUD,0748-1187,1091-7683,"PSYCHOLOGY, MULTIDISCIPLINARY - SSCI",4698,4.34,Q1,1.26,8.97%,"PSYCHOLOGY, MULTIDISCIPLINARY"
FAMILY PROCESS,FAM PROCESS,0014-7370,1545-5300,"PSYCHOLOGY, CLINICAL - SSCI",4195,4.319,Q2,1.35,6.02%,"PSYCHOLOGY, CLINICAL"
CANADIAN JOURNAL OF BEHAVIOURAL SCIENCE-REVUE CANADIENNE DES SCIENCES DU COMPORTEMENT,CAN J BEHAV SCI,0008-400X,1879-2669,"PSYCHOLOGY, MULTIDISCIPLINARY - SSCI",2097,4.309,Q1,1.03,0%,"PSYCHOLOGY, MULTIDISCIPLINARY"
PSYCHOLOGY OF WOMEN QUARTERLY,PSYCHOL WOMEN QUART,0361-6843,1471-6402,"PSYCHOLOGY, MULTIDISCIPLINARY - SSCI",5765,4.292,Q1,1.6,9.09%,"PSYCHOLOGY, MULTIDISCIPLINARY"
JOURNAL OF POSITIVE PSYCHOLOGY,J POSIT PSYCHOL,1743-9760,1743-9779,"PSYCHOLOGY, MULTIDISCIPLINARY - SSCI",6032,4.29,Q1,1.19,8.14%,"PSYCHOLOGY, MULTIDISCIPLINARY"
GROUP & ORGANIZATION MANAGEMENT,GROUP ORGAN MANAGE,1059-6011,1552-3993,"PSYCHOLOGY, APPLIED - SSCI",3904,4.29,Q2,1.13,14.29%,"PSYCHOLOGY, APPLIED"
ASSESSMENT,ASSESSMENT,1073-1911,1552-3489,"PSYCHOLOGY, CLINICAL - SSCI",8283,4.282,Q2,1.35,11.40%,"PSYCHOLOGY, CLINICAL"
CURRENT OPINION IN BEHAVIORAL SCIENCES,CURR OPIN BEHAV SCI,2352-1546,2352-1554,"PSYCHOLOGY, EXPERIMENTAL - SSCI",4875,4.261,Q1,0.7,19.35%,"PSYCHOLOGY, EXPERIMENTAL"
SOCIAL COGNITIVE AND AFFECTIVE NEUROSCIENCE,SOC COGN AFFECT NEUR,1749-5016,1749-5024,"PSYCHOLOGY - SCIE; PSYCHOLOGY, EXPERIMENTAL - SSCI",9730,4.235,Q1,1.04,99.45%,PSYCHOLOGY - SCIE
FRONTIERS IN PSYCHOLOGY,FRONT PSYCHOL,1664-1078,1664-1078,"PSYCHOLOGY, MULTIDISCIPLINARY - SSCI",85507,4.232,Q1,1.03,99.49%,"PSYCHOLOGY, MULTIDISCIPLINARY"
PSYCHOLOGY AND AGING,PSYCHOL AGING,0882-7974,1939-1498,"PSYCHOLOGY, DEVELOPMENTAL - SSCI",12803,4.201,Q2,1.08,1.78%,"PSYCHOLOGY, DEVELOPMENTAL"
INTERNATIONAL REVIEW OF SOCIAL PSYCHOLOGY,INT REV SOC PSYCHOL,2397-8570,2397-8570,"PSYCHOLOGY, SOCIAL - SSCI",500,4.2,Q2,0.9,100%,"PSYCHOLOGY, SOCIAL"
SCIENTIFIC STUDIES OF READING,SCI STUD READ,1088-8438,1532-799X,"PSYCHOLOGY, EDUCATIONAL - SSCI",3101,4.2,Q1,1.65,15.38%,"PSYCHOLOGY, EDUCATIONAL"
RESEARCH ON LANGUAGE AND SOCIAL INTERACTION,RES LANG SOC INTERAC,0835-1813,1532-7973,"PSYCHOLOGY, SOCIAL - SSCI",2049,4.158,Q2,1.64,23.73%,"PSYCHOLOGY, SOCIAL"
RESEARCH IN HUMAN DEVELOPMENT,RES HUM DEV,1542-7609,1542-7617,"PSYCHOLOGY, DEVELOPMENTAL - SSCI",1073,4.154,Q2,0.83,4.88%,"PSYCHOLOGY, DEVELOPMENTAL"
MOTIVATION AND EMOTION,MOTIV EMOTION,0146-7239,1573-6644,"PSYCHOLOGY, EXPERIMENTAL - SSCI; PSYCHOLOGY, SOCIAL - SSCI",6270,4.135,Q1,0.86,21.76%,"PSYCHOLOGY, EXPERIMENTAL"
PSYCHOTHERAPY RESEARCH,PSYCHOTHER RES,1050-3307,1468-4381,"PSYCHOLOGY, CLINICAL - SSCI",4360,4.117,Q2,1.16,12.71%,"PSYCHOLOGY, CLINICAL"
CHILD AND ADOLESCENT MENTAL HEALTH,CHILD ADOL MENT H-UK,1475-357X,1475-3588,"PSYCHOLOGY, CLINICAL - SSCI",1723,4.111,Q2,0.7,18.75%,"PSYCHOLOGY, CLINICAL"
PSICOTHEMA,PSICOTHEMA,0214-9915,1886-144X,"PSYCHOLOGY, MULTIDISCIPLINARY - SSCI",4988,4.104,Q1,1.26,0%,"PSYCHOLOGY, MULTIDISCIPLINARY"
JOURNAL OF ABNORMAL CHILD PSYCHOLOGY,J ABNORM CHILD PSYCH,0091-0627,1573-2835,"PSYCHOLOGY, CLINICAL - SSCI; PSYCHOLOGY, DEVELOPMENTAL - SSCI",11879,4.096,Q2,1.15,16.18%,"PSYCHOLOGY, CLINICAL"
JOURNAL OF WORK AND ORGANIZATIONAL PSYCHOLOGY-REVISTA DE PSICOLOGIA DEL TRABAJO Y DE LAS ORGANIZACIONES,J WORK ORGAN PSYCHOL,1576-5962,2174-0534,"PSYCHOLOGY, APPLIED - SSCI",714,4.089,Q2,0.92,98.44%,"PSYCHOLOGY, APPLIED"
JOURNAL OF HAPPINESS STUDIES,J HAPPINESS STUD,1389-4978,1573-7780,"PSYCHOLOGY, MULTIDISCIPLINARY - SSCI",8745,4.087,Q1,1.72,21.17%,"PSYCHOLOGY, MULTIDISCIPLINARY"
INTERNATIONAL JOURNAL OF SPORT AND EXERCISE PSYCHOLOGY,INT J SPORT EXERC PS,1612-197X,1557-251X,"PSYCHOLOGY, APPLIED - SSCI",1851,4.048,Q2,1.1,10.69%,"PSYCHOLOGY, APPLIED"
PSYCHOLOGY OF ADDICTIVE BEHAVIORS,PSYCHOL ADDICT BEHAV,0893-164X,1939-1501,"PSYCHOLOGY, MULTIDISCIPLINARY - SSCI",7153,4.044,Q2,1.14,0.64%,"PSYCHOLOGY, MULTIDISCIPLINARY"
JOURNAL OF MANAGERIAL PSYCHOLOGY,J MANAGE PSYCHOL,0268-3946,1758-7778,"PSYCHOLOGY, APPLIED - SSCI",5224,4.043,Q2,0.93,2.88%,"PSYCHOLOGY, APPLIED"
CULTURAL DIVERSITY & ETHNIC MINORITY PSYCHOLOGY,CULT DIVERS ETHN MIN,1099-9809,1939-0106,"PSYCHOLOGY, SOCIAL - SSCI",4682,4.035,Q2,1.46,0%,"PSYCHOLOGY, SOCIAL"
JOURNAL OF NONVERBAL BEHAVIOR,J NONVERBAL BEHAV,0191-5886,1573-3653,"PSYCHOLOGY, SOCIAL - SSCI",2174,4.019,Q2,0.89,32.10%,"PSYCHOLOGY, SOCIAL"
AMERICAN JOURNAL OF COMMUNITY PSYCHOLOGY,AM J COMMUN PSYCHOL,0091-0562,1573-2770,"PSYCHOLOGY, MULTIDISCIPLINARY - SSCI",8773,4.019,Q2,1.2,5.65%,"PSYCHOLOGY, MULTIDISCIPLINARY"
JOURNAL OF PSYCHOLOGY,J PSYCHOL,0022-3980,1940-1019,"PSYCHOLOGY, MULTIDISCIPLINARY - SSCI",5437,4.013,Q2,0.84,6.56%,"PSYCHOLOGY, MULTIDISCIPLINARY"
COGNITION,COGNITION,0010-0277,1873-7838,"PSYCHOLOGY, EXPERIMENTAL - SSCI",23585,4.011,Q1,1.19,15.67%,"PSYCHOLOGY, EXPERIMENTAL"
BRITISH JOURNAL OF CLINICAL PSYCHOLOGY,BRIT J CLIN PSYCHOL,0144-6657,2044-8260,"PSYCHOLOGY, CLINICAL - SSCI",5113,3.984,Q2,1.1,26.56%,"PSYCHOLOGY, CLINICAL"
PSYCHOLOGY RESEARCH AND BEHAVIOR MANAGEMENT,PSYCHOL RES BEHAV MA,1179-1578,1179-1578,"PSYCHOLOGY, CLINICAL - SSCI; PSYCHOLOGY, MULTIDISCIPLINARY - SSCI",2078,3.974,Q2,0.9,96.03%,"PSYCHOLOGY, CLINICAL"
PSYCHOLOGY AND PSYCHOTHERAPY-THEORY RESEARCH AND PRACTICE,PSYCHOL PSYCHOTHER-T,1476-0835,2044-8341,"PSYCHOLOGY - SCIE; PSYCHOLOGY, CLINICAL - SSCI",2127,3.966,Q2,0.97,30.81%,PSYCHOLOGY - SCIE
PSYCHO-ONCOLOGY,PSYCHO-ONCOLOGY,1057-9249,1099-1611,"PSYCHOLOGY - SCIE; PSYCHOLOGY, MULTIDISCIPLINARY - SSCI",15773,3.955,Q2,0.89,14.65%,PSYCHOLOGY - SCIE
JOURNAL OF TRAUMATIC STRESS,J TRAUMA STRESS,0894-9867,1573-6598,"PSYCHOLOGY, CLINICAL - SSCI",11328,3.952,Q2,0.9,7.82%,"PSYCHOLOGY, CLINICAL"
PERSONALITY AND INDIVIDUAL DIFFERENCES,PERS INDIV DIFFER,0191-8869,1873-3549,"PSYCHOLOGY, SOCIAL - SSCI",42805,3.95,Q2,1.09,7.04%,"PSYCHOLOGY, SOCIAL"
APPLIED ERGONOMICS,APPL ERGON,0003-6870,1872-9126,"PSYCHOLOGY, APPLIED - SSCI",11555,3.94,Q2,1.04,9.16%,"PSYCHOLOGY, APPLIED"
EUROPEAN JOURNAL OF SOCIAL PSYCHOLOGY,EUR J SOC PSYCHOL,0046-2772,1099-0992,"PSYCHOLOGY, SOCIAL - SSCI",9586,3.93,Q2,1.1,20.54%,"PSYCHOLOGY, SOCIAL"
COGNITIVE BEHAVIOUR THERAPY,COGN BEHAV THERAPY,1650-6073,1651-2316,"PSYCHOLOGY, CLINICAL - SSCI",2585,3.928,Q2,1.22,9.57%,"PSYCHOLOGY, CLINICAL"
JOURNAL OF SUBSTANCE ABUSE TREATMENT,J SUBST ABUSE TREAT,0740-5472,1873-6483,"PSYCHOLOGY, CLINICAL - SSCI",8277,3.917,Q2,1.08,6.60%,"PSYCHOLOGY, CLINICAL"
MEDIA PSYCHOLOGY,MEDIA PSYCHOL,1521-3269,1532-785X,"PSYCHOLOGY, APPLIED - SSCI",3130,3.912,Q2,3.49,19.05%,"PSYCHOLOGY, APPLIED"
AMERICAN JOURNAL OF DRUG AND ALCOHOL ABUSE,AM J DRUG ALCOHOL AB,0095-2990,1097-9891,"PSYCHOLOGY, CLINICAL - SSCI",3878,3.912,Q2,0.81,5.02%,"PSYCHOLOGY, CLINICAL"
LEARNING AND INDIVIDUAL DIFFERENCES,LEARN INDIVID DIFFER,1041-6080,1873-3425,"PSYCHOLOGY, EDUCATIONAL - SSCI",7545,3.897,Q1,1.21,14.55%,"PSYCHOLOGY, EDUCATIONAL"
HUMAN RESOURCE DEVELOPMENT QUARTERLY,HUM RESOUR DEV Q,1044-8004,1532-1096,"PSYCHOLOGY, APPLIED - SSCI",2031,3.891,Q2,1.08,15.38%,"PSYCHOLOGY, APPLIED"
JOURNAL OF RESEARCH IN PERSONALITY,J RES PERS,0092-6566,1095-7251,"PSYCHOLOGY, SOCIAL - SSCI",12173,3.886,Q2,1.01,8.52%,"PSYCHOLOGY, SOCIAL"
COUNSELING PSYCHOLOGIST,COUNS PSYCHOL,0011-0000,1552-3861,"PSYCHOLOGY, APPLIED - SSCI",4673,3.88,Q2,0.98,1.64%,"PSYCHOLOGY, APPLIED"
LAW AND HUMAN BEHAVIOR,LAW HUMAN BEHAV,0147-7307,1573-661X,"PSYCHOLOGY, SOCIAL - SSCI",4127,3.87,Q2,2.44,0%,"PSYCHOLOGY, SOCIAL"
PSYCHOSOMATIC MEDICINE,PSYCHOSOM MED,0033-3174,1534-7796,"PSYCHOLOGY - SCIE; PSYCHOLOGY, MULTIDISCIPLINARY - SSCI",14621,3.864,Q2,0.99,7.17%,PSYCHOLOGY - SCIE
EARLY CHILDHOOD RESEARCH QUARTERLY,EARLY CHILD RES Q,0885-2006,1873-7706,"PSYCHOLOGY, DEVELOPMENTAL - SSCI",6917,3.815,Q2,1.81,6.33%,"PSYCHOLOGY, DEVELOPMENTAL"
ANXIETY STRESS AND COPING,ANXIETY STRESS COPIN,1061-5806,1477-2205,"PSYCHOLOGY, MULTIDISCIPLINARY - SSCI",3798,3.813,Q2,0.88,12.38%,"PSYCHOLOGY, MULTIDISCIPLINARY"
SEX ROLES,SEX ROLES,0360-0025,1573-2762,"PSYCHOLOGY, DEVELOPMENTAL - SSCI; PSYCHOLOGY, SOCIAL - SSCI",12443,3.812,Q2,1.46,10.94%,"PSYCHOLOGY, DEVELOPMENTAL"
MINDFULNESS,MINDFULNESS,1868-8527,1868-8535,"PSYCHOLOGY, CLINICAL - SSCI",7297,3.801,Q2,0.98,22.33%,"PSYCHOLOGY, CLINICAL"
SOCIAL AND PERSONALITY PSYCHOLOGY COMPASS,SOC PERSONAL PSYCHOL,N/A,1751-9004,"PSYCHOLOGY, SOCIAL - SSCI",6333,3.798,Q2,0.93,20.12%,"PSYCHOLOGY, SOCIAL"
JOURNAL OF HEALTH PSYCHOLOGY,J HEALTH PSYCHOL,1359-1053,1461-7277,"PSYCHOLOGY, CLINICAL - SSCI",8948,3.789,Q2,0.95,8.82%,"PSYCHOLOGY, CLINICAL"
REVISTA DE PSICODIDACTICA,REV PSICODIDACT,1136-1034,2254-4372,"PSYCHOLOGY, EDUCATIONAL - SSCI",693,3.775,Q1,1.8,0%,"PSYCHOLOGY, EDUCATIONAL"
COGNITIVE NEUROPSYCHOLOGY,COGN NEUROPSYCHOL,0264-3294,1464-0627,"PSYCHOLOGY - SCIE; PSYCHOLOGY, EXPERIMENTAL - SSCI",2369,3.75,Q2,0.72,7.14%,PSYCHOLOGY - SCIE
REVIEW JOURNAL OF AUTISM AND DEVELOPMENTAL DISORDERS,REV J AUTISM DEV DIS,2195-7177,2195-7185,"PSYCHOLOGY, DEVELOPMENTAL - SSCI",938,3.747,Q2,0.48,20.98%,"PSYCHOLOGY, DEVELOPMENTAL"
PSYCHOLOGY OF VIOLENCE,PSYCHOL VIOLENCE,2152-0828,2152-081X,"PSYCHOLOGY, CLINICAL - SSCI",2745,3.746,Q2,1.57,0%,"PSYCHOLOGY, CLINICAL"
COGNITIVE PSYCHOLOGY,COGNITIVE PSYCHOL,0010-0285,1095-5623,"PSYCHOLOGY - SCIE; PSYCHOLOGY, EXPERIMENTAL - SSCI",9676,3.746,Q2,1.11,16.48%,PSYCHOLOGY - SCIE
BRITISH JOURNAL OF EDUCATIONAL PSYCHOLOGY,BRIT J EDUC PSYCHOL,0007-0998,2044-8279,"PSYCHOLOGY, EDUCATIONAL - SSCI",5133,3.744,Q1,1.23,27.78%,"PSYCHOLOGY, EDUCATIONAL"
PHYSIOLOGY & BEHAVIOR,PHYSIOL BEHAV,0031-9384,1873-507X,"PSYCHOLOGY, BIOLOGICAL - SSCI",27162,3.742,Q2,1.02,10.80%,"PSYCHOLOGY, BIOLOGICAL"
JOURNAL OF PERSONALITY ASSESSMENT,J PERS ASSESS,0022-3891,1532-7752,"PSYCHOLOGY, CLINICAL - SSCI; PSYCHOLOGY, SOCIAL - SSCI",12567,3.72,Q2,1.11,8.43%,"PSYCHOLOGY, CLINICAL"
REHABILITATION PSYCHOLOGY,REHABIL PSYCHOL,0090-5550,1939-1544,"PSYCHOLOGY, CLINICAL - SSCI",2932,3.713,Q2,1.12,0%,"PSYCHOLOGY, CLINICAL"
GROUP DYNAMICS-THEORY RESEARCH AND PRACTICE,GROUP DYN-THEOR RES,1089-2699,1930-7802,"PSYCHOLOGY, SOCIAL - SSCI",1452,3.71,Q2,0.68,0%,"PSYCHOLOGY, SOCIAL"
CYBERPSYCHOLOGY-JOURNAL OF PSYCHOSOCIAL RESEARCH ON CYBERSPACE,CYBERPSYCHOLOGY,1802-7962,1802-7962,"PSYCHOLOGY, MULTIDISCIPLINARY - SSCI",856,3.708,Q2,1.14,100%,"PSYCHOLOGY, MULTIDISCIPLINARY"
JOURNAL OF MENTAL HEALTH,J MENT HEALTH,0963-8237,1360-0567,"PSYCHOLOGY, CLINICAL - SSCI",4090,3.681,Q2,0.92,12.26%,"PSYCHOLOGY, CLINICAL"
JOURNAL OF ADOLESCENCE,J ADOLESCENCE,0140-1971,1095-9254,"PSYCHOLOGY, DEVELOPMENTAL - SSCI",10366,3.675,Q2,0.97,5.40%,"PSYCHOLOGY, DEVELOPMENTAL"
PSYCHOLOGY OF RELIGION AND SPIRITUALITY,PSYCHOL RELIG SPIRIT,1941-1022,1943-1562,"PSYCHOLOGY, MULTIDISCIPLINARY - SSCI",1887,3.673,Q2,4,0%,"PSYCHOLOGY, MULTIDISCIPLINARY"
EATING DISORDERS,EAT DISORD,1064-0266,1532-530X,"PSYCHOLOGY - SCIE; PSYCHOLOGY, CLINICAL - SSCI",1916,3.663,Q2,0.92,4.08%,PSYCHOLOGY - SCIE
COGNITIVE RESEARCH-PRINCIPLES AND IMPLICATIONS,COGN RES,2365-7464,2365-7464,"PSYCHOLOGY, EXPERIMENTAL - SSCI",1025,3.657,Q2,0.9,100%,"PSYCHOLOGY, EXPERIMENTAL"
JOURNAL OF TRAUMA & DISSOCIATION,J TRAUMA DISSOCIATIO,1529-9732,1529-9740,"PSYCHOLOGY, CLINICAL - SSCI",1631,3.649,Q2,0.79,8%,"PSYCHOLOGY, CLINICAL"
JOURNAL OF PEDIATRIC PSYCHOLOGY,J PEDIATR PSYCHOL,0146-8693,1465-735X,"PSYCHOLOGY, DEVELOPMENTAL - SSCI",8676,3.624,Q2,0.92,3.78%,"PSYCHOLOGY, DEVELOPMENTAL"
INTELLIGENCE,INTELLIGENCE,0160-2896,1873-7935,"PSYCHOLOGY, MULTIDISCIPLINARY - SSCI",5469,3.613,Q2,0.99,14.02%,"PSYCHOLOGY, MULTIDISCIPLINARY"
HUMAN FACTORS,HUM FACTORS,0018-7208,1547-8181,"PSYCHOLOGY - SCIE; PSYCHOLOGY, APPLIED - SSCI",8908,3.598,Q2,0.89,20.14%,PSYCHOLOGY - SCIE
CRISIS-THE JOURNAL OF CRISIS INTERVENTION AND SUICIDE PREVENTION,CRISIS,0227-5910,2151-2396,"PSYCHOLOGY, MULTIDISCIPLINARY - SSCI",2756,3.591,Q2,0.81,2.90%,"PSYCHOLOGY, MULTIDISCIPLINARY"
JOURNAL OF RESEARCH ON ADOLESCENCE,J RES ADOLESCENCE,1050-8392,1532-7795,"PSYCHOLOGY, DEVELOPMENTAL - SSCI",5157,3.563,Q2,1.27,7.12%,"PSYCHOLOGY, DEVELOPMENTAL"
JOURNAL OF EXPERIMENTAL SOCIAL PSYCHOLOGY,J EXP SOC PSYCHOL,0022-1031,1096-0465,"PSYCHOLOGY, SOCIAL - SSCI",17335,3.532,Q2,1.12,8.16%,"PSYCHOLOGY, SOCIAL"
ADVANCES IN CHILD DEVELOPMENT AND BEHAVIOR,ADV CHILD DEV BEHAV,0065-2407,N/A,"PSYCHOLOGY, DEVELOPMENTAL - SSCI",1300,3.531,Q2,0.95,0%,"PSYCHOLOGY, DEVELOPMENTAL"
JOURNAL OF CAREER ASSESSMENT,J CAREER ASSESSMENT,1069-0727,1552-4590,"PSYCHOLOGY, APPLIED - SSCI",2890,3.5,Q2,1.02,12.59%,"PSYCHOLOGY, APPLIED"
EXPERIMENTAL AND CLINICAL PSYCHOPHARMACOLOGY,EXP CLIN PSYCHOPHARM,1064-1297,1936-2293,"PSYCHOLOGY, BIOLOGICAL - SSCI; PSYCHOLOGY, CLINICAL - SSCI",3492,3.492,Q2,0.86,0%,"PSYCHOLOGY, BIOLOGICAL"
FRONTIERS IN HUMAN NEUROSCIENCE,FRONT HUM NEUROSCI,1662-5161,1662-5161,PSYCHOLOGY - SCIE,28005,3.473,Q2,0.76,99.72%,PSYCHOLOGY - SCIE
JOURNAL OF BEHAVIORAL MEDICINE,J BEHAV MED,0160-7715,1573-3521,"PSYCHOLOGY, CLINICAL - SSCI",7224,3.47,Q2,0.86,7.27%,"PSYCHOLOGY, CLINICAL"
STRESS AND HEALTH,STRESS HEALTH,1532-3005,1532-2998,"PSYCHOLOGY - SCIE; PSYCHOLOGY, APPLIED - SSCI",3711,3.454,Q2,0.88,6.92%,PSYCHOLOGY - SCIE
ARCHIVES OF CLINICAL NEUROPSYCHOLOGY,ARCH CLIN NEUROPSYCH,0887-6177,1873-5843,"PSYCHOLOGY - SCIE; PSYCHOLOGY, CLINICAL - SSCI",7047,3.448,Q2,0.96,12.50%,PSYCHOLOGY - SCIE
SOCIAL PSYCHOLOGY,SOC PSYCHOL-GERMANY,1864-9335,2151-2590,"PSYCHOLOGY, SOCIAL - SSCI",1769,3.444,Q2,0.9,9.28%,"PSYCHOLOGY, SOCIAL"
NEUROPSYCHOLOGY,NEUROPSYCHOLOGY,0894-4105,1931-1559,"PSYCHOLOGY - SCIE; PSYCHOLOGY, CLINICAL - SSCI",7043,3.424,Q2,0.88,1.16%,PSYCHOLOGY - SCIE
JOURNAL OF COGNITIVE NEUROSCIENCE,J COGNITIVE NEUROSCI,0898-929X,1530-8898,"PSYCHOLOGY, EXPERIMENTAL - SSCI",18253,3.42,Q2,0.89,5.62%,"PSYCHOLOGY, EXPERIMENTAL"
JOURNAL OF GAMBLING STUDIES,J GAMBL STUD,1050-5350,1573-3602,"PSYCHOLOGY, MULTIDISCIPLINARY - SSCI",3988,3.396,Q2,0.96,22.70%,"PSYCHOLOGY, MULTIDISCIPLINARY"
JOURNAL OF APPLIED SPORT PSYCHOLOGY,J APPL SPORT PSYCHOL,1041-3200,1533-1571,"PSYCHOLOGY - SCIE; PSYCHOLOGY, APPLIED - SSCI",3017,3.365,Q2,0.93,3.95%,PSYCHOLOGY - SCIE
PSYCHOLOGY & HEALTH,PSYCHOL HEALTH,0887-0446,1476-8321,"PSYCHOLOGY, MULTIDISCIPLINARY - SSCI",7854,3.358,Q2,0.91,15.22%,"PSYCHOLOGY, MULTIDISCIPLINARY"
COGNITION AND INSTRUCTION,COGNITION INSTRUCT,0737-0008,1532-690X,"PSYCHOLOGY, EDUCATIONAL - SSCI; PSYCHOLOGY, EXPERIMENTAL - SSCI",2454,3.356,Q2,0.92,4.76%,"PSYCHOLOGY, EDUCATIONAL"
JOURNAL OF STUDIES ON ALCOHOL AND DRUGS,J STUD ALCOHOL DRUGS,1937-1888,1938-4114,PSYCHOLOGY - SCIE,8168,3.346,Q2,0.87,0.75%,PSYCHOLOGY - SCIE
SCHOOL MENTAL HEALTH,SCH MENT HEALTH,1866-2625,1866-2633,"PSYCHOLOGY, DEVELOPMENTAL - SSCI; PSYCHOLOGY, EDUCATIONAL - SSCI",1505,3.325,Q2,0.82,12.20%,"PSYCHOLOGY, DEVELOPMENTAL"
PSYCHOLOGY PUBLIC POLICY AND LAW,PSYCHOL PUBLIC POL L,1076-8971,1939-1528,"PSYCHOLOGY, MULTIDISCIPLINARY - SSCI",2061,3.317,Q2,1.89,0%,"PSYCHOLOGY, MULTIDISCIPLINARY"
PERSONALITY AND MENTAL HEALTH,PERSONAL MENT HEALTH,1932-8621,1932-863X,"PSYCHOLOGY, SOCIAL - SSCI",825,3.304,Q3,0.74,14.12%,"PSYCHOLOGY, SOCIAL"
JOURNAL OF FAMILY PSYCHOLOGY,J FAM PSYCHOL,0893-3200,1939-1293,"PSYCHOLOGY, CLINICAL - SSCI",9626,3.302,Q2,1.07,1.02%,"PSYCHOLOGY, CLINICAL"
RESEARCH IN AUTISM SPECTRUM DISORDERS,RES AUTISM SPECT DIS,1750-9467,1878-0237,"PSYCHOLOGY, DEVELOPMENTAL - SSCI",5961,3.293,Q2,1.08,8.65%,"PSYCHOLOGY, DEVELOPMENTAL"
JOURNAL OF PSYCHOACTIVE DRUGS,J PSYCHOACTIVE DRUGS,0279-1072,2159-9777,"PSYCHOLOGY, CLINICAL - SSCI",2880,3.289,Q2,0.8,5.80%,"PSYCHOLOGY, CLINICAL"
JOURNAL OF APPLIED DEVELOPMENTAL PSYCHOLOGY,J APPL DEV PSYCHOL,0193-3973,1873-7900,"PSYCHOLOGY, DEVELOPMENTAL - SSCI",4651,3.28,Q2,0.92,7.17%,"PSYCHOLOGY, DEVELOPMENTAL"
COGNITIVE AND BEHAVIORAL PRACTICE,COGN BEHAV PRACT,1077-7229,1878-187X,"PSYCHOLOGY, CLINICAL - SSCI",2444,3.274,Q2,0.88,0%,"PSYCHOLOGY, CLINICAL"
TOPICS IN COGNITIVE SCIENCE,TOP COGN SCI,1756-8757,1756-8765,"PSYCHOLOGY, EXPERIMENTAL - SSCI",2372,3.265,Q2,1.06,23.96%,"PSYCHOLOGY, EXPERIMENTAL"
MOTIVATION SCIENCE,MOTIV SCI,2333-8113,2333-8121,"PSYCHOLOGY, MULTIDISCIPLINARY - SSCI",636,3.243,Q2,1.04,0%,"PSYCHOLOGY, MULTIDISCIPLINARY"
JOURNAL OF CREATIVE BEHAVIOR,J CREATIVE BEHAV,0022-0175,2162-6057,"PSYCHOLOGY, EDUCATIONAL - SSCI",2213,3.233,Q2,1.18,10.68%,"PSYCHOLOGY, EDUCATIONAL"
JOURNAL OF PSYCHOSOMATIC OBSTETRICS & GYNECOLOGY,J PSYCHOSOM OBST GYN,0167-482X,1743-8942,"PSYCHOLOGY, CLINICAL - SSCI",2162,3.228,Q2,0.88,7.19%,"PSYCHOLOGY, CLINICAL"
PERSONNEL REVIEW,PERS REV,0048-3486,1758-6933,"PSYCHOLOGY, APPLIED - SSCI",4518,3.228,Q2,0.99,0.95%,"PSYCHOLOGY, APPLIED"
PERSPECTIVES ON BEHAVIOR SCIENCE,PERSPECT BEHAV SCI,2520-8969,2520-8977,"PSYCHOLOGY, CLINICAL - SSCI",380,3.226,Q3,0.82,5.60%,"PSYCHOLOGY, CLINICAL"
PSYCHOTHERAPY,PSYCHOTHERAPY,0033-3204,1939-1536,"PSYCHOLOGY, CLINICAL - SSCI",4813,3.218,Q3,1.53,0%,"PSYCHOLOGY, CLINICAL"
JOURNAL OF REPRODUCTIVE AND INFANT PSYCHOLOGY,J REPROD INFANT PSYC,0264-6838,1469-672X,"PSYCHOLOGY, MULTIDISCIPLINARY - SSCI",1962,3.207,Q2,0.72,5.79%,"PSYCHOLOGY, MULTIDISCIPLINARY"
CLINICAL PSYCHOLOGY & PSYCHOTHERAPY,CLIN PSYCHOL PSYCHOT,1063-3995,1099-0879,"PSYCHOLOGY, CLINICAL - SSCI",4930,3.198,Q3,0.8,22.67%,"PSYCHOLOGY, CLINICAL"
JOURNAL OF ATTENTION DISORDERS,J ATTEN DISORD,1087-0547,1557-1246,"PSYCHOLOGY, DEVELOPMENTAL - SSCI",5428,3.196,Q2,1.06,9.94%,"PSYCHOLOGY, DEVELOPMENTAL"
JOURNAL OF INTELLIGENCE,J INTELL-BASEL,N/A,2079-3200,"PSYCHOLOGY, MULTIDISCIPLINARY - SSCI",713,3.176,Q2,0.72,95.37%,"PSYCHOLOGY, MULTIDISCIPLINARY"
BEHAVIORAL DISORDERS,BEHAV DISORDERS,0198-7429,2163-5307,"PSYCHOLOGY, CLINICAL - SSCI; PSYCHOLOGY, EDUCATIONAL - SSCI",1101,3.164,Q2,0.94,2.74%,"PSYCHOLOGY, CLINICAL"
JOURNAL OF EXPERIMENTAL PSYCHOLOGY-LEARNING MEMORY AND COGNITION,J EXP PSYCHOL LEARN,0278-7393,1939-1285,"PSYCHOLOGY - SCIE; PSYCHOLOGY, EXPERIMENTAL - SSCI",14979,3.14,Q2,1.04,1.96%,PSYCHOLOGY - SCIE
INTERNATIONAL JOURNAL OF TRANSGENDER HEALTH,INT J TRANSGEND HEAL,2689-5269,2689-5277,"PSYCHOLOGY, CLINICAL - SSCI",247,3.138,Q3,0.85,18.52%,"PSYCHOLOGY, CLINICAL"
EDUCATIONAL PSYCHOLOGY,EDUC PSYCHOL-UK,0144-3410,1469-5820,"PSYCHOLOGY, EDUCATIONAL - SSCI",3685,3.117,Q2,1.82,11.01%,"PSYCHOLOGY, EDUCATIONAL"
JOURNAL OF THE INTERNATIONAL NEUROPSYCHOLOGICAL SOCIETY,J INT NEUROPSYCH SOC,1355-6177,1469-7661,PSYCHOLOGY - SCIE,9279,3.114,Q2,0.81,11.73%,PSYCHOLOGY - SCIE
BIOLOGICAL PSYCHOLOGY,BIOL PSYCHOL,0301-0511,1873-6246,"PSYCHOLOGY - SCIE; PSYCHOLOGY, BIOLOGICAL - SSCI; PSYCHOLOGY, EXPERIMENTAL - SSCI",12365,3.111,Q2,0.98,12.29%,PSYCHOLOGY - SCIE
NEUROBIOLOGY OF LEARNING AND MEMORY,NEUROBIOL LEARN MEM,1074-7427,1095-9564,"PSYCHOLOGY - SCIE; PSYCHOLOGY, MULTIDISCIPLINARY - SSCI",8286,3.109,Q2,0.88,12.74%,PSYCHOLOGY - SCIE
PSYCHOSOMATICS,PSYCHOSOMATICS,0033-3182,1545-7206,PSYCHOLOGY - SCIE,5251,3.099,Q2,0.61,1.57%,PSYCHOLOGY - SCIE
JOURNAL OF SEX & MARITAL THERAPY,J SEX MARITAL THER,0092-623X,1521-0715,"PSYCHOLOGY, CLINICAL - SSCI",3572,3.099,Q3,1,8.10%,"PSYCHOLOGY, CLINICAL"
COLLABRA-PSYCHOLOGY,COLLABRA-PSYCHOL,2474-7394,2474-7394,"PSYCHOLOGY, MULTIDISCIPLINARY - SSCI",716,3.098,Q2,0.93,98.41%,"PSYCHOLOGY, MULTIDISCIPLINARY"
PSYCHOLOGICAL SERVICES,PSYCHOL SERV,1541-1559,1939-148X,"PSYCHOLOGY, CLINICAL - SSCI",2245,3.097,Q3,0.91,0%,"PSYCHOLOGY, CLINICAL"
COGNITIVE THERAPY AND RESEARCH,COGNITIVE THER RES,0147-5916,1573-2819,"PSYCHOLOGY, CLINICAL - SSCI",7314,3.091,Q3,0.77,20.25%,"PSYCHOLOGY, CLINICAL"
EDUCATIONAL AND PSYCHOLOGICAL MEASUREMENT,EDUC PSYCHOL MEAS,0013-1644,1552-3888,"PSYCHOLOGY, EDUCATIONAL - SSCI; PSYCHOLOGY, MATHEMATICAL - SSCI",12579,3.088,Q1,0.94,9.33%,"PSYCHOLOGY, EDUCATIONAL"
MULTIVARIATE BEHAVIORAL RESEARCH,MULTIVAR BEHAV RES,0027-3171,1532-7906,"PSYCHOLOGY, EXPERIMENTAL - SSCI",10618,3.085,Q2,1.32,11.95%,"PSYCHOLOGY, EXPERIMENTAL"
JOURNAL OF EXPERIMENTAL PSYCHOLOGY-HUMAN PERCEPTION AND PERFORMANCE,J EXP PSYCHOL HUMAN,0096-1523,1939-1277,"PSYCHOLOGY - SCIE; PSYCHOLOGY, EXPERIMENTAL - SSCI",13109,3.077,Q2,0.96,2.49%,PSYCHOLOGY - SCIE
JOURNAL OF DEVELOPMENTAL AND BEHAVIORAL PEDIATRICS,J DEV BEHAV PEDIATR,0196-206X,1536-7312,"PSYCHOLOGY, DEVELOPMENTAL - SSCI",5389,3.061,Q2,0.84,1.92%,"PSYCHOLOGY, DEVELOPMENTAL"
NEUROPSYCHOLOGIA,NEUROPSYCHOLOGIA,0028-3932,1873-3514,"PSYCHOLOGY, EXPERIMENTAL - SSCI",28867,3.054,Q2,0.95,15.90%,"PSYCHOLOGY, EXPERIMENTAL"
AGGRESSIVE BEHAVIOR,AGGRESSIVE BEHAV,0096-140X,1098-2337,"PSYCHOLOGY, MULTIDISCIPLINARY - SSCI",4749,3.047,Q2,0.91,16.67%,"PSYCHOLOGY, MULTIDISCIPLINARY"
ATTACHMENT & HUMAN DEVELOPMENT,ATTACH HUM DEV,1461-6734,1469-2988,"PSYCHOLOGY, DEVELOPMENTAL - SSCI",3036,3.024,Q2,0.91,16.86%,"PSYCHOLOGY, DEVELOPMENTAL"
INTERNATIONAL JOURNAL OF BEHAVIORAL DEVELOPMENT,INT J BEHAV DEV,0165-0254,1464-0651,"PSYCHOLOGY, DEVELOPMENTAL - SSCI",5420,3.021,Q2,0.76,11.58%,"PSYCHOLOGY, DEVELOPMENTAL"
APPLIED PSYCHOPHYSIOLOGY AND BIOFEEDBACK,APPL PSYCHOPHYS BIOF,1090-0586,1573-3270,"PSYCHOLOGY, CLINICAL - SSCI",1828,3,Q3,0.68,28.30%,"PSYCHOLOGY, CLINICAL"
JOURNAL OF ECONOMIC PSYCHOLOGY,J ECON PSYCHOL,0167-4870,1872-7719,"PSYCHOLOGY, MULTIDISCIPLINARY - SSCI",6666,3,Q2,0.92,9.72%,"PSYCHOLOGY, MULTIDISCIPLINARY"
JOURNAL OF ADOLESCENT RESEARCH,J ADOLESCENT RES,0743-5584,1552-6895,"PSYCHOLOGY, DEVELOPMENTAL - SSCI",2489,3,Q2,0.78,12.41%,"PSYCHOLOGY, DEVELOPMENTAL"
JOURNAL OF CLINICAL PSYCHOLOGY,J CLIN PSYCHOL,0021-9762,1097-4679,"PSYCHOLOGY, CLINICAL - SSCI",12888,2.995,Q3,0.78,8.59%,"PSYCHOLOGY, CLINICAL"
HUMAN PERFORMANCE,HUM PERFORM,0895-9285,1532-7043,"PSYCHOLOGY, APPLIED - SSCI",2283,2.972,Q3,0.73,5.45%,"PSYCHOLOGY, APPLIED"
CLINICA Y SALUD,CLIN SALUD,1130-5274,2174-0550,"PSYCHOLOGY, CLINICAL - SSCI",442,2.972,Q3,0.32,100%,"PSYCHOLOGY, CLINICAL"
JOURNAL OF COMMUNITY & APPLIED SOCIAL PSYCHOLOGY,J COMMUNITY APPL SOC,1052-9284,1099-1298,"PSYCHOLOGY, SOCIAL - SSCI",2266,2.968,Q3,0.75,17.93%,"PSYCHOLOGY, SOCIAL"
BEHAVIOR GENETICS,BEHAV GENET,0001-8244,1573-3297,"PSYCHOLOGY, MULTIDISCIPLINARY - SSCI",3507,2.965,Q2,0.88,27.61%,"PSYCHOLOGY, MULTIDISCIPLINARY"
JOURNAL OF LATINX PSYCHOLOGY,J LATINX PSYCHOL,2578-8086,2578-8094,"PSYCHOLOGY, CLINICAL - SSCI; PSYCHOLOGY, DEVELOPMENTAL - SSCI; PSYCHOLOGY, MULTIDISCIPLINARY - SSCI; PSYCHOLOGY, SOCIAL - SSCI",156,2.952,Q2,0.76,0%,"PSYCHOLOGY, CLINICAL"
SCHOOL PSYCHOLOGY,SCHOOL PSYCHOL,2578-4218,2578-4226,"PSYCHOLOGY, EDUCATIONAL - SSCI",359,2.945,Q2,1.05,0%,"PSYCHOLOGY, EDUCATIONAL"
CHILD CARE HEALTH AND DEVELOPMENT,CHILD CARE HLTH DEV,0305-1862,1365-2214,"PSYCHOLOGY, DEVELOPMENTAL - SSCI",5549,2.943,Q3,0.81,16.27%,"PSYCHOLOGY, DEVELOPMENTAL"
INTERNATIONAL JOURNAL OF INTERCULTURAL RELATIONS,INT J INTERCULT REL,0147-1767,1873-7552,"PSYCHOLOGY, SOCIAL - SSCI",5266,2.938,Q3,1.27,12.36%,"PSYCHOLOGY, SOCIAL"
EATING BEHAVIORS,EAT BEHAV,1471-0153,1873-7358,"PSYCHOLOGY, CLINICAL - SSCI",4446,2.936,Q3,0.74,4.10%,"PSYCHOLOGY, CLINICAL"
GERMAN JOURNAL OF HUMAN RESOURCE MANAGEMENT-ZEITSCHRIFT FUR PERSONALFORSCHUNG,GER J HUM RESOUR MAN,2397-0022,2397-0030,"PSYCHOLOGY, APPLIED - SSCI",238,2.935,Q3,0.65,18.87%,"PSYCHOLOGY, APPLIED"
NEUROPSYCHOLOGICAL REHABILITATION,NEUROPSYCHOL REHABIL,0960-2011,1464-0694,PSYCHOLOGY - SCIE,3159,2.928,Q3,0.83,13.69%,PSYCHOLOGY - SCIE
NEW IDEAS IN PSYCHOLOGY,NEW IDEAS PSYCHOL,0732-118X,1873-3522,"PSYCHOLOGY, EXPERIMENTAL - SSCI; PSYCHOLOGY, MULTIDISCIPLINARY - SSCI",1294,2.927,Q2,0.91,8.16%,"PSYCHOLOGY, EXPERIMENTAL"
THINKING & REASONING,THINK REASONING,1354-6783,1464-0708,"PSYCHOLOGY, EXPERIMENTAL - SSCI",1175,2.915,Q2,0.83,6.90%,"PSYCHOLOGY, EXPERIMENTAL"
INTERNATIONAL JOURNAL OF PSYCHOPHYSIOLOGY,INT J PSYCHOPHYSIOL,0167-8760,1872-7697,"PSYCHOLOGY - SCIE; PSYCHOLOGY, BIOLOGICAL - SSCI; PSYCHOLOGY, EXPERIMENTAL - SSCI",10937,2.903,Q2,0.79,10.62%,PSYCHOLOGY - SCIE
PSYCHOLOGY OF POPULAR MEDIA,PSYCHOL POP MEDIA,2689-6567,2689-6575,"PSYCHOLOGY, MULTIDISCIPLINARY - SSCI",215,2.9,Q2,1.39,0%,"PSYCHOLOGY, MULTIDISCIPLINARY"
JOURNAL OF FAMILY VIOLENCE,J FAM VIOLENCE,0885-7482,1573-2851,"PSYCHOLOGY, CLINICAL - SSCI",5057,2.897,Q3,1.04,14.41%,"PSYCHOLOGY, CLINICAL"
PSYCHOLOGY OF MEN & MASCULINITIES,PSYCHOL MEN MASCULIN,1524-9220,1939-151X,"PSYCHOLOGY, SOCIAL - SSCI",3009,2.893,Q3,0.95,0%,"PSYCHOLOGY, SOCIAL"
EUROPEAN JOURNAL OF PSYCHOLOGICAL ASSESSMENT,EUR J PSYCHOL ASSESS,1015-5759,2151-2426,"PSYCHOLOGY, APPLIED - SSCI",3336,2.892,Q3,1.02,3.98%,"PSYCHOLOGY, APPLIED"
SEXUAL ABUSE-A JOURNAL OF RESEARCH AND TREATMENT,SEX ABUSE-J RES TR,1079-0632,1573-286X,"PSYCHOLOGY, CLINICAL - SSCI",2000,2.883,Q3,1.22,11.76%,"PSYCHOLOGY, CLINICAL"
INTERNATIONAL JOURNAL FOR THE PSYCHOLOGY OF RELIGION,INT J PSYCHOL RELIG,1050-8619,1532-7582,"PSYCHOLOGY, MULTIDISCIPLINARY - SSCI",1335,2.88,Q2,2.83,4.17%,"PSYCHOLOGY, MULTIDISCIPLINARY"
SPORT EXERCISE AND PERFORMANCE PSYCHOLOGY,SPORT EXERC PERFORM,2157-3905,2157-3913,"PSYCHOLOGY, APPLIED - SSCI",930,2.857,Q3,0.99,0%,"PSYCHOLOGY, APPLIED"
LANGUAGE COGNITION AND NEUROSCIENCE,LANG COGN NEUROSCI,2327-3798,2327-3801,"PSYCHOLOGY, EXPERIMENTAL - SSCI",1932,2.842,Q2,0.87,24.38%,"PSYCHOLOGY, EXPERIMENTAL"
JOURNAL OF SCHOOL VIOLENCE,J SCH VIOLENCE,1538-8220,1538-8239,"PSYCHOLOGY, DEVELOPMENTAL - SSCI; PSYCHOLOGY, EDUCATIONAL - SSCI",1359,2.835,Q2,1.17,1.49%,"PSYCHOLOGY, DEVELOPMENTAL"
ARCHIVES OF SUICIDE RESEARCH,ARCH SUICIDE RES,1381-1118,1543-6136,"PSYCHOLOGY, MULTIDISCIPLINARY - SSCI",2727,2.833,Q2,0.74,7.10%,"PSYCHOLOGY, MULTIDISCIPLINARY"
ZEITSCHRIFT FUR PSYCHOLOGIE-JOURNAL OF PSYCHOLOGY,Z PSYCHOL,2190-8370,2151-2604,"PSYCHOLOGY, MULTIDISCIPLINARY - SSCI",1250,2.828,Q2,0.76,22.99%,"PSYCHOLOGY, MULTIDISCIPLINARY"
EUROPEAN JOURNAL OF PSYCHOLOGY OF EDUCATION,EUR J PSYCHOL EDUC,0256-2928,1878-5174,"PSYCHOLOGY, EDUCATIONAL - SSCI",2440,2.821,Q2,0.95,37.50%,"PSYCHOLOGY, EDUCATIONAL"
JOURNAL OF EXPERIMENTAL PSYCHOLOGY-APPLIED,J EXP PSYCHOL-APPL,1076-898X,1939-2192,"PSYCHOLOGY, APPLIED - SSCI",3106,2.813,Q3,0.89,0.56%,"PSYCHOLOGY, APPLIED"
JOURNAL OF APPLIED BEHAVIOR ANALYSIS,J APPL BEHAV ANAL,0021-8855,1938-3703,"PSYCHOLOGY, CLINICAL - SSCI",6859,2.809,Q3,0.82,1.99%,"PSYCHOLOGY, CLINICAL"
AUSTRALIAN JOURNAL OF PSYCHOLOGY,AUST J PSYCHOL,0004-9530,1742-9536,"PSYCHOLOGY, MULTIDISCIPLINARY - SSCI",1494,2.803,Q2,0.71,3.13%,"PSYCHOLOGY, MULTIDISCIPLINARY"
READING AND WRITING,READ WRIT,0922-4777,1573-0905,"PSYCHOLOGY, EDUCATIONAL - SSCI",4720,2.795,Q2,1.25,15.82%,"PSYCHOLOGY, EDUCATIONAL"
JOURNAL OF RESEARCH IN READING,J RES READ,0141-0423,1467-9817,"PSYCHOLOGY, EDUCATIONAL - SSCI",1693,2.792,Q2,1.06,16.98%,"PSYCHOLOGY, EDUCATIONAL"
JOURNAL OF CHILD AND FAMILY STUDIES,J CHILD FAM STUD,1062-1024,1573-2843,"PSYCHOLOGY, DEVELOPMENTAL - SSCI",9336,2.784,Q3,0.73,10.80%,"PSYCHOLOGY, DEVELOPMENTAL"
BRAIN AND LANGUAGE,BRAIN LANG,0093-934X,1090-2155,"PSYCHOLOGY, EXPERIMENTAL - SSCI",7646,2.781,Q2,1.05,8.76%,"PSYCHOLOGY, EXPERIMENTAL"
CHILD PSYCHIATRY & HUMAN DEVELOPMENT,CHILD PSYCHIAT HUM D,0009-398X,1573-3327,"PSYCHOLOGY, DEVELOPMENTAL - SSCI",4153,2.776,Q3,0.79,21%,"PSYCHOLOGY, DEVELOPMENTAL"
JOURNAL OF SOCIAL PSYCHOLOGY,J SOC PSYCHOL,0022-4545,1940-1183,"PSYCHOLOGY, SOCIAL - SSCI",4921,2.768,Q3,0.71,7.69%,"PSYCHOLOGY, SOCIAL"
BIOPSYCHOSOCIAL MEDICINE,BIOPSYCHOSOC MED,1751-0759,1751-0759,"PSYCHOLOGY, MULTIDISCIPLINARY - SSCI",721,2.754,Q2,0.57,100%,"PSYCHOLOGY, MULTIDISCIPLINARY"
CONSCIOUSNESS AND COGNITION,CONSCIOUS COGN,1053-8100,1090-2376,"PSYCHOLOGY, EXPERIMENTAL - SSCI",8055,2.728,Q2,0.69,12.29%,"PSYCHOLOGY, EXPERIMENTAL"
MUSICAE SCIENTIAE,MUSIC SCI,1029-8649,2045-4147,"PSYCHOLOGY, EXPERIMENTAL - SSCI",1302,2.725,Q2,2.37,13.85%,"PSYCHOLOGY, EXPERIMENTAL"
COGNITION & EMOTION,COGNITION EMOTION,0269-9931,1464-0600,"PSYCHOLOGY, EXPERIMENTAL - SSCI",12168,2.72,Q2,0.77,11.32%,"PSYCHOLOGY, EXPERIMENTAL"
JOURNAL OF EXPERIMENTAL PSYCHOPATHOLOGY,J EXP PSYCHOPATHOL,N/A,2043-8087,"PSYCHOLOGY, CLINICAL - SSCI",744,2.718,Q3,0.54,100%,"PSYCHOLOGY, CLINICAL"
GROUP PROCESSES & INTERGROUP RELATIONS,GROUP PROCESS INTERG,1368-4302,1461-7188,"PSYCHOLOGY, SOCIAL - SSCI",4159,2.708,Q3,0.9,20.13%,"PSYCHOLOGY, SOCIAL"
METACOGNITION AND LEARNING,METACOGN LEARN,1556-1623,1556-1631,"PSYCHOLOGY, EDUCATIONAL - SSCI",1410,2.704,Q2,1.44,34.88%,"PSYCHOLOGY, EDUCATIONAL"
STUDIES IN EDUCATIONAL EVALUATION,STUD EDUC EVAL,0191-491X,N/A,"PSYCHOLOGY, EDUCATIONAL - SSCI",2062,2.704,Q2,1.12,13.18%,"PSYCHOLOGY, EDUCATIONAL"
JOURNAL OF CHILD LANGUAGE,J CHILD LANG,0305-0009,1469-7602,"PSYCHOLOGY, DEVELOPMENTAL - SSCI; PSYCHOLOGY, EXPERIMENTAL - SSCI",4243,2.701,Q2,0.88,27.35%,"PSYCHOLOGY, DEVELOPMENTAL"
BEHAVIOR MODIFICATION,BEHAV MODIF,0145-4455,1552-4167,"PSYCHOLOGY, CLINICAL - SSCI",2880,2.692,Q3,0.75,3.05%,"PSYCHOLOGY, CLINICAL"
BRAIN AND COGNITION,BRAIN COGNITION,0278-2626,1090-2147,"PSYCHOLOGY, EXPERIMENTAL - SSCI",7986,2.682,Q2,0.66,10.04%,"PSYCHOLOGY, EXPERIMENTAL"
JOURNAL OF SOCIAL AND PERSONAL RELATIONSHIPS,J SOC PERS RELAT,0265-4075,1460-3608,"PSYCHOLOGY, SOCIAL - SSCI",6299,2.681,Q3,1.06,10.19%,"PSYCHOLOGY, SOCIAL"
INFANT BEHAVIOR & DEVELOPMENT,INFANT BEHAV DEV,0163-6383,1879-0453,"PSYCHOLOGY, DEVELOPMENTAL - SSCI",5148,2.671,Q3,0.69,10.60%,"PSYCHOLOGY, DEVELOPMENTAL"
JOURNAL OF BEHAVIOR THERAPY AND EXPERIMENTAL PSYCHIATRY,J BEHAV THER EXP PSY,0005-7916,1873-7943,"PSYCHOLOGY, CLINICAL - SSCI",4935,2.662,Q3,0.68,12.33%,"PSYCHOLOGY, CLINICAL"
LANGUAGE AND COGNITION,LANG COGN,1866-9808,1866-9859,"PSYCHOLOGY, EXPERIMENTAL - SSCI",427,2.66,Q2,1.55,36%,"PSYCHOLOGY, EXPERIMENTAL"
JOURNAL OF APPLIED SOCIAL PSYCHOLOGY,J APPL SOC PSYCHOL,0021-9029,1559-1816,"PSYCHOLOGY, SOCIAL - SSCI",11569,2.654,Q3,0.66,18.60%,"PSYCHOLOGY, SOCIAL"
JOURNAL OF INTERPERSONAL VIOLENCE,J INTERPERS VIOLENCE,0886-2605,1552-6518,"PSYCHOLOGY, APPLIED - SSCI",16254,2.621,Q3,1.19,4.67%,"PSYCHOLOGY, APPLIED"
CANADIAN PSYCHOLOGY-PSYCHOLOGIE CANADIENNE,CAN PSYCHOL,0708-5591,1878-7304,"PSYCHOLOGY, MULTIDISCIPLINARY - SSCI",2665,2.621,Q2,0.76,0%,"PSYCHOLOGY, MULTIDISCIPLINARY"
COGNITIVE SCIENCE,COGNITIVE SCI,0364-0213,1551-6709,"PSYCHOLOGY, EXPERIMENTAL - SSCI",8082,2.617,Q2,0.76,25.32%,"PSYCHOLOGY, EXPERIMENTAL"
SOCIAL PSYCHOLOGY OF EDUCATION,SOC PSYCHOL EDUC,1381-2890,1573-1928,"PSYCHOLOGY, EDUCATIONAL - SSCI",2274,2.614,Q2,0.8,30.43%,"PSYCHOLOGY, EDUCATIONAL"
JOURNAL OF BLACK PSYCHOLOGY,J BLACK PSYCHOL,0095-7984,1552-4558,"PSYCHOLOGY, MULTIDISCIPLINARY - SSCI",1845,2.608,Q2,0.81,1.22%,"PSYCHOLOGY, MULTIDISCIPLINARY"
JOURNAL OF INDIVIDUAL DIFFERENCES,J INDIVID DIFFER,1614-0001,2151-2299,"PSYCHOLOGY, SOCIAL - SSCI",1074,2.608,Q3,0.65,2.50%,"PSYCHOLOGY, SOCIAL"
OMEGA-JOURNAL OF DEATH AND DYING,OMEGA-J DEATH DYING,0030-2228,1541-3764,"PSYCHOLOGY, MULTIDISCIPLINARY - SSCI",2764,2.602,Q2,0.62,10.25%,"PSYCHOLOGY, MULTIDISCIPLINARY"
JOURNAL OF SPORT & EXERCISE PSYCHOLOGY,J SPORT EXERCISE PSY,0895-2779,1543-2904,"PSYCHOLOGY - SCIE; PSYCHOLOGY, APPLIED - SSCI",5800,2.597,Q3,0.78,0.83%,PSYCHOLOGY - SCIE
JOURNAL OF POSITIVE BEHAVIOR INTERVENTIONS,J POSIT BEHAV INTERV,1098-3007,1538-4772,"PSYCHOLOGY, CLINICAL - SSCI",1630,2.597,Q3,1.19,2.15%,"PSYCHOLOGY, CLINICAL"
BMC PSYCHOLOGY,BMC PSYCHOL,N/A,2050-7283,"PSYCHOLOGY, MULTIDISCIPLINARY - SSCI",2040,2.588,Q2,0.78,94.76%,"PSYCHOLOGY, MULTIDISCIPLINARY"
JOURNAL OF COGNITION AND DEVELOPMENT,J COGN DEV,1524-8372,1532-7647,"PSYCHOLOGY, DEVELOPMENTAL - SSCI; PSYCHOLOGY, EXPERIMENTAL - SSCI",1964,2.58,Q3,0.66,10.53%,"PSYCHOLOGY, DEVELOPMENTAL"
JOURNAL OF CROSS-CULTURAL PSYCHOLOGY,J CROSS CULT PSYCHOL,0022-0221,1552-5422,"PSYCHOLOGY, SOCIAL - SSCI",8245,2.577,Q3,0.8,12%,"PSYCHOLOGY, SOCIAL"
JOURNAL OF MARITAL AND FAMILY THERAPY,J MARITAL FAM THER,0194-472X,1752-0606,"PSYCHOLOGY, CLINICAL - SSCI",2693,2.577,Q3,0.83,6.19%,"PSYCHOLOGY, CLINICAL"
BEHAVIORAL SCIENCES & THE LAW,BEHAV SCI LAW,0735-3936,1099-0798,"PSYCHOLOGY, APPLIED - SSCI",2328,2.568,Q3,1.43,4.35%,"PSYCHOLOGY, APPLIED"
CRIMINAL JUSTICE AND BEHAVIOR,CRIM JUSTICE BEHAV,0093-8548,1552-3594,"PSYCHOLOGY, CLINICAL - SSCI",5247,2.562,Q3,0.87,6.77%,"PSYCHOLOGY, CLINICAL"
ERGONOMICS,ERGONOMICS,0014-0139,1366-5847,"PSYCHOLOGY - SCIE; PSYCHOLOGY, APPLIED - SSCI",10706,2.561,Q3,0.66,13.24%,PSYCHOLOGY - SCIE
JOURNAL OF LITERACY RESEARCH,J LIT RES,1086-296X,1554-8430,"PSYCHOLOGY, EDUCATIONAL - SSCI",1040,2.551,Q2,1.19,2.70%,"PSYCHOLOGY, EDUCATIONAL"
JOURNAL OF EXPERIMENTAL CHILD PSYCHOLOGY,J EXP CHILD PSYCHOL,0022-0965,1096-0457,"PSYCHOLOGY, DEVELOPMENTAL - SSCI; PSYCHOLOGY, EXPERIMENTAL - SSCI",10339,2.547,Q3,0.83,10.21%,"PSYCHOLOGY, DEVELOPMENTAL"
VISUAL COGNITION,VIS COGN,1350-6285,1464-0716,"PSYCHOLOGY, EXPERIMENTAL - SSCI",2791,2.546,Q3,0.59,16.47%,"PSYCHOLOGY, EXPERIMENTAL"
INTERNATIONAL JOURNAL OF SOCIAL PSYCHOLOGY,INT J SOC PSYCHOL,0213-4748,1579-3680,"PSYCHOLOGY, SOCIAL - SSCI",106,2.545,Q3,0.74,2%,"PSYCHOLOGY, SOCIAL"
DEVELOPMENTAL PSYCHOBIOLOGY,DEV PSYCHOBIOL,0012-1630,1098-2302,PSYCHOLOGY - SCIE,5415,2.531,Q3,0.67,4.55%,PSYCHOLOGY - SCIE
AMERICAN BEHAVIORAL SCIENTIST,AM BEHAV SCI,0002-7642,1552-3381,"PSYCHOLOGY, CLINICAL - SSCI",8222,2.531,Q3,1.17,16.45%,"PSYCHOLOGY, CLINICAL"
JOURNAL OF PSYCHOSOCIAL ONCOLOGY,J PSYCHOSOC ONCOL,0734-7332,1540-7586,"PSYCHOLOGY, SOCIAL - SSCI",1634,2.526,Q3,0.57,3.74%,"PSYCHOLOGY, SOCIAL"
MEMORY,MEMORY,0965-8211,1464-0686,"PSYCHOLOGY, EXPERIMENTAL - SSCI",5047,2.519,Q3,0.64,10.92%,"PSYCHOLOGY, EXPERIMENTAL"
JOURNAL OF BEHAVIORAL DECISION MAKING,J BEHAV DECIS MAKING,0894-3257,1099-0771,"PSYCHOLOGY, APPLIED - SSCI",4016,2.508,Q3,0.62,25.95%,"PSYCHOLOGY, APPLIED"
SMALL GROUP RESEARCH,SMALL GR RES,1046-4964,1552-8278,"PSYCHOLOGY, APPLIED - SSCI; PSYCHOLOGY, SOCIAL - SSCI",2353,2.5,Q3,0.61,18.82%,"PSYCHOLOGY, APPLIED"
INTERNATIONAL JOURNAL OF BEHAVIORAL MEDICINE,INT J BEHAV MED,1070-5503,1532-7558,"PSYCHOLOGY, CLINICAL - SSCI",4743,2.5,Q3,0.63,17.84%,"PSYCHOLOGY, CLINICAL"
JUDGMENT AND DECISION MAKING,JUDGM DECIS MAK,1930-2975,1930-2975,"PSYCHOLOGY, MULTIDISCIPLINARY - SSCI",3607,2.5,Q2,0.82,0%,"PSYCHOLOGY, MULTIDISCIPLINARY"
JOURNAL OF HOMOSEXUALITY,J HOMOSEXUAL,0091-8369,1540-3602,"PSYCHOLOGY, MULTIDISCIPLINARY - SSCI",5210,2.496,Q2,1.11,3.48%,"PSYCHOLOGY, MULTIDISCIPLINARY"
MEMORY & COGNITION,MEM COGNITION,0090-502X,1532-5946,"PSYCHOLOGY, EXPERIMENTAL - SSCI",10439,2.482,Q3,0.69,23.72%,"PSYCHOLOGY, EXPERIMENTAL"
BEHAVIOURAL AND COGNITIVE PSYCHOTHERAPY,BEHAV COGN PSYCHOTH,1352-4658,1469-1833,"PSYCHOLOGY, CLINICAL - SSCI",2634,2.467,Q3,0.64,9.29%,"PSYCHOLOGY, CLINICAL"
SOCIAL DEVELOPMENT,SOC DEV,0961-205X,1467-9507,"PSYCHOLOGY, DEVELOPMENTAL - SSCI",4501,2.462,Q3,0.61,14.41%,"PSYCHOLOGY, DEVELOPMENTAL"
INFANCY,INFANCY,1525-0008,1532-7078,"PSYCHOLOGY, DEVELOPMENTAL - SSCI",2351,2.459,Q3,0.63,16.46%,"PSYCHOLOGY, DEVELOPMENTAL"
JOURNAL OF COUNSELING AND DEVELOPMENT,J COUNS DEV,0748-9633,1556-6676,"PSYCHOLOGY, APPLIED - SSCI",3731,2.455,Q3,0.69,0%,"PSYCHOLOGY, APPLIED"
CAREER DEVELOPMENT INTERNATIONAL,CAREER DEV INT,1362-0436,1758-6003,"PSYCHOLOGY, APPLIED - SSCI",3176,2.443,Q3,0.76,5.71%,"PSYCHOLOGY, APPLIED"
DISCOURSE PROCESSES,DISCOURSE PROCESS,0163-853X,1532-6950,"PSYCHOLOGY, EDUCATIONAL - SSCI; PSYCHOLOGY, EXPERIMENTAL - SSCI",2552,2.437,Q3,0.7,14.58%,"PSYCHOLOGY, EDUCATIONAL"
FOCUS ON AUTISM AND OTHER DEVELOPMENTAL DISABILITIES,FOCUS AUTISM DEV DIS,1088-3576,1538-4829,"PSYCHOLOGY, DEVELOPMENTAL - SSCI",1570,2.434,Q3,1.06,2.74%,"PSYCHOLOGY, DEVELOPMENTAL"
JOURNAL OF CAREER DEVELOPMENT,J CAREER DEV,0894-8453,1556-0856,"PSYCHOLOGY, APPLIED - SSCI",1826,2.424,Q3,0.69,6.36%,"PSYCHOLOGY, APPLIED"
PSYCHOLOGICAL RESEARCH-PSYCHOLOGISCHE FORSCHUNG,PSYCHOL RES-PSYCH FO,0340-0727,1430-2772,"PSYCHOLOGY, EXPERIMENTAL - SSCI",4794,2.424,Q3,0.8,30.12%,"PSYCHOLOGY, EXPERIMENTAL"
SELF AND IDENTITY,SELF IDENTITY,1529-8868,1529-8876,"PSYCHOLOGY, SOCIAL - SSCI",3405,2.412,Q3,0.78,8.43%,"PSYCHOLOGY, SOCIAL"
INTERNATIONAL JOURNAL OF SELECTION AND ASSESSMENT,INT J SELECT ASSESS,0965-075X,1468-2389,"PSYCHOLOGY, APPLIED - SSCI",1971,2.41,Q3,0.53,15%,"PSYCHOLOGY, APPLIED"
BRITISH JOURNAL OF MATHEMATICAL & STATISTICAL PSYCHOLOGY,BRIT J MATH STAT PSY,0007-1102,2044-8317,"PSYCHOLOGY, EXPERIMENTAL - SSCI; PSYCHOLOGY, MATHEMATICAL - SSCI",2787,2.41,Q2,0.97,10.48%,"PSYCHOLOGY, EXPERIMENTAL"
GIFTED CHILD QUARTERLY,GIFTED CHILD QUART,0016-9862,1934-9041,"PSYCHOLOGY, EDUCATIONAL - SSCI",1363,2.409,Q3,1.32,3.17%,"PSYCHOLOGY, EDUCATIONAL"
CAREER DEVELOPMENT QUARTERLY,CAREER DEV Q,0889-4019,2161-0045,"PSYCHOLOGY, APPLIED - SSCI",1564,2.408,Q3,0.69,1.32%,"PSYCHOLOGY, APPLIED"
HUMAN MOVEMENT SCIENCE,HUM MOVEMENT SCI,0167-9457,1872-7646,"PSYCHOLOGY - SCIE; PSYCHOLOGY, EXPERIMENTAL - SSCI",6669,2.397,Q3,0.7,6.76%,PSYCHOLOGY - SCIE
CURRENT PSYCHOLOGY,CURR PSYCHOL,1046-1310,1936-4733,"PSYCHOLOGY, MULTIDISCIPLINARY - SSCI",6617,2.387,Q2,0.73,15.69%,"PSYCHOLOGY, MULTIDISCIPLINARY"
SOCIAL NEUROSCIENCE,SOC NEUROSCI-UK,1747-0919,1747-0927,PSYCHOLOGY - SCIE,2698,2.381,Q3,0.58,13.17%,PSYCHOLOGY - SCIE
JOURNAL OF NEUROLINGUISTICS,J NEUROLINGUIST,0911-6044,1873-8052,"PSYCHOLOGY, EXPERIMENTAL - SSCI",1677,2.373,Q3,0.78,11.05%,"PSYCHOLOGY, EXPERIMENTAL"
SUBSTANCE USE & MISUSE,SUBST USE MISUSE,1082-6084,1532-2491,PSYCHOLOGY - SCIE,6424,2.362,Q3,0.57,4.68%,PSYCHOLOGY - SCIE
APPLIED COGNITIVE PSYCHOLOGY,APPL COGNITIVE PSYCH,0888-4080,1099-0720,"PSYCHOLOGY, EXPERIMENTAL - SSCI",5887,2.36,Q3,0.63,21.30%,"PSYCHOLOGY, EXPERIMENTAL"
MULTISENSORY RESEARCH,MULTISENS RES,2213-4794,2213-4808,"PSYCHOLOGY - SCIE; PSYCHOLOGY, EXPERIMENTAL - SSCI",636,2.352,Q3,0.57,16.35%,PSYCHOLOGY - SCIE
PSYCHOLOGY & SEXUALITY,PSYCHOL SEX,1941-9899,1941-9902,"PSYCHOLOGY, MULTIDISCIPLINARY - SSCI",931,2.344,Q3,0.74,4.19%,"PSYCHOLOGY, MULTIDISCIPLINARY"
MIND & LANGUAGE,MIND LANG,0268-1064,1468-0017,"PSYCHOLOGY, EXPERIMENTAL - SSCI",2051,2.325,Q3,0.93,23.26%,"PSYCHOLOGY, EXPERIMENTAL"
ANALES DE PSICOLOGIA,AN PSICOL-SPAIN,0212-9728,1695-2294,"PSYCHOLOGY - SCIE; PSYCHOLOGY, MULTIDISCIPLINARY - SSCI",2465,2.325,Q3,0.68,94.48%,PSYCHOLOGY - SCIE
JOURNAL OF DUAL DIAGNOSIS,J DUAL DIAGN,1550-4263,1550-4271,"PSYCHOLOGY, CLINICAL - SSCI",671,2.324,Q3,0.46,3%,"PSYCHOLOGY, CLINICAL"
JOURNAL OF COMPARATIVE PSYCHOLOGY,J COMP PSYCHOL,0735-7036,1939-2087,"PSYCHOLOGY - SCIE; PSYCHOLOGY, MULTIDISCIPLINARY - SSCI",3245,2.318,Q3,0.86,0%,PSYCHOLOGY - SCIE
SCANDINAVIAN JOURNAL OF PSYCHOLOGY,SCAND J PSYCHOL,0036-5564,1467-9450,"PSYCHOLOGY, MULTIDISCIPLINARY - SSCI",3985,2.312,Q3,0.76,23.53%,"PSYCHOLOGY, MULTIDISCIPLINARY"
JOURNAL OF MEDIA PSYCHOLOGY-THEORIES METHODS AND APPLICATIONS,J MEDIA PSYCHOL-GER,1864-1105,2151-2388,"PSYCHOLOGY, MULTIDISCIPLINARY - SSCI",829,2.31,Q3,0.96,3.95%,"PSYCHOLOGY, MULTIDISCIPLINARY"
JOURNAL OF COMMUNITY PSYCHOLOGY,J COMMUNITY PSYCHOL,0090-4392,1520-6629,"PSYCHOLOGY, MULTIDISCIPLINARY - SSCI",5038,2.297,Q3,0.84,4.98%,"PSYCHOLOGY, MULTIDISCIPLINARY"
INTERNATIONAL JOURNAL OF PSYCHOLOGY,INT J PSYCHOL,0020-7594,1464-066X,"PSYCHOLOGY, MULTIDISCIPLINARY - SSCI",4283,2.291,Q3,0.71,10.03%,"PSYCHOLOGY, MULTIDISCIPLINARY"
PSYCHOMETRIKA,PSYCHOMETRIKA,0033-3123,1860-0980,"PSYCHOLOGY, MATHEMATICAL - SSCI",15503,2.29,Q2,0.83,30.43%,"PSYCHOLOGY, MATHEMATICAL"
JOURNAL OF APPLIED BEHAVIORAL SCIENCE,J APPL BEHAV SCI,0021-8863,1552-6879,"PSYCHOLOGY, APPLIED - SSCI",2425,2.286,Q3,0.68,14.55%,"PSYCHOLOGY, APPLIED"
BEHAVIORAL SCIENCES,BEHAV SCI-BASEL,N/A,2076-328X,"PSYCHOLOGY, MULTIDISCIPLINARY - SSCI",2182,2.286,Q3,0.72,97.27%,"PSYCHOLOGY, MULTIDISCIPLINARY"
JOURNAL OF CLINICAL AND EXPERIMENTAL NEUROPSYCHOLOGY,J CLIN EXP NEUROPSYC,1380-3395,1744-411X,"PSYCHOLOGY - SCIE; PSYCHOLOGY, CLINICAL - SSCI",6768,2.283,Q3,0.63,8.19%,PSYCHOLOGY - SCIE
JOURNAL OF NEUROPSYCHOLOGY,J NEUROPSYCHOL,1748-6645,1748-6653,"PSYCHOLOGY - SCIE; PSYCHOLOGY, EXPERIMENTAL - SSCI",815,2.276,Q3,0.83,23.48%,PSYCHOLOGY - SCIE
AUSTRALIAN PSYCHOLOGIST,AUST PSYCHOL,0005-0067,1742-9544,"PSYCHOLOGY, MULTIDISCIPLINARY - SSCI",2023,2.275,Q3,0.64,2.58%,"PSYCHOLOGY, MULTIDISCIPLINARY"
TRAINING AND EDUCATION IN PROFESSIONAL PSYCHOLOGY,TRAIN EDUC PROF PSYC,1931-3918,1931-3926,"PSYCHOLOGY, EDUCATIONAL - SSCI",1140,2.263,Q3,0.72,0%,"PSYCHOLOGY, EDUCATIONAL"
INSTRUCTIONAL SCIENCE,INSTR SCI,0020-4277,1573-1952,"PSYCHOLOGY, EDUCATIONAL - SSCI",2859,2.255,Q3,1.26,36.96%,"PSYCHOLOGY, EDUCATIONAL"
JOURNAL OF EMPLOYMENT COUNSELING,J EMPLOYMENT COUNS,0022-0787,2161-1920,"PSYCHOLOGY, APPLIED - SSCI",457,2.238,Q3,0.44,0%,"PSYCHOLOGY, APPLIED"
JOURNAL OF EARLY ADOLESCENCE,J EARLY ADOLESCENCE,0272-4316,1552-5449,"PSYCHOLOGY, DEVELOPMENTAL - SSCI",3104,2.229,Q3,0.84,8.47%,"PSYCHOLOGY, DEVELOPMENTAL"
JOURNAL OF THE EXPERIMENTAL ANALYSIS OF BEHAVIOR,J EXP ANAL BEHAV,0022-5002,1938-3711,"PSYCHOLOGY, BIOLOGICAL - SSCI; PSYCHOLOGY, EXPERIMENTAL - SSCI",3700,2.215,Q3,0.62,3.78%,"PSYCHOLOGY, BIOLOGICAL"
PERCEPTUAL AND MOTOR SKILLS,PERCEPT MOTOR SKILL,0031-5125,1558-688X,"PSYCHOLOGY, EXPERIMENTAL - SSCI",7956,2.212,Q3,0.49,5.09%,"PSYCHOLOGY, EXPERIMENTAL"
DREAMING,DREAMING,1053-0797,1573-3351,"PSYCHOLOGY, MULTIDISCIPLINARY - SSCI",601,2.212,Q3,0.5,0%,"PSYCHOLOGY, MULTIDISCIPLINARY"
CHILD & YOUTH CARE FORUM,CHILD YOUTH CARE FOR,1053-1890,1573-3319,"PSYCHOLOGY, DEVELOPMENTAL - SSCI",1508,2.203,Q3,0.5,18.75%,"PSYCHOLOGY, DEVELOPMENTAL"
MUSIC PERCEPTION,MUSIC PERCEPT,0730-7829,N/A,"PSYCHOLOGY, EXPERIMENTAL - SSCI",2104,2.184,Q3,2.33,0%,"PSYCHOLOGY, EXPERIMENTAL"
LATERALITY,LATERALITY,1357-650X,1464-0678,"PSYCHOLOGY, EXPERIMENTAL - SSCI; PSYCHOLOGY, MULTIDISCIPLINARY - SSCI",1234,2.167,Q3,0.47,10.74%,"PSYCHOLOGY, EXPERIMENTAL"
SOCIAL PSYCHOLOGY QUARTERLY,SOC PSYCHOL QUART,0190-2725,1939-8999,"PSYCHOLOGY, SOCIAL - SSCI",4432,2.163,Q3,0.6,10.61%,"PSYCHOLOGY, SOCIAL"
JOURNAL OF APPLIED RESEARCH IN INTELLECTUAL DISABILITIES,J APPL RES INTELLECT,1360-2322,1468-3148,"PSYCHOLOGY, EDUCATIONAL - SSCI",3545,2.162,Q3,0.9,27.87%,"PSYCHOLOGY, EDUCATIONAL"
ATTENTION PERCEPTION & PSYCHOPHYSICS,ATTEN PERCEPT PSYCHO,1943-3921,1943-393X,"PSYCHOLOGY - SCIE; PSYCHOLOGY, EXPERIMENTAL - SSCI",5968,2.157,Q3,0.67,29.44%,PSYCHOLOGY - SCIE
INTERNATIONAL JOURNAL OF SEXUAL HEALTH,INT J SEX HEALTH,1931-7611,1931-762X,"PSYCHOLOGY, CLINICAL - SSCI",837,2.152,Q3,0.64,9.42%,"PSYCHOLOGY, CLINICAL"
INFANT MENTAL HEALTH JOURNAL,INFANT MENT HEALTH J,0163-9641,1097-0355,"PSYCHOLOGY, DEVELOPMENTAL - SSCI",2940,2.15,Q3,0.58,16.57%,"PSYCHOLOGY, DEVELOPMENTAL"
BRITISH JOURNAL OF DEVELOPMENTAL PSYCHOLOGY,BRIT J DEV PSYCHOL,0261-510X,2044-835X,"PSYCHOLOGY, DEVELOPMENTAL - SSCI",3311,2.148,Q3,0.65,20.17%,"PSYCHOLOGY, DEVELOPMENTAL"
ETHICS & BEHAVIOR,ETHICS BEHAV,1050-8422,1532-7019,"PSYCHOLOGY, MULTIDISCIPLINARY - SSCI",1258,2.148,Q3,0.72,3.21%,"PSYCHOLOGY, MULTIDISCIPLINARY"
ASIAN JOURNAL OF SOCIAL PSYCHOLOGY,ASIAN J SOC PSYCHOL,1367-2223,1467-839X,"PSYCHOLOGY, SOCIAL - SSCI",1547,2.144,Q4,0.49,7.05%,"PSYCHOLOGY, SOCIAL"
LANGUAGE ASSESSMENT QUARTERLY,LANG ASSESS Q,1543-4303,1543-4311,"PSYCHOLOGY, EDUCATIONAL - SSCI",987,2.143,Q3,1.37,6.74%,"PSYCHOLOGY, EDUCATIONAL"
QUARTERLY JOURNAL OF EXPERIMENTAL PSYCHOLOGY,Q J EXP PSYCHOL,1747-0218,1747-0226,"PSYCHOLOGY - SCIE; PSYCHOLOGY, EXPERIMENTAL - SSCI",7629,2.138,Q3,0.67,15.92%,PSYCHOLOGY - SCIE
SCHOOL PSYCHOLOGY REVIEW,SCHOOL PSYCHOL REV,N/A,2372-966X,"PSYCHOLOGY, EDUCATIONAL - SSCI",3275,2.136,Q3,0.77,1.20%,"PSYCHOLOGY, EDUCATIONAL"
CLINICAL PSYCHOLOGIST,CLIN PSYCHOL-UK,1328-4207,1742-9552,"PSYCHOLOGY - SCIE; PSYCHOLOGY, CLINICAL - SSCI",691,2.133,Q3,0.5,4.30%,PSYCHOLOGY - SCIE
HUMAN PSYCHOPHARMACOLOGY-CLINICAL AND EXPERIMENTAL,HUM PSYCHOPHARM CLIN,0885-6222,1099-1077,PSYCHOLOGY - SCIE,2484,2.13,Q3,0.45,16.13%,PSYCHOLOGY - SCIE
JOURNAL OF PSYCHOPATHOLOGY AND BEHAVIORAL ASSESSMENT,J PSYCHOPATHOL BEHAV,0882-2689,1573-3505,"PSYCHOLOGY, CLINICAL - SSCI",4996,2.118,Q3,0.65,9.75%,"PSYCHOLOGY, CLINICAL"
JOURNAL OF EDUCATIONAL AND BEHAVIORAL STATISTICS,J EDUC BEHAV STAT,1076-9986,1935-1054,"PSYCHOLOGY, MATHEMATICAL - SSCI",2872,2.116,Q2,0.74,11.49%,"PSYCHOLOGY, MATHEMATICAL"
EARLY EDUCATION AND DEVELOPMENT,EARLY EDUC DEV,1040-9289,1556-6935,"PSYCHOLOGY, DEVELOPMENTAL - SSCI; PSYCHOLOGY, EDUCATIONAL - SSCI",3426,2.115,Q3,0.79,5.24%,"PSYCHOLOGY, DEVELOPMENTAL"
DEVELOPMENTAL NEUROPSYCHOLOGY,DEV NEUROPSYCHOL,8756-5641,1532-6942,"PSYCHOLOGY - SCIE; PSYCHOLOGY, DEVELOPMENTAL - SSCI; PSYCHOLOGY, EXPERIMENTAL - SSCI",3747,2.113,Q3,0.58,10.71%,PSYCHOLOGY - SCIE
AGING NEUROPSYCHOLOGY AND COGNITION,AGING NEUROPSYCHOL C,1382-5585,1744-4128,"PSYCHOLOGY, DEVELOPMENTAL - SSCI; PSYCHOLOGY, EXPERIMENTAL - SSCI",1956,2.102,Q3,0.56,10.38%,"PSYCHOLOGY, DEVELOPMENTAL"
RESEARCH QUARTERLY FOR EXERCISE AND SPORT,RES Q EXERCISE SPORT,0270-1367,2168-3824,"PSYCHOLOGY - SCIE; PSYCHOLOGY, APPLIED - SSCI",5754,2.098,Q3,0.64,3.23%,PSYCHOLOGY - SCIE
JOURNAL OF LANGUAGE AND SOCIAL PSYCHOLOGY,J LANG SOC PSYCHOL,0261-927X,1552-6526,"PSYCHOLOGY, SOCIAL - SSCI",2324,2.098,Q4,0.96,12.88%,"PSYCHOLOGY, SOCIAL"
JOURNAL OF EXPERIMENTAL PSYCHOLOGY-ANIMAL LEARNING AND COGNITION,J EXP PSYCHOL-ANIM L,2329-8456,2329-8464,"PSYCHOLOGY - SCIE; PSYCHOLOGY, BIOLOGICAL - SSCI; PSYCHOLOGY, EXPERIMENTAL - SSCI",2233,2.088,Q3,0.77,3.74%,PSYCHOLOGY - SCIE
CLINICAL CHILD PSYCHOLOGY AND PSYCHIATRY,CLIN CHILD PSYCHOL P,1359-1045,1461-7021,"PSYCHOLOGY - SCIE; PSYCHOLOGY, CLINICAL - SSCI; PSYCHOLOGY, DEVELOPMENTAL - SSCI",1846,2.087,Q3,0.61,14.80%,PSYCHOLOGY - SCIE
INTERNATIONAL JOURNAL OF COGNITIVE THERAPY,INT J COGN THER,1937-1209,1937-1217,"PSYCHOLOGY, CLINICAL - SSCI",991,2.069,Q3,0.4,15.56%,"PSYCHOLOGY, CLINICAL"
DYSLEXIA,DYSLEXIA,1076-9242,1099-0909,"PSYCHOLOGY, EDUCATIONAL - SSCI",1263,2.066,Q3,0.9,19.78%,"PSYCHOLOGY, EDUCATIONAL"
INTERNATIONAL JOURNAL OF CLINICAL AND EXPERIMENTAL HYPNOSIS,INT J CLIN EXP HYP,0020-7144,1744-5183,"PSYCHOLOGY, CLINICAL - SSCI",1111,2.056,Q3,0.45,9.41%,"PSYCHOLOGY, CLINICAL"
SCHOOL PSYCHOLOGY INTERNATIONAL,SCHOOL PSYCHOL INT,0143-0343,1461-7374,"PSYCHOLOGY, EDUCATIONAL - SSCI",1875,2.056,Q3,0.7,8.74%,"PSYCHOLOGY, EDUCATIONAL"
PSYCHOLOGY OF LEARNING AND MOTIVATION,PSYCHOL LEARN MOTIV,0079-7421,N/A,"PSYCHOLOGY, EXPERIMENTAL - SSCI",2189,2.056,Q4,0.56,0%,"PSYCHOLOGY, EXPERIMENTAL"
JOURNAL OF COLLEGE STUDENT DEVELOPMENT,J COLL STUDENT DEV,0897-5264,1543-3382,"PSYCHOLOGY, APPLIED - SSCI",4164,2.051,Q3,0.89,0%,"PSYCHOLOGY, APPLIED"
APPLIED NEUROPSYCHOLOGY-ADULT,APPL NEUROPSYCH-ADUL,2327-9095,2327-9109,PSYCHOLOGY - SCIE,1499,2.05,Q4,0.64,5.29%,PSYCHOLOGY - SCIE
CLINICAL EEG AND NEUROSCIENCE,CLIN EEG NEUROSCI,1550-0594,2169-5202,PSYCHOLOGY - SCIE,1528,2.046,Q4,0.48,6.82%,PSYCHOLOGY - SCIE
CREATIVITY RESEARCH JOURNAL,CREATIVITY RES J,1040-0419,1532-6934,"PSYCHOLOGY, EDUCATIONAL - SSCI; PSYCHOLOGY, MULTIDISCIPLINARY - SSCI",3821,2.032,Q3,0.71,9.35%,"PSYCHOLOGY, EDUCATIONAL"
INTERNATIONAL JOURNAL OF SPORTS SCIENCE & COACHING,INT J SPORTS SCI COA,1747-9541,2048-397X,"PSYCHOLOGY, APPLIED - SSCI",2406,2.029,Q3,0.52,12.84%,"PSYCHOLOGY, APPLIED"
JOURNAL OF GENERAL PSYCHOLOGY,J GEN PSYCHOL,0022-1309,1940-0888,"PSYCHOLOGY, MULTIDISCIPLINARY - SSCI",1663,2.014,Q3,0.48,0%,"PSYCHOLOGY, MULTIDISCIPLINARY"
MIND BRAIN AND EDUCATION,MIND BRAIN EDUC,1751-2271,1751-228X,"PSYCHOLOGY, DEVELOPMENTAL - SSCI",1063,2.013,Q4,0.81,25.24%,"PSYCHOLOGY, DEVELOPMENTAL"
ACTA PSYCHOLOGICA,ACTA PSYCHOL,0001-6918,1873-6297,"PSYCHOLOGY, EXPERIMENTAL - SSCI",7711,1.984,Q4,0.56,42.04%,"PSYCHOLOGY, EXPERIMENTAL"
VISION RESEARCH,VISION RES,0042-6989,1878-5646,PSYCHOLOGY - SCIE,17192,1.984,Q4,0.64,16.71%,PSYCHOLOGY - SCIE
JOURNAL OF CLINICAL PSYCHOLOGY IN MEDICAL SETTINGS,J CLIN PSYCHOL MED S,1068-9583,1573-3572,"PSYCHOLOGY, CLINICAL - SSCI",1805,1.977,Q4,0.63,8.49%,"PSYCHOLOGY, CLINICAL"
METHODOLOGY-EUROPEAN JOURNAL OF RESEARCH METHODS FOR THE BEHAVIORAL AND SOCIAL SCIENCES,METHODOLOGY-EUR,1614-1881,1614-2241,"PSYCHOLOGY, MATHEMATICAL - SSCI",1291,1.975,Q3,0.53,64.29%,"PSYCHOLOGY, MATHEMATICAL"
JOURNAL OF CLINICAL SPORT PSYCHOLOGY,J CLIN SPORT PSYCHOL,1932-9261,1932-927X,"PSYCHOLOGY, APPLIED - SSCI",782,1.968,Q4,0.52,0%,"PSYCHOLOGY, APPLIED"
ANUARIO DE PSICOLOGIA JURIDICA,ANU PSICOL JURID,1133-0740,2174-0542,"PSYCHOLOGY, MULTIDISCIPLINARY - SSCI",187,1.958,Q3,1.47,97.96%,"PSYCHOLOGY, MULTIDISCIPLINARY"
JOURNAL OF RATIONAL-EMOTIVE AND COGNITIVE-BEHAVIOR THERAPY,J RATION-EMOT COGN-B,0894-9085,1573-6563,"PSYCHOLOGY, CLINICAL - SSCI",852,1.952,Q4,0.52,11.11%,"PSYCHOLOGY, CLINICAL"
JOURNAL OF AGGRESSION MALTREATMENT & TRAUMA,J AGGRESS MALTREAT T,1092-6771,1545-083X,"PSYCHOLOGY, CLINICAL - SSCI",2190,1.939,Q4,0.67,2.27%,"PSYCHOLOGY, CLINICAL"
INTERNATIONAL JOURNAL FOR EDUCATIONAL AND VOCATIONAL GUIDANCE,INT J EDUC VOCAT GUI,1873-0388,1573-1782,"PSYCHOLOGY, APPLIED - SSCI",527,1.928,Q4,0.73,15.63%,"PSYCHOLOGY, APPLIED"
INTERNATIONAL JOURNAL OF AGING & HUMAN DEVELOPMENT,INT J AGING HUM DEV,0091-4150,1541-3535,"PSYCHOLOGY, DEVELOPMENTAL - SSCI",2366,1.926,Q4,0.59,5.15%,"PSYCHOLOGY, DEVELOPMENTAL"
LEARNING & BEHAVIOR,LEARN BEHAV,1543-4494,1543-4508,"PSYCHOLOGY, BIOLOGICAL - SSCI; PSYCHOLOGY, EXPERIMENTAL - SSCI",1042,1.926,Q3,0.57,21.15%,"PSYCHOLOGY, BIOLOGICAL"
JOURNAL OF EARLY INTERVENTION,J EARLY INTERVENTION,1053-8151,2154-3992,"PSYCHOLOGY, EDUCATIONAL - SSCI",1148,1.925,Q3,0.84,1.32%,"PSYCHOLOGY, EDUCATIONAL"
PSYCHOLOGY IN THE SCHOOLS,PSYCHOL SCHOOLS,0033-3085,1520-6807,"PSYCHOLOGY, EDUCATIONAL - SSCI",4519,1.923,Q3,0.61,4.24%,"PSYCHOLOGY, EDUCATIONAL"
PSYCHOLOGY OF MUSIC,PSYCHOL MUSIC,0305-7356,1741-3087,"PSYCHOLOGY, APPLIED - SSCI; PSYCHOLOGY, EDUCATIONAL - SSCI; PSYCHOLOGY, EXPERIMENTAL - SSCI",2918,1.904,Q3,1.62,10.61%,"PSYCHOLOGY, APPLIED"
JOURNAL OF ADULT DEVELOPMENT,J ADULT DEV,1068-0667,1573-3440,"PSYCHOLOGY, DEVELOPMENTAL - SSCI",1213,1.9,Q4,0.58,4.35%,"PSYCHOLOGY, DEVELOPMENTAL"
COGNITIVE DEVELOPMENT,COGNITIVE DEV,0885-2014,1879-226X,"PSYCHOLOGY, DEVELOPMENTAL - SSCI; PSYCHOLOGY, EXPERIMENTAL - SSCI",3191,1.897,Q4,0.67,7.02%,"PSYCHOLOGY, DEVELOPMENTAL"
JOURNAL OF EMOTIONAL AND BEHAVIORAL DISORDERS,J EMOT BEHAV DISORD,1063-4266,1538-4799,"PSYCHOLOGY, EDUCATIONAL - SSCI; PSYCHOLOGY, MULTIDISCIPLINARY - SSCI",1374,1.889,Q3,0.88,2.82%,"PSYCHOLOGY, EDUCATIONAL"
AIDS CARE-PSYCHOLOGICAL AND SOCIO-MEDICAL ASPECTS OF AIDS/HIV,AIDS CARE,0954-0121,1360-0451,"PSYCHOLOGY, MULTIDISCIPLINARY - SSCI",7934,1.887,Q3,0.61,7.30%,"PSYCHOLOGY, MULTIDISCIPLINARY"
JOURNAL OF PACIFIC RIM PSYCHOLOGY,J PAC RIM PSYCHOL,1834-4909,1834-4909,"PSYCHOLOGY, MULTIDISCIPLINARY - SSCI",356,1.878,Q3,0.52,100%,"PSYCHOLOGY, MULTIDISCIPLINARY"
JOURNAL OF HUMANISTIC PSYCHOLOGY,J HUMANIST PSYCHOL,0022-1678,1552-650X,"PSYCHOLOGY, MULTIDISCIPLINARY - SSCI",1480,1.874,Q3,0.59,7.87%,"PSYCHOLOGY, MULTIDISCIPLINARY"
JOURNAL OF CHILD SEXUAL ABUSE,J CHILD SEX ABUS,1053-8712,1547-0679,"PSYCHOLOGY, CLINICAL - SSCI",1904,1.872,Q4,0.62,2.92%,"PSYCHOLOGY, CLINICAL"
ADAPTIVE BEHAVIOR,ADAPT BEHAV,1059-7123,1741-2633,"PSYCHOLOGY, EXPERIMENTAL - SSCI",853,1.867,Q4,0.63,16.44%,"PSYCHOLOGY, EXPERIMENTAL"
PROFESSIONAL PSYCHOLOGY-RESEARCH AND PRACTICE,PROF PSYCHOL-RES PR,0735-7028,1939-1323,"PSYCHOLOGY, MULTIDISCIPLINARY - SSCI",4790,1.85,Q3,0.66,0%,"PSYCHOLOGY, MULTIDISCIPLINARY"
ARTS IN PSYCHOTHERAPY,ART PSYCHOTHER,0197-4556,1873-5878,"PSYCHOLOGY, CLINICAL - SSCI",1905,1.847,Q4,0.67,5.73%,"PSYCHOLOGY, CLINICAL"
JOURNAL OF SOCIAL AND CLINICAL PSYCHOLOGY,J SOC CLIN PSYCHOL,0736-7236,N/A,"PSYCHOLOGY, CLINICAL - SSCI; PSYCHOLOGY, SOCIAL - SSCI",4686,1.844,Q4,0.57,0%,"PSYCHOLOGY, CLINICAL"
JOURNAL OF FAMILY THERAPY,J FAM THER,0163-4445,1467-6427,"PSYCHOLOGY, CLINICAL - SSCI",1094,1.836,Q4,0.5,7.26%,"PSYCHOLOGY, CLINICAL"
LANGUAGE AND SPEECH,LANG SPEECH,0023-8309,1756-6053,"PSYCHOLOGY, EXPERIMENTAL - SSCI",1917,1.835,Q4,0.82,17.69%,"PSYCHOLOGY, EXPERIMENTAL"
EMERGING ADULTHOOD,EMERG ADULTHOOD,2167-6968,2167-6984,"PSYCHOLOGY, DEVELOPMENTAL - SSCI; PSYCHOLOGY, SOCIAL - SSCI",1439,1.83,Q4,0.64,4.70%,"PSYCHOLOGY, DEVELOPMENTAL"
FIRST LANGUAGE,FIRST LANG,0142-7237,1740-2344,"PSYCHOLOGY, DEVELOPMENTAL - SSCI",1171,1.828,Q4,1.27,19.64%,"PSYCHOLOGY, DEVELOPMENTAL"
APPLIED PSYCHOLINGUISTICS,APPL PSYCHOLINGUIST,0142-7164,1469-1817,"PSYCHOLOGY, EXPERIMENTAL - SSCI",3506,1.828,Q4,0.82,21.23%,"PSYCHOLOGY, EXPERIMENTAL"
NEW DIRECTIONS FOR CHILD AND ADOLESCENT DEVELOPMENT,NEW DIR CHILD ADOLES,1534-8687,N/A,"PSYCHOLOGY, DEVELOPMENTAL - SSCI",2062,1.811,Q4,0.66,22.31%,"PSYCHOLOGY, DEVELOPMENTAL"
ZEITSCHRIFT FUR PADAGOGISCHE PSYCHOLOGIE,Z PADAGOG PSYCHOL,1010-0652,1664-2910,"PSYCHOLOGY, EDUCATIONAL - SSCI",670,1.808,Q4,0.35,25%,"PSYCHOLOGY, EDUCATIONAL"
EUROPEAN JOURNAL OF DEVELOPMENTAL PSYCHOLOGY,EUR J DEV PSYCHOL,1740-5629,1740-5610,"PSYCHOLOGY, DEVELOPMENTAL - SSCI",2095,1.807,Q4,0.53,13%,"PSYCHOLOGY, DEVELOPMENTAL"
ASIAN AMERICAN JOURNAL OF PSYCHOLOGY,ASIAN AM J PSYCHOL,1948-1985,1948-1993,"PSYCHOLOGY, MULTIDISCIPLINARY - SSCI",1020,1.797,Q3,0.67,0%,"PSYCHOLOGY, MULTIDISCIPLINARY"
PSYCHOLOGICAL REPORTS,PSYCHOL REP,0033-2941,1558-691X,"PSYCHOLOGY, MULTIDISCIPLINARY - SSCI",8980,1.789,Q3,0.6,4.72%,"PSYCHOLOGY, MULTIDISCIPLINARY"
INFANT AND CHILD DEVELOPMENT,INFANT CHILD DEV,1522-7227,1522-7219,"PSYCHOLOGY, DEVELOPMENTAL - SSCI",2149,1.776,Q4,0.45,12.06%,"PSYCHOLOGY, DEVELOPMENTAL"
JOURNAL OF EXPERIMENTAL EDUCATION,J EXP EDUC,0022-0973,1940-0683,"PSYCHOLOGY, EDUCATIONAL - SSCI",2767,1.762,Q4,0.99,4.84%,"PSYCHOLOGY, EDUCATIONAL"
LEGAL AND CRIMINOLOGICAL PSYCHOLOGY,LEGAL CRIMINOL PSYCH,1355-3259,2044-8333,"PSYCHOLOGY, MULTIDISCIPLINARY - SSCI",1027,1.756,Q3,1.41,31.48%,"PSYCHOLOGY, MULTIDISCIPLINARY"
PSYCHOLOGY CRIME & LAW,PSYCHOL CRIME LAW,1068-316X,1477-2744,"PSYCHOLOGY, MULTIDISCIPLINARY - SSCI",2042,1.752,Q3,1.02,10.10%,"PSYCHOLOGY, MULTIDISCIPLINARY"
EVOLUTIONARY PSYCHOLOGY,EVOL PSYCHOL-US,1474-7049,1474-7049,"PSYCHOLOGY, EXPERIMENTAL - SSCI",1535,1.738,Q4,0.43,99%,"PSYCHOLOGY, EXPERIMENTAL"
SEXUAL AND RELATIONSHIP THERAPY,SEX RELATSH THER,1468-1994,1468-1749,"PSYCHOLOGY, CLINICAL - SSCI",1130,1.733,Q4,0.46,3.30%,"PSYCHOLOGY, CLINICAL"
JOURNAL FOR THE THEORY OF SOCIAL BEHAVIOUR,J THEOR SOC BEHAV,0021-8308,1468-5914,"PSYCHOLOGY, SOCIAL - SSCI",1652,1.733,Q4,0.52,15.32%,"PSYCHOLOGY, SOCIAL"
BEHAVIOURAL PROCESSES,BEHAV PROCESS,0376-6357,1872-8308,"PSYCHOLOGY, BIOLOGICAL - SSCI",5971,1.729,Q4,0.69,6.19%,"PSYCHOLOGY, BIOLOGICAL"
PSYCHOLOGICA BELGICA,PSYCHOL BELG,0033-2879,0033-2879,"PSYCHOLOGY, MULTIDISCIPLINARY - SSCI",718,1.717,Q3,0.39,100%,"PSYCHOLOGY, MULTIDISCIPLINARY"
DEVIANT BEHAVIOR,DEVIANT BEHAV,0163-9625,1521-0456,"PSYCHOLOGY, SOCIAL - SSCI",2773,1.716,Q4,0.72,5.74%,"PSYCHOLOGY, SOCIAL"
SOCIAL JUSTICE RESEARCH,SOC JUSTICE RES,0885-7466,1573-6725,"PSYCHOLOGY, SOCIAL - SSCI",1618,1.7,Q4,0.66,23.33%,"PSYCHOLOGY, SOCIAL"
PSICOLOGIA-REFLEXAO E CRITICA,PSICOL-REFLEX CRIT,0102-7972,1678-7153,"PSYCHOLOGY, MULTIDISCIPLINARY - SSCI",858,1.7,Q3,0.48,98.80%,"PSYCHOLOGY, MULTIDISCIPLINARY"
PERCEPTION,PERCEPTION,0301-0066,1468-4233,"PSYCHOLOGY - SCIE; PSYCHOLOGY, EXPERIMENTAL - SSCI",5890,1.695,Q4,0.41,16.67%,PSYCHOLOGY - SCIE
ECOLOGICAL PSYCHOLOGY,ECOL PSYCHOL,1040-7413,1532-6969,"PSYCHOLOGY, EXPERIMENTAL - SSCI",1181,1.688,Q4,0.63,14.29%,"PSYCHOLOGY, EXPERIMENTAL"
EMPIRICAL STUDIES OF THE ARTS,EMPIR STUD ARTS,0276-2374,1541-4493,"PSYCHOLOGY, MULTIDISCIPLINARY - SSCI",535,1.675,Q3,2.63,13.79%,"PSYCHOLOGY, MULTIDISCIPLINARY"
EXPERIMENTAL PSYCHOLOGY,EXP PSYCHOL,1618-3169,2190-5142,"PSYCHOLOGY, EXPERIMENTAL - SSCI",1507,1.667,Q4,0.4,9.80%,"PSYCHOLOGY, EXPERIMENTAL"
EXPERIMENTAL AGING RESEARCH,EXP AGING RES,0361-073X,1096-4657,PSYCHOLOGY - SCIE,1464,1.652,Q4,0.45,4.42%,PSYCHOLOGY - SCIE
INTERNATIONAL JOURNAL OF OFFENDER THERAPY AND COMPARATIVE CRIMINOLOGY,INT J OFFENDER THER,0306-624X,1552-6933,"PSYCHOLOGY, APPLIED - SSCI",3114,1.645,Q4,0.63,8.14%,"PSYCHOLOGY, APPLIED"
AMERICAN INDIAN AND ALASKA NATIVE MENTAL HEALTH RESEARCH,AM INDIAN ALASKA NAT,1533-7731,1533-7731,"PSYCHOLOGY, CLINICAL - SSCI",503,1.643,Q4,0.39,94.59%,"PSYCHOLOGY, CLINICAL"
SOCIAL COGNITION,SOC COGNITION,0278-016X,N/A,"PSYCHOLOGY, SOCIAL - SSCI",3365,1.636,Q4,0.49,0%,"PSYCHOLOGY, SOCIAL"
JOURNAL OF ORGANIZATIONAL BEHAVIOR MANAGEMENT,J ORGAN BEHAV MANAGE,0160-8061,1540-8604,"PSYCHOLOGY, APPLIED - SSCI",664,1.634,Q4,0.37,0%,"PSYCHOLOGY, APPLIED"
PSICOLOGIA EDUCATIVA,PSICOL EDUC,1135-755X,2174-0526,"PSYCHOLOGY, EDUCATIONAL - SSCI; PSYCHOLOGY, MULTIDISCIPLINARY - SSCI",379,1.632,Q3,0.58,97.37%,"PSYCHOLOGY, EDUCATIONAL"
JOURNAL OF PERSONNEL PSYCHOLOGY,J PERS PSYCHOL,1866-5888,2190-5150,"PSYCHOLOGY, APPLIED - SSCI",824,1.625,Q4,0.4,8.33%,"PSYCHOLOGY, APPLIED"
APPLIED NEUROPSYCHOLOGY-CHILD,APPL NEUROPSYCH-CHIL,2162-2965,2162-2973,PSYCHOLOGY - SCIE,683,1.613,Q4,0.48,1.99%,PSYCHOLOGY - SCIE
JOURNAL OF EDUCATIONAL AND PSYCHOLOGICAL CONSULTATION,J EDUC PSYCHOL CONS,1047-4412,1532-768X,"PSYCHOLOGY, EDUCATIONAL - SSCI",701,1.603,Q4,0.57,0%,"PSYCHOLOGY, EDUCATIONAL"
PSYCHOANALYTIC PSYCHOLOGY,PSYCHOANAL PSYCHOL,0736-9735,1939-1331,"PSYCHOLOGY, CLINICAL - SSCI; PSYCHOLOGY, PSYCHOANALYSIS - SSCI",1071,1.591,Q1,1.57,0%,"PSYCHOLOGY, CLINICAL"
PARENTING-SCIENCE AND PRACTICE,PARENT-SCI PRACT,1529-5192,1532-7922,"PSYCHOLOGY, DEVELOPMENTAL - SSCI",1435,1.585,Q4,0.65,8.57%,"PSYCHOLOGY, DEVELOPMENTAL"
PHILOSOPHICAL PSYCHOLOGY,PHILOS PSYCHOL,0951-5089,1465-394X,"PSYCHOLOGY, MULTIDISCIPLINARY - SSCI",1573,1.573,Q3,0.51,14.53%,"PSYCHOLOGY, MULTIDISCIPLINARY"
HIGH ABILITY STUDIES,HIGH ABIL STUD,1359-8139,1469-834X,"PSYCHOLOGY, EDUCATIONAL - SSCI",580,1.563,Q4,0.63,2.22%,"PSYCHOLOGY, EDUCATIONAL"
PSYCH JOURNAL,PSYCH J,2046-0252,2046-0260,"PSYCHOLOGY, MULTIDISCIPLINARY - SSCI",533,1.559,Q3,0.48,7.83%,"PSYCHOLOGY, MULTIDISCIPLINARY"
THEORY & PSYCHOLOGY,THEOR PSYCHOL,0959-3543,1461-7447,"PSYCHOLOGY, MULTIDISCIPLINARY - SSCI",1639,1.553,Q3,0.62,13.99%,"PSYCHOLOGY, MULTIDISCIPLINARY"
SPATIAL COGNITION AND COMPUTATION,SPAT COGN COMPUT,1387-5868,1542-7633,"PSYCHOLOGY, EXPERIMENTAL - SSCI",513,1.533,Q4,0.35,10.64%,"PSYCHOLOGY, EXPERIMENTAL"
APPLIED MEASUREMENT IN EDUCATION,APPL MEAS EDUC,0895-7347,1532-4818,"PSYCHOLOGY, EDUCATIONAL - SSCI; PSYCHOLOGY, MATHEMATICAL - SSCI",1039,1.528,Q3,0.58,1.33%,"PSYCHOLOGY, EDUCATIONAL"
PERSONAL RELATIONSHIPS,PERS RELATIONSHIP,1350-4126,1475-6811,"PSYCHOLOGY, SOCIAL - SSCI",3519,1.528,Q4,0.62,4.38%,"PSYCHOLOGY, SOCIAL"
SPANISH JOURNAL OF PSYCHOLOGY,SPAN J PSYCHOL,1138-7416,1988-2904,"PSYCHOLOGY - SCIE; PSYCHOLOGY, MULTIDISCIPLINARY - SSCI",2324,1.526,Q3,0.4,11.32%,PSYCHOLOGY - SCIE
COGNITIVE PROCESSING,COGN PROCESS,1612-4782,1612-4790,"PSYCHOLOGY, EXPERIMENTAL - SSCI",1868,1.523,Q4,0.45,22.22%,"PSYCHOLOGY, EXPERIMENTAL"
APPLIED PSYCHOLOGICAL MEASUREMENT,APPL PSYCH MEAS,0146-6216,1552-3497,"PSYCHOLOGY, MATHEMATICAL - SSCI",5558,1.522,Q3,0.59,8%,"PSYCHOLOGY, MATHEMATICAL"
BASIC AND APPLIED SOCIAL PSYCHOLOGY,BASIC APPL SOC PSYCH,0197-3533,1532-4834,"PSYCHOLOGY, SOCIAL - SSCI",3098,1.518,Q4,0.42,8.11%,"PSYCHOLOGY, SOCIAL"
JOURNAL OF DEVELOPMENTAL AND PHYSICAL DISABILITIES,J DEV PHYS DISABIL,1056-263X,1573-3580,"PSYCHOLOGY, DEVELOPMENTAL - SSCI",1463,1.517,Q4,0.63,7.07%,"PSYCHOLOGY, DEVELOPMENTAL"
DISCOURSE & SOCIETY,DISCOURSE SOC,0957-9265,1460-3624,"PSYCHOLOGY, MULTIDISCIPLINARY - SSCI",2545,1.507,Q3,0.66,16.83%,"PSYCHOLOGY, MULTIDISCIPLINARY"
PSYCHOSIS-PSYCHOLOGICAL SOCIAL AND INTEGRATIVE APPROACHES,PSYCHOSIS,1752-2439,1752-2447,"PSYCHOLOGY, CLINICAL - SSCI",648,1.494,Q4,0.32,9.93%,"PSYCHOLOGY, CLINICAL"
I-PERCEPTION,I-PERCEPTION,2041-6695,2041-6695,"PSYCHOLOGY, EXPERIMENTAL - SSCI",1195,1.492,Q4,0.56,96.91%,"PSYCHOLOGY, EXPERIMENTAL"
LEARNING AND MOTIVATION,LEARN MOTIV,0023-9690,1095-9122,"PSYCHOLOGY, BIOLOGICAL - SSCI; PSYCHOLOGY, EXPERIMENTAL - SSCI",1135,1.488,Q4,0.42,4.65%,"PSYCHOLOGY, BIOLOGICAL"
WOMEN & THERAPY,WOMEN THER,0270-3149,1541-0315,"PSYCHOLOGY, MULTIDISCIPLINARY - SSCI",655,1.484,Q3,0.72,1.20%,"PSYCHOLOGY, MULTIDISCIPLINARY"
LANGUAGE LEARNING AND DEVELOPMENT,LANG LEARN DEV,1547-5441,1547-3341,"PSYCHOLOGY, DEVELOPMENTAL - SSCI; PSYCHOLOGY, EXPERIMENTAL - SSCI",877,1.48,Q4,0.84,19.54%,"PSYCHOLOGY, DEVELOPMENTAL"
BULLETIN OF THE MENNINGER CLINIC,B MENNINGER CLIN,0025-9284,1943-2828,"PSYCHOLOGY, PSYCHOANALYSIS - SSCI",614,1.476,Q1,1.13,0%,"PSYCHOLOGY, PSYCHOANALYSIS"
ANNEE PSYCHOLOGIQUE,ANN PSYCHOL,0003-5033,1955-2580,"PSYCHOLOGY, MULTIDISCIPLINARY - SSCI",435,1.469,Q3,0.4,0%,"PSYCHOLOGY, MULTIDISCIPLINARY"
SPORT PSYCHOLOGIST,SPORT PSYCHOL,0888-4781,1543-2793,"PSYCHOLOGY - SCIE; PSYCHOLOGY, APPLIED - SSCI",2375,1.469,Q4,0.44,0%,PSYCHOLOGY - SCIE
EUROPEAN JOURNAL OF HEALTH PSYCHOLOGY,EUR J HEALTH PSYCHOL,2512-8442,2512-8450,"PSYCHOLOGY, CLINICAL - SSCI",116,1.464,Q4,0.44,5.66%,"PSYCHOLOGY, CLINICAL"
INTERNATIONAL REVIEW OF RESEARCH IN DEVELOPMENTAL DISABILITIES,INT REV RES DEV DISA,2211-6095,N/A,"PSYCHOLOGY, MULTIDISCIPLINARY - SSCI",259,1.462,Q3,0.42,0%,"PSYCHOLOGY, MULTIDISCIPLINARY"
TERAPIA PSICOLOGICA,TER PSICOL,0718-4808,0718-4808,"PSYCHOLOGY, CLINICAL - SSCI",458,1.458,Q4,0.32,69.44%,"PSYCHOLOGY, CLINICAL"
JOURNAL OF PSYCHOEDUCATIONAL ASSESSMENT,J PSYCHOEDUC ASSESS,0734-2829,1557-5144,"PSYCHOLOGY, EDUCATIONAL - SSCI",2543,1.452,Q4,0.55,4.27%,"PSYCHOLOGY, EDUCATIONAL"
ARCHIVE FOR THE PSYCHOLOGY OF RELIGION-ARCHIV FUR RELIGIONSPSYCHOLOGIE,ARCH PSYCHOL RELIG,0084-6724,1573-6121,"PSYCHOLOGY, MULTIDISCIPLINARY - SSCI",303,1.429,Q3,1.69,9.80%,"PSYCHOLOGY, MULTIDISCIPLINARY"
PSYCHOLOGISCHE RUNDSCHAU,PSYCHOL RUNDSCH,0033-3042,2190-6238,"PSYCHOLOGY, MULTIDISCIPLINARY - SSCI",318,1.417,Q4,0.43,6.45%,"PSYCHOLOGY, MULTIDISCIPLINARY"
EDUCATIONAL MEASUREMENT-ISSUES AND PRACTICE,EDUC MEAS-ISSUES PRA,0731-1745,1745-3992,"PSYCHOLOGY, EDUCATIONAL - SSCI",1243,1.402,Q4,0.61,0%,"PSYCHOLOGY, EDUCATIONAL"
NEGOTIATION AND CONFLICT MANAGEMENT RESEARCH,NEGOT CONFL MANAG R,1750-4708,1750-4716,"PSYCHOLOGY, APPLIED - SSCI",363,1.395,Q4,0.33,70.37%,"PSYCHOLOGY, APPLIED"
JOURNAL OF MATHEMATICAL PSYCHOLOGY,J MATH PSYCHOL,0022-2496,1096-0880,"PSYCHOLOGY, MATHEMATICAL - SSCI",3906,1.387,Q4,0.66,10.53%,"PSYCHOLOGY, MATHEMATICAL"
MEASUREMENT AND EVALUATION IN COUNSELING AND DEVELOPMENT,MEAS EVAL COUNS DEV,0748-1756,1947-6302,"PSYCHOLOGY, APPLIED - SSCI; PSYCHOLOGY, EDUCATIONAL - SSCI",1744,1.386,Q4,0.44,0%,"PSYCHOLOGY, APPLIED"
ANALYSES OF SOCIAL ISSUES AND PUBLIC POLICY,ANAL SOC ISS PUB POL,1529-7489,1530-2415,"PSYCHOLOGY, SOCIAL - SSCI",851,1.375,Q4,0.43,7.21%,"PSYCHOLOGY, SOCIAL"
CANADIAN JOURNAL OF SCHOOL PSYCHOLOGY,CAN J SCH PSYCHOL,0829-5735,2154-3984,"PSYCHOLOGY, EDUCATIONAL - SSCI",602,1.37,Q4,0.54,22.22%,"PSYCHOLOGY, EDUCATIONAL"
JOURNAL OF MOTOR BEHAVIOR,J MOTOR BEHAV,0022-2895,1940-1027,"PSYCHOLOGY - SCIE; PSYCHOLOGY, EXPERIMENTAL - SSCI",2829,1.358,Q4,0.4,4.37%,PSYCHOLOGY - SCIE
BEHAVIOUR CHANGE,BEHAV CHANGE,0813-4839,2049-7768,"PSYCHOLOGY, CLINICAL - SSCI",669,1.355,Q4,0.32,8.20%,"PSYCHOLOGY, CLINICAL"
JOURNAL OF CLASSIFICATION,J CLASSIF,0176-4268,1432-1343,"PSYCHOLOGY, MATHEMATICAL - SSCI",2475,1.333,Q4,0.51,16.52%,"PSYCHOLOGY, MATHEMATICAL"
JOURNAL OF GENETIC PSYCHOLOGY,J GENET PSYCHOL,0022-1325,1940-0896,"PSYCHOLOGY - SCIE; PSYCHOLOGY, DEVELOPMENTAL - SSCI; PSYCHOLOGY, MULTIDISCIPLINARY - SSCI",1729,1.333,Q4,0.43,2.83%,PSYCHOLOGY - SCIE
JOURNAL OF PSYCHOLINGUISTIC RESEARCH,J PSYCHOLINGUIST RES,0090-6905,1573-6555,"PSYCHOLOGY, EXPERIMENTAL - SSCI",2004,1.315,Q4,0.56,18.43%,"PSYCHOLOGY, EXPERIMENTAL"
PSYCHOTHERAPIE PSYCHOSOMATIK MEDIZINISCHE PSYCHOLOGIE,PSYCHOTHER PSYCH MED,0937-2032,1439-1058,"PSYCHOLOGY, CLINICAL - SSCI",1200,1.311,Q4,0.33,0%,"PSYCHOLOGY, CLINICAL"
HUMOR-INTERNATIONAL JOURNAL OF HUMOR RESEARCH,HUMOR,0933-1719,1613-3722,"PSYCHOLOGY, MULTIDISCIPLINARY - SSCI",949,1.288,Q4,0.88,4.26%,"PSYCHOLOGY, MULTIDISCIPLINARY"
JOURNAL OF NEUROSCIENCE PSYCHOLOGY AND ECONOMICS,J NEUROSCI PSYCHOL E,1937-321X,2151-318X,"PSYCHOLOGY, MULTIDISCIPLINARY - SSCI",395,1.28,Q4,0.44,0%,"PSYCHOLOGY, MULTIDISCIPLINARY"
PSYCHOLOGICAL RECORD,PSYCHOL REC,0033-2933,2163-3452,"PSYCHOLOGY, MULTIDISCIPLINARY - SSCI",1777,1.279,Q4,0.46,8.09%,"PSYCHOLOGY, MULTIDISCIPLINARY"
JOURNAL OF COGNITIVE PSYCHOLOGY,J COGN PSYCHOL,2044-5911,2044-592X,"PSYCHOLOGY, EXPERIMENTAL - SSCI",1486,1.279,Q4,0.32,15.61%,"PSYCHOLOGY, EXPERIMENTAL"
KOLNER ZEITSCHRIFT FUR SOZIOLOGIE UND SOZIALPSYCHOLOGIE,KOLNER Z SOZIOL SOZ,0023-2653,1861-891X,"PSYCHOLOGY, SOCIAL - SSCI",877,1.272,Q4,0.45,59.29%,"PSYCHOLOGY, SOCIAL"
MILITARY PSYCHOLOGY,MIL PSYCHOL,0899-5605,1532-7876,"PSYCHOLOGY, MULTIDISCIPLINARY - SSCI",1331,1.27,Q4,0.37,10.47%,"PSYCHOLOGY, MULTIDISCIPLINARY"
BEHAVIORAL INTERVENTIONS,BEHAV INTERVENT,1072-0847,1099-078X,"PSYCHOLOGY, CLINICAL - SSCI",764,1.269,Q4,0.33,2.62%,"PSYCHOLOGY, CLINICAL"
ZEITSCHRIFT FUR ARBEITS-UND ORGANISATIONSPSYCHOLOGIE,Z ARB ORGAN,0932-4089,2190-6270,"PSYCHOLOGY, APPLIED - SSCI",249,1.258,Q4,0.33,27.12%,"PSYCHOLOGY, APPLIED"
NEBRASKA SYMPOSIUM ON MOTIVATION,NEBR SYM MOTIV,0146-7875,N/A,"PSYCHOLOGY, SOCIAL - SSCI",1045,1.25,Q4,0.24,0%,"PSYCHOLOGY, SOCIAL"
PSYCHIATRY PSYCHOLOGY AND LAW,PSYCHIAT PSYCHOL LAW,1321-8719,1934-1687,"PSYCHOLOGY, MULTIDISCIPLINARY - SSCI",1036,1.247,Q4,0.6,8.96%,"PSYCHOLOGY, MULTIDISCIPLINARY"
SOUTH AFRICAN JOURNAL OF PSYCHOLOGY,S AFR J PSYCHOL,0081-2463,2078-208X,"PSYCHOLOGY, MULTIDISCIPLINARY - SSCI",1088,1.236,Q4,0.37,5.30%,"PSYCHOLOGY, MULTIDISCIPLINARY"
PSIHOLOGIJA,PSIHOLOGIJA,0048-5705,N/A,"PSYCHOLOGY, MULTIDISCIPLINARY - SSCI",380,1.234,Q4,0.42,100%,"PSYCHOLOGY, MULTIDISCIPLINARY"
JOURNAL OF PSYCHOPHYSIOLOGY,J PSYCHOPHYSIOL,0269-8803,2151-2124,"PSYCHOLOGY, BIOLOGICAL - SSCI",890,1.229,Q4,0.39,3.80%,"PSYCHOLOGY, BIOLOGICAL"
ADVANCES IN COGNITIVE PSYCHOLOGY,ADV COGN PSYCHOL,1895-1171,1895-1171,"PSYCHOLOGY, EXPERIMENTAL - SSCI",558,1.217,Q4,0.33,98.82%,"PSYCHOLOGY, EXPERIMENTAL"
INTERNATIONAL JOURNAL OF PSYCHOLOGICAL RESEARCH,INT J PSYCHOL RES,2011-7922,2011-2084,"PSYCHOLOGY, MULTIDISCIPLINARY - SSCI",711,1.212,Q4,0.29,100%,"PSYCHOLOGY, MULTIDISCIPLINARY"
NORDIC PSYCHOLOGY,NORD PSYCHOL,1901-2276,1904-0016,"PSYCHOLOGY, MULTIDISCIPLINARY - SSCI",388,1.208,Q4,0.36,35.37%,"PSYCHOLOGY, MULTIDISCIPLINARY"
EARLY CHILD DEVELOPMENT AND CARE,EARLY CHILD DEV CARE,0300-4430,1476-8275,"PSYCHOLOGY, DEVELOPMENTAL - SSCI",3372,1.206,Q4,0.55,6.29%,"PSYCHOLOGY, DEVELOPMENTAL"
EUROPEAN REVIEW OF APPLIED PSYCHOLOGY-REVUE EUROPEENNE DE PSYCHOLOGIE APPLIQUEE,EUR REV APPL PSYCHOL,1162-9088,1162-9088,"PSYCHOLOGY, APPLIED - SSCI",883,1.204,Q4,0.34,2.13%,"PSYCHOLOGY, APPLIED"
JOURNAL OF EDUCATIONAL MEASUREMENT,J EDUC MEAS,0022-0655,1745-3984,"PSYCHOLOGY, APPLIED - SSCI; PSYCHOLOGY, EDUCATIONAL - SSCI; PSYCHOLOGY, MATHEMATICAL - SSCI",7257,1.188,Q4,0.36,1.28%,"PSYCHOLOGY, APPLIED"
VERHALTENSTHERAPIE,VERHALTENSTHERAPIE,1016-6262,1423-0402,"PSYCHOLOGY, CLINICAL - SSCI",342,1.186,Q4,0.2,10.59%,"PSYCHOLOGY, CLINICAL"
SOCIAL BEHAVIOR AND PERSONALITY,SOC BEHAV PERSONAL,0301-2212,1179-6391,"PSYCHOLOGY, SOCIAL - SSCI",4768,1.183,Q4,0.32,3.93%,"PSYCHOLOGY, SOCIAL"
CULTURE & PSYCHOLOGY,CULT PSYCHOL,1354-067X,1461-7056,"PSYCHOLOGY, MULTIDISCIPLINARY - SSCI",941,1.168,Q4,0.42,9.76%,"PSYCHOLOGY, MULTIDISCIPLINARY"
AMERICAN JOURNAL OF FAMILY THERAPY,AM J FAM THER,0192-6187,1521-0383,"PSYCHOLOGY, CLINICAL - SSCI",1033,1.159,Q4,0.35,2.10%,"PSYCHOLOGY, CLINICAL"
INTEGRATIVE PSYCHOLOGICAL AND BEHAVIORAL SCIENCE,INTEGR PSYCHOL BEHAV,1932-4502,1936-3567,"PSYCHOLOGY, BIOLOGICAL - SSCI",767,1.156,Q4,0.33,16.75%,"PSYCHOLOGY, BIOLOGICAL"
ETHOS,ETHOS,0091-2131,1548-1352,"PSYCHOLOGY, MULTIDISCIPLINARY - SSCI",1300,1.146,Q4,0.54,11.11%,"PSYCHOLOGY, MULTIDISCIPLINARY"
ORGANIZATIONAL DYNAMICS,ORGAN DYN,0090-2616,1873-3530,"PSYCHOLOGY, APPLIED - SSCI",3250,1.133,Q4,0.31,5.56%,"PSYCHOLOGY, APPLIED"
INFANTS & YOUNG CHILDREN,INFANT YOUNG CHILD,0896-3746,1550-5081,"PSYCHOLOGY, DEVELOPMENTAL - SSCI",992,1.125,Q4,0.57,1.64%,"PSYCHOLOGY, DEVELOPMENTAL"
BRITISH JOURNAL OF GUIDANCE & COUNSELLING,BRIT J GUID COUNS,0306-9885,1469-3534,"PSYCHOLOGY, APPLIED - SSCI",1349,1.125,Q4,0.32,11.60%,"PSYCHOLOGY, APPLIED"
JOURNAL OF INVESTIGATIVE PSYCHOLOGY AND OFFENDER PROFILING,J INVEST PSYCHOL OFF,1544-4759,1544-4767,"PSYCHOLOGY, APPLIED - SSCI",507,1.119,Q4,0.51,16.67%,"PSYCHOLOGY, APPLIED"
DIAGNOSTICA,DIAGNOSTICA,0012-1924,2190-622X,"PSYCHOLOGY, CLINICAL - SSCI",1507,1.114,Q4,0.32,18.75%,"PSYCHOLOGY, CLINICAL"
BEHAVIORAL PSYCHOLOGY-PSICOLOGIA CONDUCTUAL,BEHAV PSYCHOL,1132-9483,1132-9483,"PSYCHOLOGY, CLINICAL - SSCI",599,1.111,Q4,0.28,0%,"PSYCHOLOGY, CLINICAL"
JAPANESE PSYCHOLOGICAL RESEARCH,JPN PSYCHOL RES,0021-5368,1468-5884,"PSYCHOLOGY, MULTIDISCIPLINARY - SSCI",774,1.095,Q4,0.39,0%,"PSYCHOLOGY, MULTIDISCIPLINARY"
CHILD & FAMILY BEHAVIOR THERAPY,CHILD FAM BEHAV THER,0731-7107,1545-228X,"PSYCHOLOGY, CLINICAL - SSCI",564,1.08,Q4,0.28,2.70%,"PSYCHOLOGY, CLINICAL"
JOURNAL FOR THE STUDY OF EDUCATION AND DEVELOPMENT,J STUD EDUC DEV,0210-3702,1578-4126,"PSYCHOLOGY, DEVELOPMENTAL - SSCI; PSYCHOLOGY, EDUCATIONAL - SSCI",62,1.077,Q4,0.36,7.69%,"PSYCHOLOGY, DEVELOPMENTAL"
NONLINEAR DYNAMICS PSYCHOLOGY AND LIFE SCIENCES,NONLIN DYNAM PSYCHOL,1090-0578,1573-6652,"PSYCHOLOGY, MATHEMATICAL - SSCI",466,1.068,Q4,0.4,0%,"PSYCHOLOGY, MATHEMATICAL"
AMERICAN JOURNAL OF PSYCHOLOGY,AM J PSYCHOL,0002-9556,1939-8298,"PSYCHOLOGY, MULTIDISCIPLINARY - SSCI",3652,1.059,Q4,0.29,0%,"PSYCHOLOGY, MULTIDISCIPLINARY"
SWISS JOURNAL OF PSYCHOLOGY,SWISS J PSYCHOL,1421-0185,1662-0879,"PSYCHOLOGY, MULTIDISCIPLINARY - SSCI",526,1.037,Q4,0.38,3.70%,"PSYCHOLOGY, MULTIDISCIPLINARY"
HISPANIC JOURNAL OF BEHAVIORAL SCIENCES,HISPANIC J BEHAV SCI,0739-9863,1552-6364,"PSYCHOLOGY, MULTIDISCIPLINARY - SSCI",2024,1.033,Q4,0.35,1.27%,"PSYCHOLOGY, MULTIDISCIPLINARY"
ZEITSCHRIFT FUR PSYCHOSOMATISCHE MEDIZIN UND PSYCHOTHERAPIE,Z PSYCHOSOM MED PSYC,1438-3608,2196-8349,"PSYCHOLOGY - SCIE; PSYCHOLOGY, CLINICAL - SSCI; PSYCHOLOGY, MULTIDISCIPLINARY - SSCI; PSYCHOLOGY, PSYCHOANALYSIS - SSCI",407,1,Q1,0.67,42.62%,PSYCHOLOGY - SCIE
MERRILL-PALMER QUARTERLY-JOURNAL OF DEVELOPMENTAL PSYCHOLOGY,MERRILL PALMER QUART,0272-930X,1535-0266,"PSYCHOLOGY, DEVELOPMENTAL - SSCI",2114,1,Q4,0.27,0%,"PSYCHOLOGY, DEVELOPMENTAL"
ZEITSCHRIFT FUR ENTWICKLUNGSPSYCHOLOGIE UND PADAGOGISCHE PSYCHOLOGIE,Z ENTWICKL PADAGOGIS,0049-8637,2190-6262,"PSYCHOLOGY, EDUCATIONAL - SSCI",295,1,Q4,0.22,48.28%,"PSYCHOLOGY, EDUCATIONAL"
STUDIA PSYCHOLOGICA,STUD PSYCHOL,0039-3320,2585-8815,"PSYCHOLOGY, MULTIDISCIPLINARY - SSCI",408,0.953,Q4,0.3,100%,"PSYCHOLOGY, MULTIDISCIPLINARY"
REVISTA DE PSICOLOGIA DEL DEPORTE,REV PSICOL DEPORTE,1132-239X,1988-5636,"PSYCHOLOGY, APPLIED - SSCI",1152,0.936,Q4,0.26,0%,"PSYCHOLOGY, APPLIED"
INTERNATIONAL JOURNAL OF PSYCHOANALYSIS,INT J PSYCHOANAL,0020-7578,1745-8315,"PSYCHOLOGY, PSYCHOANALYSIS - SSCI",2654,0.929,Q2,1.04,1.17%,"PSYCHOLOGY, PSYCHOANALYSIS"
ESTUDIOS DE PSICOLOGIA,ESTUD PSICOL-MADRID,0210-9395,1579-3699,"PSYCHOLOGY, MULTIDISCIPLINARY - SSCI",293,0.923,Q4,0.25,0%,"PSYCHOLOGY, MULTIDISCIPLINARY"
JOURNAL OF THE AMERICAN PSYCHOANALYTIC ASSOCIATION,J AM PSYCHOANAL ASS,0003-0651,1941-2460,"PSYCHOLOGY, PSYCHOANALYSIS - SSCI",1216,0.919,Q2,0.8,1.85%,"PSYCHOLOGY, PSYCHOANALYSIS"
