sample_id,journal_name,is_empirical,has_ppc,ppc_type,ppc_name,ppc_description,ppc_length,ppc_time,ppc_ref,ppc_review
random,BRITISH JOURNAL OF MATHEMATICAL & STATISTICAL PSYCHOLOGY,F,NA,A,NA,NA,NA,NA,NA,NA
random,BRITISH JOURNAL OF MATHEMATICAL & STATISTICAL PSYCHOLOGY,F,NA,B,NA,NA,NA,NA,NA,NA
random,BRITISH JOURNAL OF MATHEMATICAL & STATISTICAL PSYCHOLOGY,F,NA,C,NA,NA,NA,NA,NA,NA
random,JOURNAL OF SPORT PSYCHOLOGY IN ACTION,F,NA,A,NA,NA,NA,NA,NA,NA
random,JOURNAL OF SPORT PSYCHOLOGY IN ACTION,F,NA,B,NA,NA,NA,NA,NA,NA
random,JOURNAL OF SPORT PSYCHOLOGY IN ACTION,F,NA,C,NA,NA,NA,NA,NA,NA
random,ORGANIZATIONAL DYNAMICS,F,NA,A,NA,NA,NA,NA,NA,NA
random,ORGANIZATIONAL DYNAMICS,F,NA,B,NA,NA,NA,NA,NA,NA
random,ORGANIZATIONAL DYNAMICS,F,NA,C,NA,NA,NA,NA,NA,NA
random,ACTA PSYCHOLOGICA,T,NO IMPLICIT,A,NA,NA,NA,NA,NA,NA
random,ACTA PSYCHOLOGICA,T,NO IMPLICIT,B,NA,NA,NA,NA,NA,NA
random,ACTA PSYCHOLOGICA,T,NO IMPLICIT,C,NA,NA,NA,NA,NA,NA
random,ADAPTIVE HUMAN BEHAVIOR AND PHYSIOLOGY,T,YES,A,Commentary,na,NOT STATED,NOT STATED,NOT STATED,NOT STATED
random,ADAPTIVE HUMAN BEHAVIOR AND PHYSIOLOGY,T,YES,B,NA,NA,NA,NA,NA,NA
random,ADAPTIVE HUMAN BEHAVIOR AND PHYSIOLOGY,T,YES,C,NA,NA,NA,NA,NA,NA
random,ADDICTIVE BEHAVIORS,T,NO IMPLICIT,A,NA,NA,NA,NA,NA,NA
random,ADDICTIVE BEHAVIORS,T,NO IMPLICIT,B,NA,NA,NA,NA,NA,NA
random,ADDICTIVE BEHAVIORS,T,NO IMPLICIT,C,NA,NA,NA,NA,NA,NA
random,AMERICAN JOURNAL OF COMMUNITY PSYCHOLOGY,T,YES,A,Commentary,"A Commentary is an invited submission for a Special Issue/Section of the journal, or a submission in response to an article previously published in the journal. When submitted in response to a published article, a Commentary should include a title, abstract, and keywords, and be limited to no more than 2,000 words and up to ten references (about 8-10 pages INCLUSIVE). Commentaries of articles previously published in the journal may be accompanied by an invited response from the author(s) of the original article. AJCP welcomes commentaries on work published in the journal; readers interested in submitting a Commentary should contact the Editor.",2000,NOT STATED,10,NOT STATED
random,AMERICAN JOURNAL OF COMMUNITY PSYCHOLOGY,T,YES,B,NA,NA,NA,NA,NA,NA
random,AMERICAN JOURNAL OF COMMUNITY PSYCHOLOGY,T,YES,C,NA,NA,NA,NA,NA,NA
random,ANALES DE PSICOLOGIA,T,NO IMPLICIT,A,NA,NA,NA,NA,NA,NA
random,ANALES DE PSICOLOGIA,T,NO IMPLICIT,B,NA,NA,NA,NA,NA,NA
random,ANALES DE PSICOLOGIA,T,NO IMPLICIT,C,NA,NA,NA,NA,NA,NA
random,APPLIED COGNITIVE PSYCHOLOGY,T,ARCHIVE,A,NA,NA,NA,NA,NA,NA
random,APPLIED COGNITIVE PSYCHOLOGY,T,ARCHIVE,B,NA,NA,NA,NA,NA,NA
random,APPLIED COGNITIVE PSYCHOLOGY,T,ARCHIVE,C,NA,NA,NA,NA,NA,NA
random,APPLIED MEASUREMENT IN EDUCATION,T,NO IMPLICIT,A,NA,NA,NA,NA,NA,NA
random,APPLIED MEASUREMENT IN EDUCATION,T,NO IMPLICIT,B,NA,NA,NA,NA,NA,NA
random,APPLIED MEASUREMENT IN EDUCATION,T,NO IMPLICIT,C,NA,NA,NA,NA,NA,NA
random,ASIAN AMERICAN JOURNAL OF PSYCHOLOGY,T,NO IMPLICIT,A,NA,NA,NA,NA,NA,NA
random,ASIAN AMERICAN JOURNAL OF PSYCHOLOGY,T,NO IMPLICIT,B,NA,NA,NA,NA,NA,NA
random,ASIAN AMERICAN JOURNAL OF PSYCHOLOGY,T,NO IMPLICIT,C,NA,NA,NA,NA,NA,NA
random,ATTACHMENT & HUMAN DEVELOPMENT,T,NO IMPLICIT,A,NA,NA,NA,NA,NA,NA
random,ATTACHMENT & HUMAN DEVELOPMENT,T,NO IMPLICIT,B,NA,NA,NA,NA,NA,NA
random,ATTACHMENT & HUMAN DEVELOPMENT,T,NO IMPLICIT,C,NA,NA,NA,NA,NA,NA
random,AUTISM & DEVELOPMENTAL LANGUAGE IMPAIRMENTS,T,NO IMPLICIT,A,NA,NA,NA,NA,NA,NA
random,AUTISM & DEVELOPMENTAL LANGUAGE IMPAIRMENTS,T,NO IMPLICIT,B,NA,NA,NA,NA,NA,NA
random,AUTISM & DEVELOPMENTAL LANGUAGE IMPAIRMENTS,T,NO IMPLICIT,C,NA,NA,NA,NA,NA,NA
random,BMC PSYCHOLOGY,T,YES,A,Commentary,"BMC Psychology recognizes the importance of post-publication commentary on published research as necessary to advancing scientific or academic discourse. Formal post-publication commentary on published papers can involve challenges, clarifications or, in some cases, replication of the published work and may, after peer review, be published online as Matters Arising articles, usually alongside a Reply from the original authors.

Matters Arising articles are interesting and timely scientific or academic comments and clarifications on original research papers published in the journal. These comments should be based on knowledge contemporaneous with the original paper, rather than subsequent scientific or academic developments.

If the submission serves only to identify an important error or mistake in the published paper, it will usually lead to the publication of a clarification statement (correction or retraction, for example). Please contact the journal for these cases. 

In all cases, the journal strongly encourages correspondents to first contact the authors of the paper directly as this can often resolve matters if it is a simple misunderstanding.

Matters Arising articles and Replies are bidirectionally linked with the original published paper. This journal does not consider Matters Arising articles on papers published in other journals. Contributions that do not comply with our submission criteria (see sections below) will not be considered.",1200,Qualitative,15,YES
random,BMC PSYCHOLOGY,T,YES,B,NA,NA,NA,NA,NA,NA
random,BMC PSYCHOLOGY,T,YES,C,NA,NA,NA,NA,NA,NA
random,BRITISH JOURNAL OF DEVELOPMENTAL PSYCHOLOGY,T,NO IMPLICIT,A,NA,NA,NA,NA,NA,NA
random,BRITISH JOURNAL OF DEVELOPMENTAL PSYCHOLOGY,T,NO IMPLICIT,B,NA,NA,NA,NA,NA,NA
random,BRITISH JOURNAL OF DEVELOPMENTAL PSYCHOLOGY,T,NO IMPLICIT,C,NA,NA,NA,NA,NA,NA
random,CANADIAN JOURNAL OF SCHOOL PSYCHOLOGY,T,NO IMPLICIT,A,NA,NA,NA,NA,NA,NA
random,CANADIAN JOURNAL OF SCHOOL PSYCHOLOGY,T,NO IMPLICIT,B,NA,NA,NA,NA,NA,NA
random,CANADIAN JOURNAL OF SCHOOL PSYCHOLOGY,T,NO IMPLICIT,C,NA,NA,NA,NA,NA,NA
random,CAREER DEVELOPMENT INTERNATIONAL,T,NO IMPLICIT,A,NA,NA,NA,NA,NA,NA
random,CAREER DEVELOPMENT INTERNATIONAL,T,NO IMPLICIT,B,NA,NA,NA,NA,NA,NA
random,CAREER DEVELOPMENT INTERNATIONAL,T,NO IMPLICIT,C,NA,NA,NA,NA,NA,NA
random,CAREER DEVELOPMENT QUARTERLY,T,NO IMPLICIT,A,NA,NA,NA,NA,NA,NA
random,CAREER DEVELOPMENT QUARTERLY,T,NO IMPLICIT,B,NA,NA,NA,NA,NA,NA
random,CAREER DEVELOPMENT QUARTERLY,T,NO IMPLICIT,C,NA,NA,NA,NA,NA,NA
random,CHILD ABUSE & NEGLECT,T,NO IMPLICIT,A,NA,NA,NA,NA,NA,NA
random,CHILD ABUSE & NEGLECT,T,NO IMPLICIT,B,NA,NA,NA,NA,NA,NA
random,CHILD ABUSE & NEGLECT,T,NO IMPLICIT,C,NA,NA,NA,NA,NA,NA
random,CLINICAL CHILD PSYCHOLOGY AND PSYCHIATRY,T,NO IMPLICIT,A,NA,NA,NA,NA,NA,NA
random,CLINICAL CHILD PSYCHOLOGY AND PSYCHIATRY,T,NO IMPLICIT,B,NA,NA,NA,NA,NA,NA
random,CLINICAL CHILD PSYCHOLOGY AND PSYCHIATRY,T,NO IMPLICIT,C,NA,NA,NA,NA,NA,NA
random,COACHING-AN INTERNATIONAL JOURNAL OF THEORY RESEARCH AND PRACTICE,T,NO IMPLICIT,A,NA,NA,NA,NA,NA,NA
random,COACHING-AN INTERNATIONAL JOURNAL OF THEORY RESEARCH AND PRACTICE,T,NO IMPLICIT,B,NA,NA,NA,NA,NA,NA
random,COACHING-AN INTERNATIONAL JOURNAL OF THEORY RESEARCH AND PRACTICE,T,NO IMPLICIT,C,NA,NA,NA,NA,NA,NA
random,COGENT PSYCHOLOGY,T,NO IMPLICIT,A,NA,NA,NA,NA,NA,NA
random,COGENT PSYCHOLOGY,T,NO IMPLICIT,B,NA,NA,NA,NA,NA,NA
random,COGENT PSYCHOLOGY,T,NO IMPLICIT,C,NA,NA,NA,NA,NA,NA
random,COGNITION AND INSTRUCTION,T,NO IMPLICIT,A,NA,NA,NA,NA,NA,NA
random,COGNITION AND INSTRUCTION,T,NO IMPLICIT,B,NA,NA,NA,NA,NA,NA
random,COGNITION AND INSTRUCTION,T,NO IMPLICIT,C,NA,NA,NA,NA,NA,NA
random,COGNITIVE SCIENCE,T,YES,A,Letters,"Letters to the editor consisting of approximately 1,000 words, and will be commentaries on articles, responses to commentaries, or discussion items of general relevance to the cognitive science community",1000,NOT STATED,NOT STATED,NOT STATED
random,COGNITIVE SCIENCE,T,YES,B,NA,NA,NA,NA,NA,NA
random,COGNITIVE SCIENCE,T,YES,C,NA,NA,NA,NA,NA,NA
random,CORTEX,T,YES,A,Commentary,"These submissions may comment, criticize or supplement articles or reports previously published in Cortex. No abstract is required.",NOT STATED,NOT STATED,NOT STATED,NOT STATED
random,CORTEX,T,YES,B,Other,"From Author Guidelines: ""These submissions evaluate the claims in published research through reanalysis of the original study data. Like Registered Reports, they undergo a two-phase review process in which the importance of the proposed analysis and validity of the methodology are considered prior to the results being presented.""

From Guide Document: ""Verification Reports are a form of empirical article in which authors evaluate the claims in published research through reanalysis of the original study data. The purpose of this format is to assess the credibility of previous conclusions by​ repeating the original analyses to test computational reproducibility or, in addition, by reporting new analyses to test robustness.""",NOT STATED,NOT STATED,NOT STATED,NOT STATED
random,CORTEX,T,YES,C,NA,NA,NA,NA,NA,NA
random,CUADERNOS DE NEUROPSICOLOGIA-PANAMERICAN JOURNAL OF NEUROPSYCHOLOGY,T,YES,A,Letters,Of characteristics and variable length according to criteria of the editorial body. Emphasis is placed on the discussion on the contents of the magazine or the reflective comment on events that occurred in the world regarding the theme of the magazine.,NOT STATED,NOT STATED,NOT STATED,NOT STATED
random,CUADERNOS DE NEUROPSICOLOGIA-PANAMERICAN JOURNAL OF NEUROPSYCHOLOGY,T,YES,B,NA,NA,NA,NA,NA,NA
random,CUADERNOS DE NEUROPSICOLOGIA-PANAMERICAN JOURNAL OF NEUROPSYCHOLOGY,T,YES,C,NA,NA,NA,NA,NA,NA
random,DEVIANT BEHAVIOR,T,NO IMPLICIT,A,NA,NA,NA,NA,NA,NA
random,DEVIANT BEHAVIOR,T,NO IMPLICIT,B,NA,NA,NA,NA,NA,NA
random,DEVIANT BEHAVIOR,T,NO IMPLICIT,C,NA,NA,NA,NA,NA,NA
random,EARLY EDUCATION AND DEVELOPMENT,T,NO IMPLICIT,A,NA,NA,NA,NA,NA,NA
random,EARLY EDUCATION AND DEVELOPMENT,T,NO IMPLICIT,B,NA,NA,NA,NA,NA,NA
random,EARLY EDUCATION AND DEVELOPMENT,T,NO IMPLICIT,C,NA,NA,NA,NA,NA,NA
random,EATING BEHAVIORS,T,NO IMPLICIT,A,NA,NA,NA,NA,NA,NA
random,EATING BEHAVIORS,T,NO IMPLICIT,B,NA,NA,NA,NA,NA,NA
random,EATING BEHAVIORS,T,NO IMPLICIT,C,NA,NA,NA,NA,NA,NA
random,ECOLOGICAL PSYCHOLOGY,T,NO IMPLICIT,A,NA,NA,NA,NA,NA,NA
random,ECOLOGICAL PSYCHOLOGY,T,NO IMPLICIT,B,NA,NA,NA,NA,NA,NA
random,ECOLOGICAL PSYCHOLOGY,T,NO IMPLICIT,C,NA,NA,NA,NA,NA,NA
random,EDUCATIONAL AND DEVELOPMENTAL PSYCHOLOGIST,T,NO IMPLICIT,A,NA,NA,NA,NA,NA,NA
random,EDUCATIONAL AND DEVELOPMENTAL PSYCHOLOGIST,T,NO IMPLICIT,B,NA,NA,NA,NA,NA,NA
random,EDUCATIONAL AND DEVELOPMENTAL PSYCHOLOGIST,T,NO IMPLICIT,C,NA,NA,NA,NA,NA,NA
random,EMOTIONAL AND BEHAVIOURAL DIFFICULTIES,T,NO IMPLICIT,A,NA,NA,NA,NA,NA,NA
random,EMOTIONAL AND BEHAVIOURAL DIFFICULTIES,T,NO IMPLICIT,B,NA,NA,NA,NA,NA,NA
random,EMOTIONAL AND BEHAVIOURAL DIFFICULTIES,T,NO IMPLICIT,C,NA,NA,NA,NA,NA,NA
random,EUROPEAN JOURNAL OF DEVELOPMENTAL PSYCHOLOGY,T,NO IMPLICIT,A,NA,NA,NA,NA,NA,NA
random,EUROPEAN JOURNAL OF DEVELOPMENTAL PSYCHOLOGY,T,NO IMPLICIT,B,NA,NA,NA,NA,NA,NA
random,EUROPEAN JOURNAL OF DEVELOPMENTAL PSYCHOLOGY,T,NO IMPLICIT,C,NA,NA,NA,NA,NA,NA
random,EUROPEAN JOURNAL OF PSYCHOLOGY OF EDUCATION,T,NO IMPLICIT,A,NA,NA,NA,NA,NA,NA
random,EUROPEAN JOURNAL OF PSYCHOLOGY OF EDUCATION,T,NO IMPLICIT,B,NA,NA,NA,NA,NA,NA
random,EUROPEAN JOURNAL OF PSYCHOLOGY OF EDUCATION,T,NO IMPLICIT,C,NA,NA,NA,NA,NA,NA
random,FOCUS ON AUTISM AND OTHER DEVELOPMENTAL DISABILITIES,T,NO IMPLICIT,A,NA,NA,NA,NA,NA,NA
random,FOCUS ON AUTISM AND OTHER DEVELOPMENTAL DISABILITIES,T,NO IMPLICIT,B,NA,NA,NA,NA,NA,NA
random,FOCUS ON AUTISM AND OTHER DEVELOPMENTAL DISABILITIES,T,NO IMPLICIT,C,NA,NA,NA,NA,NA,NA
random,GEROPSYCH-THE JOURNAL OF GERONTOPSYCHOLOGY AND GERIATRIC PSYCHIATRY,T,NO IMPLICIT,A,NA,NA,NA,NA,NA,NA
random,GEROPSYCH-THE JOURNAL OF GERONTOPSYCHOLOGY AND GERIATRIC PSYCHIATRY,T,NO IMPLICIT,B,NA,NA,NA,NA,NA,NA
random,GEROPSYCH-THE JOURNAL OF GERONTOPSYCHOLOGY AND GERIATRIC PSYCHIATRY,T,NO IMPLICIT,C,NA,NA,NA,NA,NA,NA
random,HUMAN MOVEMENT SCIENCE,T,YES,A,Letters,letters to the editor containing a critical commentary on a published paper.,NOT STATED,NOT STATED,NOT STATED,NOT STATED
random,HUMAN MOVEMENT SCIENCE,T,YES,B,NA,NA,NA,NA,NA,NA
random,HUMAN MOVEMENT SCIENCE,T,YES,C,NA,NA,NA,NA,NA,NA
random,INFANCY,T,NO IMPLICIT,A,NA,NA,NA,NA,NA,NA
random,INFANCY,T,NO IMPLICIT,B,NA,NA,NA,NA,NA,NA
random,INFANCY,T,NO IMPLICIT,C,NA,NA,NA,NA,NA,NA
random,INTERNATIONAL JOURNAL OF OFFENDER THERAPY AND COMPARATIVE CRIMINOLOGY,T,NO IMPLICIT,A,NA,NA,NA,NA,NA,NA
random,INTERNATIONAL JOURNAL OF OFFENDER THERAPY AND COMPARATIVE CRIMINOLOGY,T,NO IMPLICIT,B,NA,NA,NA,NA,NA,NA
random,INTERNATIONAL JOURNAL OF OFFENDER THERAPY AND COMPARATIVE CRIMINOLOGY,T,NO IMPLICIT,C,NA,NA,NA,NA,NA,NA
random,JOURNAL OF ADOLESCENCE,T,NO IMPLICIT,A,NA,NA,NA,NA,NA,NA
random,JOURNAL OF ADOLESCENCE,T,NO IMPLICIT,B,NA,NA,NA,NA,NA,NA
random,JOURNAL OF ADOLESCENCE,T,NO IMPLICIT,C,NA,NA,NA,NA,NA,NA
random,JOURNAL OF CHILD AND ADOLESCENT MENTAL HEALTH,T,YES,A,Letters,No description,NOT STATED,NOT STATED,NOT STATED,NOT STATED
random,JOURNAL OF CHILD AND ADOLESCENT MENTAL HEALTH,T,YES,B,NA,NA,NA,NA,NA,NA
random,JOURNAL OF CHILD AND ADOLESCENT MENTAL HEALTH,T,YES,C,NA,NA,NA,NA,NA,NA
random,JOURNAL OF COGNITION AND CULTURE,T,YES,A,NA,na,2000,NOT STATED,NOT STATED,NOT STATED
random,JOURNAL OF COGNITION AND CULTURE,T,YES,B,Letters,na,500,NOT STATED,NOT STATED,NOT STATED
random,JOURNAL OF COGNITION AND CULTURE,T,YES,C,NA,NA,NA,NA,NA,NA
random,JOURNAL OF COUPLE & RELATIONSHIP THERAPY-INNOVATIONS IN CLINICAL AND EDUCATIONAL INTERVENTIONS,T,NO IMPLICIT,A,NA,NA,NA,NA,NA,NA
random,JOURNAL OF COUPLE & RELATIONSHIP THERAPY-INNOVATIONS IN CLINICAL AND EDUCATIONAL INTERVENTIONS,T,NO IMPLICIT,B,NA,NA,NA,NA,NA,NA
random,JOURNAL OF COUPLE & RELATIONSHIP THERAPY-INNOVATIONS IN CLINICAL AND EDUCATIONAL INTERVENTIONS,T,NO IMPLICIT,C,NA,NA,NA,NA,NA,NA
random,JOURNAL OF DUAL DIAGNOSIS,T,YES,A,Letters,No description,NOT STATED,NOT STATED,NOT STATED,NOT STATED
random,JOURNAL OF DUAL DIAGNOSIS,T,YES,B,NA,NA,NA,NA,NA,NA
random,JOURNAL OF DUAL DIAGNOSIS,T,YES,C,NA,NA,NA,NA,NA,NA
random,JOURNAL OF EXPERIMENTAL EDUCATION,T,NO IMPLICIT,A,NA,NA,NA,NA,NA,NA
random,JOURNAL OF EXPERIMENTAL EDUCATION,T,NO IMPLICIT,B,NA,NA,NA,NA,NA,NA
random,JOURNAL OF EXPERIMENTAL EDUCATION,T,NO IMPLICIT,C,NA,NA,NA,NA,NA,NA
random,JOURNAL OF GAMBLING STUDIES,T,ARCHIVE,A,NA,NA,NA,NA,NA,NA
random,JOURNAL OF GAMBLING STUDIES,T,ARCHIVE,B,NA,NA,NA,NA,NA,NA
random,JOURNAL OF GAMBLING STUDIES,T,ARCHIVE,C,NA,NA,NA,NA,NA,NA
random,JOURNAL OF HEALTH PSYCHOLOGY,T,YES,A,Commentary,Open peer commentaries on recent articles in this journal or topical issues,2000,Qualitative,NOT STATED,NOT STATED
random,JOURNAL OF HEALTH PSYCHOLOGY,T,YES,B,NA,NA,NA,NA,NA,NA
random,JOURNAL OF HEALTH PSYCHOLOGY,T,YES,C,NA,NA,NA,NA,NA,NA
random,JOURNAL OF MEDIA PSYCHOLOGY-THEORIES METHODS AND APPLICATIONS,T,NO IMPLICIT,A,NA,NA,NA,NA,NA,NA
random,JOURNAL OF MEDIA PSYCHOLOGY-THEORIES METHODS AND APPLICATIONS,T,NO IMPLICIT,B,NA,NA,NA,NA,NA,NA
random,JOURNAL OF MEDIA PSYCHOLOGY-THEORIES METHODS AND APPLICATIONS,T,NO IMPLICIT,C,NA,NA,NA,NA,NA,NA
random,JOURNAL OF PERSONNEL PSYCHOLOGY,T,NO IMPLICIT,A,NA,NA,NA,NA,NA,NA
random,JOURNAL OF PERSONNEL PSYCHOLOGY,T,NO IMPLICIT,B,NA,NA,NA,NA,NA,NA
random,JOURNAL OF PERSONNEL PSYCHOLOGY,T,NO IMPLICIT,C,NA,NA,NA,NA,NA,NA
random,JOURNAL OF REPRODUCTIVE AND INFANT PSYCHOLOGY,T,NO IMPLICIT,A,NA,NA,NA,NA,NA,NA
random,JOURNAL OF REPRODUCTIVE AND INFANT PSYCHOLOGY,T,NO IMPLICIT,B,NA,NA,NA,NA,NA,NA
random,JOURNAL OF REPRODUCTIVE AND INFANT PSYCHOLOGY,T,NO IMPLICIT,C,NA,NA,NA,NA,NA,NA
random,JOURNAL OF SOCIAL AND CLINICAL PSYCHOLOGY,T,NO IMPLICIT,A,NA,NA,NA,NA,NA,NA
random,JOURNAL OF SOCIAL AND CLINICAL PSYCHOLOGY,T,NO IMPLICIT,B,NA,NA,NA,NA,NA,NA
random,JOURNAL OF SOCIAL AND CLINICAL PSYCHOLOGY,T,NO IMPLICIT,C,NA,NA,NA,NA,NA,NA
random,JOURNAL OF SPORT & EXERCISE PSYCHOLOGY,T,NO IMPLICIT,A,NA,NA,NA,NA,NA,NA
random,JOURNAL OF SPORT & EXERCISE PSYCHOLOGY,T,NO IMPLICIT,B,NA,NA,NA,NA,NA,NA
random,JOURNAL OF SPORT & EXERCISE PSYCHOLOGY,T,NO IMPLICIT,C,NA,NA,NA,NA,NA,NA
random,JOURNAL OF TRUST RESEARCH,T,NO IMPLICIT,A,NA,NA,NA,NA,NA,NA
random,JOURNAL OF TRUST RESEARCH,T,NO IMPLICIT,B,NA,NA,NA,NA,NA,NA
random,JOURNAL OF TRUST RESEARCH,T,NO IMPLICIT,C,NA,NA,NA,NA,NA,NA
random,MEMORY & COGNITION,T,NO IMPLICIT,A,NA,NA,NA,NA,NA,NA
random,MEMORY & COGNITION,T,NO IMPLICIT,B,NA,NA,NA,NA,NA,NA
random,MEMORY & COGNITION,T,NO IMPLICIT,C,NA,NA,NA,NA,NA,NA
random,NEUROPSYCHOLOGICAL TRENDS,T,NO IMPLICIT,A,NA,NA,NA,NA,NA,NA
random,NEUROPSYCHOLOGICAL TRENDS,T,NO IMPLICIT,B,NA,NA,NA,NA,NA,NA
random,NEUROPSYCHOLOGICAL TRENDS,T,NO IMPLICIT,C,NA,NA,NA,NA,NA,NA
random,NONLINEAR DYNAMICS PSYCHOLOGY AND LIFE SCIENCES,T,NO IMPLICIT,A,NA,NA,NA,NA,NA,NA
random,NONLINEAR DYNAMICS PSYCHOLOGY AND LIFE SCIENCES,T,NO IMPLICIT,B,NA,NA,NA,NA,NA,NA
random,NONLINEAR DYNAMICS PSYCHOLOGY AND LIFE SCIENCES,T,NO IMPLICIT,C,NA,NA,NA,NA,NA,NA
random,NORDIC PSYCHOLOGY,T,NO IMPLICIT,A,NA,NA,NA,NA,NA,NA
random,NORDIC PSYCHOLOGY,T,NO IMPLICIT,B,NA,NA,NA,NA,NA,NA
random,NORDIC PSYCHOLOGY,T,NO IMPLICIT,C,NA,NA,NA,NA,NA,NA
random,OCCUPATIONAL HEALTH SCIENCE,T,NO IMPLICIT,A,NA,NA,NA,NA,NA,NA
random,OCCUPATIONAL HEALTH SCIENCE,T,NO IMPLICIT,B,NA,NA,NA,NA,NA,NA
random,OCCUPATIONAL HEALTH SCIENCE,T,NO IMPLICIT,C,NA,NA,NA,NA,NA,NA
random,PERCEPTUAL AND MOTOR SKILLS,T,ARCHIVE,A,NA,NA,NA,NA,NA,NA
random,PERCEPTUAL AND MOTOR SKILLS,T,ARCHIVE,B,NA,NA,NA,NA,NA,NA
random,PERCEPTUAL AND MOTOR SKILLS,T,ARCHIVE,C,NA,NA,NA,NA,NA,NA
random,POLITICAL PSYCHOLOGY,T,NO IMPLICIT,A,NA,NA,NA,NA,NA,NA
random,POLITICAL PSYCHOLOGY,T,NO IMPLICIT,B,NA,NA,NA,NA,NA,NA
random,POLITICAL PSYCHOLOGY,T,NO IMPLICIT,C,NA,NA,NA,NA,NA,NA
random,PSIHOLOGIJA,T,NO IMPLICIT,A,NA,NA,NA,NA,NA,NA
random,PSIHOLOGIJA,T,NO IMPLICIT,B,NA,NA,NA,NA,NA,NA
random,PSIHOLOGIJA,T,NO IMPLICIT,C,NA,NA,NA,NA,NA,NA
random,PSYCH JOURNAL,T,NO IMPLICIT,A,NA,NA,NA,NA,NA,NA
random,PSYCH JOURNAL,T,NO IMPLICIT,B,NA,NA,NA,NA,NA,NA
random,PSYCH JOURNAL,T,NO IMPLICIT,C,NA,NA,NA,NA,NA,NA
random,PSYCHOLOGICAL INJURY & LAW,T,NO IMPLICIT,A,NA,NA,NA,NA,NA,NA
random,PSYCHOLOGICAL INJURY & LAW,T,NO IMPLICIT,B,NA,NA,NA,NA,NA,NA
random,PSYCHOLOGICAL INJURY & LAW,T,NO IMPLICIT,C,NA,NA,NA,NA,NA,NA
random,PSYCHOLOGICAL STUDIES,T,NO IMPLICIT,A,NA,NA,NA,NA,NA,NA
random,PSYCHOLOGICAL STUDIES,T,NO IMPLICIT,B,NA,NA,NA,NA,NA,NA
random,PSYCHOLOGICAL STUDIES,T,NO IMPLICIT,C,NA,NA,NA,NA,NA,NA
random,PSYCHOLOGY & SEXUALITY,T,NO IMPLICIT,A,NA,NA,NA,NA,NA,NA
random,PSYCHOLOGY & SEXUALITY,T,NO IMPLICIT,B,NA,NA,NA,NA,NA,NA
random,PSYCHOLOGY & SEXUALITY,T,NO IMPLICIT,C,NA,NA,NA,NA,NA,NA
random,RESEARCH IN HUMAN DEVELOPMENT,T,NO IMPLICIT,A,NA,NA,NA,NA,NA,NA
random,RESEARCH IN HUMAN DEVELOPMENT,T,NO IMPLICIT,B,NA,NA,NA,NA,NA,NA
random,RESEARCH IN HUMAN DEVELOPMENT,T,NO IMPLICIT,C,NA,NA,NA,NA,NA,NA
random,RESIDENTIAL TREATMENT FOR CHILDREN & YOUTH,T,YES,A,Letters,"Commentaries, letters to the editors, book reviews, or position papers will be considered and are not subject to peer-review.",NOT STATED,NOT STATED,NOT STATED,NO
random,RESIDENTIAL TREATMENT FOR CHILDREN & YOUTH,T,YES,B,NA,NA,NA,NA,NA,NA
random,RESIDENTIAL TREATMENT FOR CHILDREN & YOUTH,T,YES,C,NA,NA,NA,NA,NA,NA
random,REVISTA IBEROAMERICANA DE PSICOLOGIA DEL EJERCICIO Y EL DEPORTE,T,NO IMPLICIT,A,NA,NA,NA,NA,NA,NA
random,REVISTA IBEROAMERICANA DE PSICOLOGIA DEL EJERCICIO Y EL DEPORTE,T,NO IMPLICIT,B,NA,NA,NA,NA,NA,NA
random,REVISTA IBEROAMERICANA DE PSICOLOGIA DEL EJERCICIO Y EL DEPORTE,T,NO IMPLICIT,C,NA,NA,NA,NA,NA,NA
random,SCHOOL PSYCHOLOGY INTERNATIONAL,T,NO IMPLICIT,A,NA,NA,NA,NA,NA,NA
random,SCHOOL PSYCHOLOGY INTERNATIONAL,T,NO IMPLICIT,B,NA,NA,NA,NA,NA,NA
random,SCHOOL PSYCHOLOGY INTERNATIONAL,T,NO IMPLICIT,C,NA,NA,NA,NA,NA,NA
random,SOCIAL PSYCHOLOGY QUARTERLY,T,NO IMPLICIT,A,NA,NA,NA,NA,NA,NA
random,SOCIAL PSYCHOLOGY QUARTERLY,T,NO IMPLICIT,B,NA,NA,NA,NA,NA,NA
random,SOCIAL PSYCHOLOGY QUARTERLY,T,NO IMPLICIT,C,NA,NA,NA,NA,NA,NA
random,SPATIAL COGNITION AND COMPUTATION,T,NO IMPLICIT,A,NA,NA,NA,NA,NA,NA
random,SPATIAL COGNITION AND COMPUTATION,T,NO IMPLICIT,B,NA,NA,NA,NA,NA,NA
random,SPATIAL COGNITION AND COMPUTATION,T,NO IMPLICIT,C,NA,NA,NA,NA,NA,NA
random,STUDIES IN EDUCATIONAL EVALUATION,T,NO IMPLICIT,A,NA,NA,NA,NA,NA,NA
random,STUDIES IN EDUCATIONAL EVALUATION,T,NO IMPLICIT,B,NA,NA,NA,NA,NA,NA
random,STUDIES IN EDUCATIONAL EVALUATION,T,NO IMPLICIT,C,NA,NA,NA,NA,NA,NA
random,STUDIES IN PSYCHOLOGY,T,YES,A,Commentary,"""Text review. They may discuss, criticize or complement articles related to the subject of the monographic issue, both for current texts or classic texts that have not been translated into Spanish or English. Maximum length: 1100 words. No more than 5 references, and 1 Figure or Table, may be included.""",1100,NOT STATED,5,NOT STATED
random,STUDIES IN PSYCHOLOGY,T,YES,B,NA,NA,NA,NA,NA,NA
random,STUDIES IN PSYCHOLOGY,T,YES,C,NA,NA,NA,NA,NA,NA
random,SUICIDOLOGY ONLINE-SOL,T,YES,A,Letters,[none provided],NOT STATED,NOT STATED,NOT STATED,NOT STATED
random,SUICIDOLOGY ONLINE-SOL,T,YES,B,NA,NA,NA,NA,NA,NA
random,SUICIDOLOGY ONLINE-SOL,T,YES,C,NA,NA,NA,NA,NA,NA
random,TRAINING AND EDUCATION IN PROFESSIONAL PSYCHOLOGY,T,NO IMPLICIT,A,NA,NA,NA,NA,NA,NA
random,TRAINING AND EDUCATION IN PROFESSIONAL PSYCHOLOGY,T,NO IMPLICIT,B,NA,NA,NA,NA,NA,NA
random,TRAINING AND EDUCATION IN PROFESSIONAL PSYCHOLOGY,T,NO IMPLICIT,C,NA,NA,NA,NA,NA,NA
random,TRANSPORTATION RESEARCH PART F-TRAFFIC PSYCHOLOGY AND BEHAVIOUR,T,NO IMPLICIT,A,NA,NA,NA,NA,NA,NA
random,TRANSPORTATION RESEARCH PART F-TRAFFIC PSYCHOLOGY AND BEHAVIOUR,T,NO IMPLICIT,B,NA,NA,NA,NA,NA,NA
random,TRANSPORTATION RESEARCH PART F-TRAFFIC PSYCHOLOGY AND BEHAVIOUR,T,NO IMPLICIT,C,NA,NA,NA,NA,NA,NA
random,VISUAL COGNITION,T,NO IMPLICIT,A,NA,NA,NA,NA,NA,NA
random,VISUAL COGNITION,T,NO IMPLICIT,B,NA,NA,NA,NA,NA,NA
random,VISUAL COGNITION,T,NO IMPLICIT,C,NA,NA,NA,NA,NA,NA
random,ZEITSCHRIFT FUR ARBEITS-UND ORGANISATIONSPSYCHOLOGIE,T,NO IMPLICIT,A,NA,NA,NA,NA,NA,NA
random,ZEITSCHRIFT FUR ARBEITS-UND ORGANISATIONSPSYCHOLOGIE,T,NO IMPLICIT,B,NA,NA,NA,NA,NA,NA
random,ZEITSCHRIFT FUR ARBEITS-UND ORGANISATIONSPSYCHOLOGIE,T,NO IMPLICIT,C,NA,NA,NA,NA,NA,NA
random,ZEITSCHRIFT FUR ENTWICKLUNGSPSYCHOLOGIE UND PADAGOGISCHE PSYCHOLOGIE,T,NO IMPLICIT,A,NA,NA,NA,NA,NA,NA
random,ZEITSCHRIFT FUR ENTWICKLUNGSPSYCHOLOGIE UND PADAGOGISCHE PSYCHOLOGIE,T,NO IMPLICIT,B,NA,NA,NA,NA,NA,NA
random,ZEITSCHRIFT FUR ENTWICKLUNGSPSYCHOLOGIE UND PADAGOGISCHE PSYCHOLOGIE,T,NO IMPLICIT,C,NA,NA,NA,NA,NA,NA
prominent,ADVANCES IN EXPERIMENTAL SOCIAL PSYCHOLOGY,F,NA,A,NA,NA,NA,NA,NA,NA
prominent,ADVANCES IN EXPERIMENTAL SOCIAL PSYCHOLOGY,F,NA,B,NA,NA,NA,NA,NA,NA
prominent,ADVANCES IN EXPERIMENTAL SOCIAL PSYCHOLOGY,F,NA,C,NA,NA,NA,NA,NA,NA
prominent,ANNUAL REVIEW OF CLINICAL PSYCHOLOGY,F,NA,A,NA,NA,NA,NA,NA,NA
prominent,ANNUAL REVIEW OF CLINICAL PSYCHOLOGY,F,NA,B,NA,NA,NA,NA,NA,NA
prominent,ANNUAL REVIEW OF CLINICAL PSYCHOLOGY,F,NA,C,NA,NA,NA,NA,NA,NA
both,ANNUAL REVIEW OF ORGANIZATIONAL PSYCHOLOGY AND ORGANIZATIONAL BEHAVIOR,F,NA,A,NA,NA,NA,NA,NA,NA
both,ANNUAL REVIEW OF ORGANIZATIONAL PSYCHOLOGY AND ORGANIZATIONAL BEHAVIOR,F,NA,B,NA,NA,NA,NA,NA,NA
both,ANNUAL REVIEW OF ORGANIZATIONAL PSYCHOLOGY AND ORGANIZATIONAL BEHAVIOR,F,NA,C,NA,NA,NA,NA,NA,NA
prominent,ANNUAL REVIEW OF PSYCHOLOGY,F,NA,A,NA,NA,NA,NA,NA,NA
prominent,ANNUAL REVIEW OF PSYCHOLOGY,F,NA,B,NA,NA,NA,NA,NA,NA
prominent,ANNUAL REVIEW OF PSYCHOLOGY,F,NA,C,NA,NA,NA,NA,NA,NA
both,CHILD DEVELOPMENT PERSPECTIVES,F,NA,A,NA,NA,NA,NA,NA,NA
both,CHILD DEVELOPMENT PERSPECTIVES,F,NA,B,NA,NA,NA,NA,NA,NA
both,CHILD DEVELOPMENT PERSPECTIVES,F,NA,C,NA,NA,NA,NA,NA,NA
prominent,DEVELOPMENTAL REVIEW,F,NA,A,NA,NA,NA,NA,NA,NA
prominent,DEVELOPMENTAL REVIEW,F,NA,B,NA,NA,NA,NA,NA,NA
prominent,DEVELOPMENTAL REVIEW,F,NA,C,NA,NA,NA,NA,NA,NA
prominent,HUMAN DEVELOPMENT,F,NA,A,NA,NA,NA,NA,NA,NA
prominent,HUMAN DEVELOPMENT,F,NA,B,NA,NA,NA,NA,NA,NA
prominent,HUMAN DEVELOPMENT,F,NA,C,NA,NA,NA,NA,NA,NA
both,INDUSTRIAL AND ORGANIZATIONAL PSYCHOLOGY-PERSPECTIVES ON SCIENCE AND PRACTICE,F,NA,A,NA,NA,NA,NA,NA,NA
both,INDUSTRIAL AND ORGANIZATIONAL PSYCHOLOGY-PERSPECTIVES ON SCIENCE AND PRACTICE,F,NA,B,NA,NA,NA,NA,NA,NA
both,INDUSTRIAL AND ORGANIZATIONAL PSYCHOLOGY-PERSPECTIVES ON SCIENCE AND PRACTICE,F,NA,C,NA,NA,NA,NA,NA,NA
prominent,PSYCHOLOGICAL INQUIRY,F,NA,A,NA,NA,NA,NA,NA,NA
prominent,PSYCHOLOGICAL INQUIRY,F,NA,B,NA,NA,NA,NA,NA,NA
prominent,PSYCHOLOGICAL INQUIRY,F,NA,C,NA,NA,NA,NA,NA,NA
prominent,PSYCHOLOGICAL REVIEW,F,NA,A,NA,NA,NA,NA,NA,NA
prominent,PSYCHOLOGICAL REVIEW,F,NA,B,NA,NA,NA,NA,NA,NA
prominent,PSYCHOLOGICAL REVIEW,F,NA,C,NA,NA,NA,NA,NA,NA
prominent,PSYCHOLOGICAL SCIENCE IN THE PUBLIC INTEREST,F,NA,A,NA,NA,NA,NA,NA,NA
prominent,PSYCHOLOGICAL SCIENCE IN THE PUBLIC INTEREST,F,NA,B,NA,NA,NA,NA,NA,NA
prominent,PSYCHOLOGICAL SCIENCE IN THE PUBLIC INTEREST,F,NA,C,NA,NA,NA,NA,NA,NA
prominent,SOCIAL ISSUES AND POLICY REVIEW,F,NA,A,NA,NA,NA,NA,NA,NA
prominent,SOCIAL ISSUES AND POLICY REVIEW,F,NA,B,NA,NA,NA,NA,NA,NA
prominent,SOCIAL ISSUES AND POLICY REVIEW,F,NA,C,NA,NA,NA,NA,NA,NA
prominent,TRENDS IN COGNITIVE SCIENCES,F,NA,A,NA,NA,NA,NA,NA,NA
prominent,TRENDS IN COGNITIVE SCIENCES,F,NA,B,NA,NA,NA,NA,NA,NA
prominent,TRENDS IN COGNITIVE SCIENCES,F,NA,C,NA,NA,NA,NA,NA,NA
prominent,BEHAVIORAL AND BRAIN SCIENCES,F,NA,A,NA,NA,NA,NA,NA,NA
prominent,BEHAVIORAL AND BRAIN SCIENCES,F,NA,B,NA,NA,NA,NA,NA,NA
prominent,BEHAVIORAL AND BRAIN SCIENCES,F,NA,C,NA,NA,NA,NA,NA,NA
prominent,ADVANCES IN METHODS AND PRACTICES IN PSYCHOLOGICAL SCIENCE,T,YES,A,Commentary,"Commentary topics must have prior approval from the editors. Original authors who help evaluate the protocol for an RRR are given the opportunity to write a Commentary on the finished report (typically on the basis of the results-blind, provisionally accepted manuscript). On occasion, the editors may solicit Commentaries on General Articles or Empirical Articles. Authors who have an idea for a Commentary on an article published in AMPPS should contact a member of the editorial team before submitting a manuscript.

The suggested length for Commentaries is 750 to 1,000 words. Longer commentaries will be permitted only with prior approval of the Editor.
Commentaries should not present new empirical research.",1000,NOT STATED,NOT STATED,NOT STATED
prominent,ADVANCES IN METHODS AND PRACTICES IN PSYCHOLOGICAL SCIENCE,T,YES,B,NA,NA,NA,NA,NA,NA
prominent,ADVANCES IN METHODS AND PRACTICES IN PSYCHOLOGICAL SCIENCE,T,YES,C,NA,NA,NA,NA,NA,NA
prominent,AMERICAN PSYCHOLOGIST,T,YES,A,Commentary,Comments on articles recently published in American Psychologist will be considered and are subject to peer review. Comments should provide new and important information on the same topic as the original paper. The goal of the comment should be clearly stated in the first paragraph. Comments may present data or other evidence in support of their intended point(s).,1000,13.05,10,YES
prominent,AMERICAN PSYCHOLOGIST,T,YES,B,NA,NA,NA,NA,NA,NA
prominent,AMERICAN PSYCHOLOGIST,T,YES,C,NA,NA,NA,NA,NA,NA
prominent,APPLIED PSYCHOLOGY-HEALTH AND WELL BEING,T,YES,A,NA,"Usually by invitation but authors may submit Letters for the Editors’ consideration...Aprox 1,000 words...Abstract/Structure: No",1000,NOT STATED,NOT STATED,NOT STATED
prominent,APPLIED PSYCHOLOGY-HEALTH AND WELL BEING,T,YES,B,NA,NA,NA,NA,NA,NA
prominent,APPLIED PSYCHOLOGY-HEALTH AND WELL BEING,T,YES,C,NA,NA,NA,NA,NA,NA
prominent,BEHAVIOR RESEARCH METHODS,T,NO IMPLICIT,A,NA,NA,NA,NA,NA,NA
prominent,BEHAVIOR RESEARCH METHODS,T,NO IMPLICIT,B,NA,NA,NA,NA,NA,NA
prominent,BEHAVIOR RESEARCH METHODS,T,NO IMPLICIT,C,NA,NA,NA,NA,NA,NA
prominent,BEHAVIOUR RESEARCH AND THERAPY,T,NO IMPLICIT,A,NA,NA,NA,NA,NA,NA
prominent,BEHAVIOUR RESEARCH AND THERAPY,T,NO IMPLICIT,B,NA,NA,NA,NA,NA,NA
prominent,BEHAVIOUR RESEARCH AND THERAPY,T,NO IMPLICIT,C,NA,NA,NA,NA,NA,NA
prominent,BODY IMAGE,T,NO IMPLICIT,A,NA,NA,NA,NA,NA,NA
prominent,BODY IMAGE,T,NO IMPLICIT,B,NA,NA,NA,NA,NA,NA
prominent,BODY IMAGE,T,NO IMPLICIT,C,NA,NA,NA,NA,NA,NA
prominent,CLINICAL PSYCHOLOGICAL SCIENCE,T,YES,A,Commentary,"Short communications and commentaries occasionally will be solicited to cast multiple perspectives and conceptual views that might advance research or recast findings in a given area of clinical research. Although most of these will be invited, they can also be submitted in response to an article (authors should contact the Editor in advance before doing so to ensure that it has a chance of consideration). As a guideline, these communications should aim for a 3,500-word maximum, inclusive of front (title page) and back matter (references). One table or figure (one-page limit) may be included. An abstract of 100 words is included in the total word limit.",3500,NOT STATED,NOT STATED,NOT STATED
prominent,CLINICAL PSYCHOLOGICAL SCIENCE,T,YES,B,NA,NA,NA,NA,NA,NA
prominent,CLINICAL PSYCHOLOGICAL SCIENCE,T,YES,C,NA,NA,NA,NA,NA,NA
prominent,CLINICAL PSYCHOLOGY REVIEW,T,NO IMPLICIT,A,NA,NA,NA,NA,NA,NA
prominent,CLINICAL PSYCHOLOGY REVIEW,T,NO IMPLICIT,B,NA,NA,NA,NA,NA,NA
prominent,CLINICAL PSYCHOLOGY REVIEW,T,NO IMPLICIT,C,NA,NA,NA,NA,NA,NA
both,CLINICAL PSYCHOLOGY-SCIENCE AND PRACTICE,T,NO EXPLICIT,A,NA,NA,NA,NA,NA,NA
both,CLINICAL PSYCHOLOGY-SCIENCE AND PRACTICE,T,NO EXPLICIT,B,NA,NA,NA,NA,NA,NA
both,CLINICAL PSYCHOLOGY-SCIENCE AND PRACTICE,T,NO EXPLICIT,C,NA,NA,NA,NA,NA,NA
both,COMPUTERS IN HUMAN BEHAVIOR,T,NO IMPLICIT,A,NA,NA,NA,NA,NA,NA
both,COMPUTERS IN HUMAN BEHAVIOR,T,NO IMPLICIT,B,NA,NA,NA,NA,NA,NA
both,COMPUTERS IN HUMAN BEHAVIOR,T,NO IMPLICIT,C,NA,NA,NA,NA,NA,NA
prominent,CURRENT OPINION IN PSYCHOLOGY,T,NO IMPLICIT,A,NA,NA,NA,NA,NA,NA
prominent,CURRENT OPINION IN PSYCHOLOGY,T,NO IMPLICIT,B,NA,NA,NA,NA,NA,NA
prominent,CURRENT OPINION IN PSYCHOLOGY,T,NO IMPLICIT,C,NA,NA,NA,NA,NA,NA
prominent,CYBERPSYCHOLOGY BEHAVIOR AND SOCIAL NETWORKING,T,NO IMPLICIT,A,NA,NA,NA,NA,NA,NA
prominent,CYBERPSYCHOLOGY BEHAVIOR AND SOCIAL NETWORKING,T,NO IMPLICIT,B,NA,NA,NA,NA,NA,NA
prominent,CYBERPSYCHOLOGY BEHAVIOR AND SOCIAL NETWORKING,T,NO IMPLICIT,C,NA,NA,NA,NA,NA,NA
prominent,DEPRESSION AND ANXIETY,T,NO IMPLICIT,A,NA,NA,NA,NA,NA,NA
prominent,DEPRESSION AND ANXIETY,T,NO IMPLICIT,B,NA,NA,NA,NA,NA,NA
prominent,DEPRESSION AND ANXIETY,T,NO IMPLICIT,C,NA,NA,NA,NA,NA,NA
prominent,DEVELOPMENT AND PSYCHOPATHOLOGY,T,NO IMPLICIT,A,NA,NA,NA,NA,NA,NA
prominent,DEVELOPMENT AND PSYCHOPATHOLOGY,T,NO IMPLICIT,B,NA,NA,NA,NA,NA,NA
prominent,DEVELOPMENT AND PSYCHOPATHOLOGY,T,NO IMPLICIT,C,NA,NA,NA,NA,NA,NA
prominent,EMOTION,T,YES,A,Commentary,"A brief comment is written in response to a single article previously published in Emotion. The primary purpose is to provide a meaningful insight, concern, alternative interpretation, clarification, or critical analysis. The comment should provide a richer and more comprehensive understanding of a methodological, conceptual, or interpretation issue that significantly adds to the literature.",2650,39.15,NOT STATED,YES
prominent,EMOTION,T,YES,B,NA,NA,NA,NA,NA,NA
prominent,EMOTION,T,YES,C,NA,NA,NA,NA,NA,NA
prominent,ENVIRONMENT AND BEHAVIOR,T,NO IMPLICIT,A,NA,NA,NA,NA,NA,NA
prominent,ENVIRONMENT AND BEHAVIOR,T,NO IMPLICIT,B,NA,NA,NA,NA,NA,NA
prominent,ENVIRONMENT AND BEHAVIOR,T,NO IMPLICIT,C,NA,NA,NA,NA,NA,NA
prominent,EUROPEAN CHILD & ADOLESCENT PSYCHIATRY,T,YES,A,Letters,"Letters to the Editors should either comment on a recently published article or contribute to an ongoing relevant discussion of general interest to our readership. We kindly ask to limit the number of authors to no more than 10. The text should not exceed more than 1,500 words (one figure and/or one table allowed within word count); the number of references should not exceed 10. Abstract and keywords are not required. Letters are subject to editorial review and will be peer-reviewed. When a submitted letter refers to an article published in a previous issue of the journal, the letter is sent to the respective authors, who may be offered a chance to comment in a separate letter.",1500,Qualitative,10,YES
prominent,EUROPEAN CHILD & ADOLESCENT PSYCHIATRY,T,YES,B,NA,NA,NA,NA,NA,NA
prominent,EUROPEAN CHILD & ADOLESCENT PSYCHIATRY,T,YES,C,NA,NA,NA,NA,NA,NA
prominent,EUROPEAN JOURNAL OF PSYCHOLOGY APPLIED TO LEGAL CONTEXT,T,NO IMPLICIT,A,NA,NA,NA,NA,NA,NA
prominent,EUROPEAN JOURNAL OF PSYCHOLOGY APPLIED TO LEGAL CONTEXT,T,NO IMPLICIT,B,NA,NA,NA,NA,NA,NA
prominent,EUROPEAN JOURNAL OF PSYCHOLOGY APPLIED TO LEGAL CONTEXT,T,NO IMPLICIT,C,NA,NA,NA,NA,NA,NA
prominent,EUROPEAN REVIEW OF SOCIAL PSYCHOLOGY,T,NO IMPLICIT,A,NA,NA,NA,NA,NA,NA
prominent,EUROPEAN REVIEW OF SOCIAL PSYCHOLOGY,T,NO IMPLICIT,B,NA,NA,NA,NA,NA,NA
prominent,EUROPEAN REVIEW OF SOCIAL PSYCHOLOGY,T,NO IMPLICIT,C,NA,NA,NA,NA,NA,NA
prominent,EVOLUTION AND HUMAN BEHAVIOR,T,YES,A,Commentary,"These are short papers in response to articles-typically articles published in EHB-and if accepted, will typically be published along with the original authors' reply.",Qualitative,NOT STATED,NOT STATED,NOT STATED
prominent,EVOLUTION AND HUMAN BEHAVIOR,T,YES,B,NA,NA,NA,NA,NA,NA
prominent,EVOLUTION AND HUMAN BEHAVIOR,T,YES,C,NA,NA,NA,NA,NA,NA
prominent,FEMINISM & PSYCHOLOGY,T,YES,A,Commentary,"The Observations & Commentaries section provides an opportunity for scholars to reflect on a particular issue, comment on others’ work, or discuss theory or research processes.",2000,NOT STATED,NOT STATED,NOT STATED
prominent,FEMINISM & PSYCHOLOGY,T,YES,B,NA,NA,NA,NA,NA,NA
prominent,FEMINISM & PSYCHOLOGY,T,YES,C,NA,NA,NA,NA,NA,NA
prominent,HUMAN RESOURCE MANAGEMENT,T,NO IMPLICIT,A,NA,NA,NA,NA,NA,NA
prominent,HUMAN RESOURCE MANAGEMENT,T,NO IMPLICIT,B,NA,NA,NA,NA,NA,NA
prominent,HUMAN RESOURCE MANAGEMENT,T,NO IMPLICIT,C,NA,NA,NA,NA,NA,NA
prominent,INTERNATIONAL JOURNAL OF MENTAL HEALTH AND ADDICTION,T,YES,A,NA,No description,NOT STATED,NOT STATED,NOT STATED,NOT STATED
prominent,INTERNATIONAL JOURNAL OF MENTAL HEALTH AND ADDICTION,T,YES,B,Commentary,na,NOT STATED,NOT STATED,NOT STATED,NOT STATED
prominent,INTERNATIONAL JOURNAL OF MENTAL HEALTH AND ADDICTION,T,YES,C,NA,NA,NA,NA,NA,NA
prominent,INTERNATIONAL JOURNAL OF TRANSGENDERISM,T,YES,A,Letters,[none provided],NOT STATED,NOT STATED,NOT STATED,NOT STATED
prominent,INTERNATIONAL JOURNAL OF TRANSGENDERISM,T,YES,B,NA,NA,NA,NA,NA,NA
prominent,INTERNATIONAL JOURNAL OF TRANSGENDERISM,T,YES,C,NA,NA,NA,NA,NA,NA
prominent,INTERNATIONAL PSYCHOGERIATRICS,T,YES,A,Letters,"Reader's letters will be considered for publication. Letters should be no longer than 750 words, with no more than 1 table or figure, and no more than 10 references. No abstract is required.",750,NOT STATED,10,YES
prominent,INTERNATIONAL PSYCHOGERIATRICS,T,YES,B,NA,NA,NA,NA,NA,NA
prominent,INTERNATIONAL PSYCHOGERIATRICS,T,YES,C,NA,NA,NA,NA,NA,NA
prominent,INTERNATIONAL REVIEW OF SPORT AND EXERCISE PSYCHOLOGY,T,NO IMPLICIT,A,NA,NA,NA,NA,NA,NA
prominent,INTERNATIONAL REVIEW OF SPORT AND EXERCISE PSYCHOLOGY,T,NO IMPLICIT,B,NA,NA,NA,NA,NA,NA
prominent,INTERNATIONAL REVIEW OF SPORT AND EXERCISE PSYCHOLOGY,T,NO IMPLICIT,C,NA,NA,NA,NA,NA,NA
prominent,INTERNET INTERVENTIONS-THE APPLICATION OF INFORMATION TECHNOLOGY IN MENTAL AND BEHAVIOURAL HEALTH,T,YES,A,NA,na,800,NOT STATED,10,NOT STATED
prominent,INTERNET INTERVENTIONS-THE APPLICATION OF INFORMATION TECHNOLOGY IN MENTAL AND BEHAVIOURAL HEALTH,T,YES,B,NA,NA,NA,NA,NA,NA
prominent,INTERNET INTERVENTIONS-THE APPLICATION OF INFORMATION TECHNOLOGY IN MENTAL AND BEHAVIOURAL HEALTH,T,YES,C,NA,NA,NA,NA,NA,NA
prominent,JOURNAL OF ADOLESCENT HEALTH,T,YES,A,NA,Letters to the Editor typically represent correspondence regarding articles published in the Journal within the preceding 6 months.,400,26.1,5,NO
prominent,JOURNAL OF ADOLESCENT HEALTH,T,YES,B,NA,NA,NA,NA,NA,NA
prominent,JOURNAL OF ADOLESCENT HEALTH,T,YES,C,NA,NA,NA,NA,NA,NA
prominent,JOURNAL OF ANXIETY DISORDERS,T,NO IMPLICIT,A,NA,NA,NA,NA,NA,NA
prominent,JOURNAL OF ANXIETY DISORDERS,T,NO IMPLICIT,B,NA,NA,NA,NA,NA,NA
prominent,JOURNAL OF ANXIETY DISORDERS,T,NO IMPLICIT,C,NA,NA,NA,NA,NA,NA
prominent,JOURNAL OF APPLIED PSYCHOLOGY,T,YES,A,Commentary,"Commentary on articles published in the journal makes a scientific contribution when it (a) brings to light critical controversies, (b) identifies important misconceptions or errors of inference, and/or (c) clarifies the implications of findings.",8000,4,NOT STATED,YES
prominent,JOURNAL OF APPLIED PSYCHOLOGY,T,YES,B,NA,NA,NA,NA,NA,NA
prominent,JOURNAL OF APPLIED PSYCHOLOGY,T,YES,C,NA,NA,NA,NA,NA,NA
prominent,JOURNAL OF CHILD PSYCHOLOGY AND PSYCHIATRY,T,ARCHIVE,A,NA,NA,NA,NA,NA,NA
prominent,JOURNAL OF CHILD PSYCHOLOGY AND PSYCHIATRY,T,ARCHIVE,B,NA,NA,NA,NA,NA,NA
prominent,JOURNAL OF CHILD PSYCHOLOGY AND PSYCHIATRY,T,ARCHIVE,C,NA,NA,NA,NA,NA,NA
both,JOURNAL OF CONSULTING AND CLINICAL PSYCHOLOGY,T,YES,A,Commentary,"A Brief Comment would be written in response to a single article previously published in JCCP. The primary purpose would be to provide a meaningful insight, concern, alternative interpretation, clarification, or critical analysis",2650,39.15,NOT STATED,NOT STATED
both,JOURNAL OF CONSULTING AND CLINICAL PSYCHOLOGY,T,YES,B,NA,NA,NA,NA,NA,NA
both,JOURNAL OF CONSULTING AND CLINICAL PSYCHOLOGY,T,YES,C,NA,NA,NA,NA,NA,NA
prominent,JOURNAL OF EDUCATIONAL PSYCHOLOGY,T,NO IMPLICIT,A,NA,NA,NA,NA,NA,NA
prominent,JOURNAL OF EDUCATIONAL PSYCHOLOGY,T,NO IMPLICIT,B,NA,NA,NA,NA,NA,NA
prominent,JOURNAL OF EDUCATIONAL PSYCHOLOGY,T,NO IMPLICIT,C,NA,NA,NA,NA,NA,NA
prominent,JOURNAL OF EXPERIMENTAL PSYCHOLOGY-GENERAL,T,YES,A,Commentary,"Only found in Scope statement: ""The journal also publishes... commentaries on articles published in JEP: General. Commentaries on articles should be at maximum half the length of the target article.""",Qualitative,NOT STATED,NOT STATED,NOT STATED
prominent,JOURNAL OF EXPERIMENTAL PSYCHOLOGY-GENERAL,T,YES,B,NA,NA,NA,NA,NA,NA
prominent,JOURNAL OF EXPERIMENTAL PSYCHOLOGY-GENERAL,T,YES,C,NA,NA,NA,NA,NA,NA
both,JOURNAL OF HEALTH AND SOCIAL BEHAVIOR,T,NO IMPLICIT,A,NA,NA,NA,NA,NA,NA
both,JOURNAL OF HEALTH AND SOCIAL BEHAVIOR,T,NO IMPLICIT,B,NA,NA,NA,NA,NA,NA
both,JOURNAL OF HEALTH AND SOCIAL BEHAVIOR,T,NO IMPLICIT,C,NA,NA,NA,NA,NA,NA
prominent,JOURNAL OF OCCUPATIONAL AND ORGANIZATIONAL PSYCHOLOGY,T,YES,A,Commentary,"""Typically, they will do one of the following...offer an informed and focused challenge to key elements of an existing study, theory or measure.""",2000,NOT STATED,15,YES
prominent,JOURNAL OF OCCUPATIONAL AND ORGANIZATIONAL PSYCHOLOGY,T,YES,B,NA,NA,NA,NA,NA,NA
prominent,JOURNAL OF OCCUPATIONAL AND ORGANIZATIONAL PSYCHOLOGY,T,YES,C,NA,NA,NA,NA,NA,NA
prominent,JOURNAL OF OCCUPATIONAL HEALTH PSYCHOLOGY,T,NO IMPLICIT,A,NA,NA,NA,NA,NA,NA
prominent,JOURNAL OF OCCUPATIONAL HEALTH PSYCHOLOGY,T,NO IMPLICIT,B,NA,NA,NA,NA,NA,NA
prominent,JOURNAL OF OCCUPATIONAL HEALTH PSYCHOLOGY,T,NO IMPLICIT,C,NA,NA,NA,NA,NA,NA
prominent,JOURNAL OF ORGANIZATIONAL BEHAVIOR,T,NO IMPLICIT,A,NA,NA,NA,NA,NA,NA
prominent,JOURNAL OF ORGANIZATIONAL BEHAVIOR,T,NO IMPLICIT,B,NA,NA,NA,NA,NA,NA
prominent,JOURNAL OF ORGANIZATIONAL BEHAVIOR,T,NO IMPLICIT,C,NA,NA,NA,NA,NA,NA
both,JOURNAL OF PERSONALITY,T,NO IMPLICIT,A,NA,NA,NA,NA,NA,NA
both,JOURNAL OF PERSONALITY,T,NO IMPLICIT,B,NA,NA,NA,NA,NA,NA
both,JOURNAL OF PERSONALITY,T,NO IMPLICIT,C,NA,NA,NA,NA,NA,NA
prominent,JOURNAL OF PERSONALITY AND SOCIAL PSYCHOLOGY,T,ARCHIVE,A,NA,NA,NA,NA,NA,NA
prominent,JOURNAL OF PERSONALITY AND SOCIAL PSYCHOLOGY,T,ARCHIVE,B,NA,NA,NA,NA,NA,NA
prominent,JOURNAL OF PERSONALITY AND SOCIAL PSYCHOLOGY,T,ARCHIVE,C,NA,NA,NA,NA,NA,NA
prominent,JOURNAL OF SCHOOL PSYCHOLOGY,T,NO IMPLICIT,A,NA,NA,NA,NA,NA,NA
prominent,JOURNAL OF SCHOOL PSYCHOLOGY,T,NO IMPLICIT,B,NA,NA,NA,NA,NA,NA
prominent,JOURNAL OF SCHOOL PSYCHOLOGY,T,NO IMPLICIT,C,NA,NA,NA,NA,NA,NA
prominent,JOURNAL OF SOCIAL ISSUES,T,NO IMPLICIT,A,NA,NA,NA,NA,NA,NA
prominent,JOURNAL OF SOCIAL ISSUES,T,NO IMPLICIT,B,NA,NA,NA,NA,NA,NA
prominent,JOURNAL OF SOCIAL ISSUES,T,NO IMPLICIT,C,NA,NA,NA,NA,NA,NA
prominent,JOURNAL OF THE AMERICAN ACADEMY OF CHILD AND ADOLESCENT PSYCHIATRY,T,YES,A,NA,Reader comments on published articles,750,NOT STATED,5,YES
prominent,JOURNAL OF THE AMERICAN ACADEMY OF CHILD AND ADOLESCENT PSYCHIATRY,T,YES,B,NA,NA,NA,NA,NA,NA
prominent,JOURNAL OF THE AMERICAN ACADEMY OF CHILD AND ADOLESCENT PSYCHIATRY,T,YES,C,NA,NA,NA,NA,NA,NA
prominent,JOURNAL OF VOCATIONAL BEHAVIOR,T,NO IMPLICIT,A,NA,NA,NA,NA,NA,NA
prominent,JOURNAL OF VOCATIONAL BEHAVIOR,T,NO IMPLICIT,B,NA,NA,NA,NA,NA,NA
prominent,JOURNAL OF VOCATIONAL BEHAVIOR,T,NO IMPLICIT,C,NA,NA,NA,NA,NA,NA
prominent,MONOGRAPHS OF THE SOCIETY FOR RESEARCH IN CHILD DEVELOPMENT,T,NO IMPLICIT,A,NA,NA,NA,NA,NA,NA
prominent,MONOGRAPHS OF THE SOCIETY FOR RESEARCH IN CHILD DEVELOPMENT,T,NO IMPLICIT,B,NA,NA,NA,NA,NA,NA
prominent,MONOGRAPHS OF THE SOCIETY FOR RESEARCH IN CHILD DEVELOPMENT,T,NO IMPLICIT,C,NA,NA,NA,NA,NA,NA
prominent,NEUROPSYCHOBIOLOGY,T,NO IMPLICIT,A,NA,NA,NA,NA,NA,NA
prominent,NEUROPSYCHOBIOLOGY,T,NO IMPLICIT,B,NA,NA,NA,NA,NA,NA
prominent,NEUROPSYCHOBIOLOGY,T,NO IMPLICIT,C,NA,NA,NA,NA,NA,NA
prominent,PERSONNEL PSYCHOLOGY,T,NO IMPLICIT,A,NA,NA,NA,NA,NA,NA
prominent,PERSONNEL PSYCHOLOGY,T,NO IMPLICIT,B,NA,NA,NA,NA,NA,NA
prominent,PERSONNEL PSYCHOLOGY,T,NO IMPLICIT,C,NA,NA,NA,NA,NA,NA
prominent,PSYCHOLOGICAL ASSESSMENT,T,ARCHIVE,A,NA,NA,NA,NA,NA,NA
prominent,PSYCHOLOGICAL ASSESSMENT,T,ARCHIVE,B,NA,NA,NA,NA,NA,NA
prominent,PSYCHOLOGICAL ASSESSMENT,T,ARCHIVE,C,NA,NA,NA,NA,NA,NA
prominent,PSYCHOLOGICAL BULLETIN,T,NO EXPLICIT,A,NA,NA,NA,NA,NA,NA
prominent,PSYCHOLOGICAL BULLETIN,T,NO EXPLICIT,B,NA,NA,NA,NA,NA,NA
prominent,PSYCHOLOGICAL BULLETIN,T,NO EXPLICIT,C,NA,NA,NA,NA,NA,NA
prominent,PSYCHOLOGICAL METHODS,T,NO IMPLICIT,A,NA,NA,NA,NA,NA,NA
prominent,PSYCHOLOGICAL METHODS,T,NO IMPLICIT,B,NA,NA,NA,NA,NA,NA
prominent,PSYCHOLOGICAL METHODS,T,NO IMPLICIT,C,NA,NA,NA,NA,NA,NA
prominent,PSYCHOLOGICAL SCIENCE,T,YES,A,Commentary,"Commentary. Commentaries use new data or new analyses of existing data to respond to and/or supplement articles previously published in Psychological Science. Although they may target an article published at any time, the Commentary mechanism is most effective when used to address a contemporary publication. The major criteria for a Commentary are that it provides a new empirical perspective through new data or new analyses of existing data and that the new empirical perspective has general theoretical significance. Before submitting a Commentary, authors are required to contact the Editor in Chief with a proposal. Except under special circumstances, for any given article, Psychological Science will consider only a single Commentary. No author may contribute to more than one Commentary on the same target article. Authors are not permitted to write Commentaries on articles on which they are an author or coauthor. Commentaries are limited to 1,000 words (includes main text, notes, acknowledgments, and appendices; does not include 150-word abstract, 150-word Statement of Relevance [see Research Article], cover page, Method and Results sections, or reference list), 20 references, and one figure (no more than two panels) or one table.

References: Authors are encouraged to cite only the sources that bear on the point directly and to refrain from extensive parenthetical lists of related materials, keeping in mind that citations are meant to be supportive and not exhaustive. As a general rule, 20 citations should be sufficient for most Commentaries. However, this is not a hard-and-fast limit, and editors have the flexibility to allow more references if they are necessary to establish the scientific foundation for the work.

The Action Editor typically solicits a signed review of a submitted Commentary from the lead author of the target article, in addition to reviews by two (or more) independent experts. On acceptance of a Commentary, the Action Editor typically will invite the lead author of the target article to submit a Reply to Commentary (see below).",1000,Qualitative,20,YES
prominent,PSYCHOLOGICAL SCIENCE,T,YES,B,Letters,"Letters to the Editors. Letters to the Editors provides a less formal (relative to a Commentary) forum for authors to make a comment, express a concern, develop an alternative interpretation, report the outcome of a test for replication, or make some other contribution to scientific exchange over an article published in Psychological Science (see Editor-in-Chief Patricia Bauer’s 2021 Introductory Editorial for more information). Letters to the Editors must be in response to—and make specific reference to—an article published in Psychological Science. They typically should be submitted within 1 year of print publication of the target article, in order to keep the scientific conversation fresh. (An exception to the 1-year time frame is the case of a report of a test for replication, which is likely to require more than 1 year to accomplish.) Although there is not an a priori limit on the number of Letters to the Editors on any given target article, Letters to the Editors that make essentially the same point as another will not be considered, and the editors may limit the total number of Letters to the Editors on any given target article. Except with permission of the editors, no author may contribute (or make authored contribution to) more than one letter on the same target article. Authors are not permitted to write letters on articles on which they are an author or coauthor. Letters to the Editors are limited to 500 words and 10 references (though references are not required). Letters to the Editors will not have an Abstract, Statement of Relevance, headings, or subheadings; tables and figures are not permitted (authors may provide a link to a repository that provides additional information or data).

In a departure from the typical approach to review of submissions, Letters to the Editors will be reviewed by two members of the editorial team (Editor in Chief, Senior Editors, Associate Editors). Solicitation of external review will be the exception rather than the rule. The major review criterion will be furthering scientific exchange. Authors of articles that are the subject of a Letter to the Editors may reply with a letter of their own, which will undergo the same editorial process.

Letters to the Editors will be disseminated online only to permit more rapid publication and to keep the discussion responsive and timely. They will not be copyedited. Letters to the Editors will have DOIs, but they will not be indexed (i.e., discoverable through PubMed, PsycInfo, etc.). Letters to the Editors will be linked with the target article to which they refer. To facilitate linkage, the title of each publication in this format will begin “Letter to the Editors of Psychological Science,” followed by a brief original title, followed by “Regarding [insert citation of the target article]” (the title will not count against the 500-word limit).",500,52,10,NO
prominent,PSYCHOLOGICAL SCIENCE,T,YES,C,NA,NA,NA,NA,NA,NA
both,PSYCHOLOGICAL TRAUMA-THEORY RESEARCH PRACTICE AND POLICY,T,NO IMPLICIT,A,NA,NA,NA,NA,NA,NA
both,PSYCHOLOGICAL TRAUMA-THEORY RESEARCH PRACTICE AND POLICY,T,NO IMPLICIT,B,NA,NA,NA,NA,NA,NA
both,PSYCHOLOGICAL TRAUMA-THEORY RESEARCH PRACTICE AND POLICY,T,NO IMPLICIT,C,NA,NA,NA,NA,NA,NA
prominent,PSYCHOLOGY & MARKETING,T,NO IMPLICIT,A,NA,NA,NA,NA,NA,NA
prominent,PSYCHOLOGY & MARKETING,T,NO IMPLICIT,B,NA,NA,NA,NA,NA,NA
prominent,PSYCHOLOGY & MARKETING,T,NO IMPLICIT,C,NA,NA,NA,NA,NA,NA
prominent,PSYCHOLOGY OF AESTHETICS CREATIVITY AND THE ARTS,T,ARCHIVE,A,NA,NA,NA,NA,NA,NA
prominent,PSYCHOLOGY OF AESTHETICS CREATIVITY AND THE ARTS,T,ARCHIVE,B,NA,NA,NA,NA,NA,NA
prominent,PSYCHOLOGY OF AESTHETICS CREATIVITY AND THE ARTS,T,ARCHIVE,C,NA,NA,NA,NA,NA,NA
both,PSYCHOLOGY OF SPORT AND EXERCISE,T,YES,A,Commentary,"Commentaries on published PSE papers should be a maximum of 5 pages, including abstract, references, tables, and figures.",2500,NOT STATED,NOT STATED,NOT STATED
both,PSYCHOLOGY OF SPORT AND EXERCISE,T,YES,B,NA,NA,NA,NA,NA,NA
both,PSYCHOLOGY OF SPORT AND EXERCISE,T,YES,C,NA,NA,NA,NA,NA,NA
prominent,PSYCHOTHERAPY AND PSYCHOSOMATICS,T,YES,A,Letters,"Letters may explore subjects related to matters discussed in the journal, providing the author’s perspective on a subject. Letters may discuss a recently published article and may lend support or constructively critique the article in line with the author’s experience. The editors reserve the right to share such letters to the authors of the article concerned prior to publication in order to permit response, ideally in the same issue of the journal. Letters should not include original data...Letters should not exceed 500 words of text plus a maximum of 10 references. Keywords and abstract are not required.",500,Qualitative,10,NOT STATED
prominent,PSYCHOTHERAPY AND PSYCHOSOMATICS,T,YES,B,NA,NA,NA,NA,NA,NA
prominent,PSYCHOTHERAPY AND PSYCHOSOMATICS,T,YES,C,NA,NA,NA,NA,NA,NA
prominent,QUALITATIVE RESEARCH IN PSYCHOLOGY,T,NO IMPLICIT,A,NA,NA,NA,NA,NA,NA
prominent,QUALITATIVE RESEARCH IN PSYCHOLOGY,T,NO IMPLICIT,B,NA,NA,NA,NA,NA,NA
prominent,QUALITATIVE RESEARCH IN PSYCHOLOGY,T,NO IMPLICIT,C,NA,NA,NA,NA,NA,NA
prominent,QUALITATIVE RESEARCH IN SPORT EXERCISE AND HEALTH,T,NO IMPLICIT,A,NA,NA,NA,NA,NA,NA
prominent,QUALITATIVE RESEARCH IN SPORT EXERCISE AND HEALTH,T,NO IMPLICIT,B,NA,NA,NA,NA,NA,NA
prominent,QUALITATIVE RESEARCH IN SPORT EXERCISE AND HEALTH,T,NO IMPLICIT,C,NA,NA,NA,NA,NA,NA
prominent,WORK AND STRESS,T,NO IMPLICIT,A,NA,NA,NA,NA,NA,NA
prominent,WORK AND STRESS,T,NO IMPLICIT,B,NA,NA,NA,NA,NA,NA
prominent,WORK AND STRESS,T,NO IMPLICIT,C,NA,NA,NA,NA,NA,NA
