Journal name,JCR Abbreviation,ISSN,eISSN,Category,Total Citations,2021 JIF,JIF Quartile,2021 JCI,% of OA Gold
Psychological Science in the Public Interest,PSYCHOL SCI PUBL INT,1529-1006,1539-6053,"PSYCHOLOGY, MULTIDISCIPLINARY - SSCI","2,781",56.2,Q1,11.44,20%
Annual Review of Psychology,ANNU REV PSYCHOL,0066-4308,1545-2085,"PSYCHOLOGY - SCIE; PSYCHOLOGY, MULTIDISCIPLINARY - SSCI","30,374",27.782,Q1,3.6,0%
PSYCHOTHERAPY AND PSYCHOSOMATICS,PSYCHOTHER PSYCHOSOM,0033-3190,1423-0348,PSYCHOLOGY - SCIE,"6,813",25.617,Q1,3.8,26.19%
TRENDS IN COGNITIVE SCIENCES,TRENDS COGN SCI,1364-6613,1879-307X,"PSYCHOLOGY, EXPERIMENTAL - SSCI","36,688",24.482,Q1,2.22,20.28%
Nature Human Behaviour,NAT HUM BEHAV,2397-3374,2397-3374,"PSYCHOLOGY, EXPERIMENTAL - SSCI","11,204",24.252,Q1,4.7,4.34%
PSYCHOLOGICAL BULLETIN,PSYCHOL BULL,0033-2909,1939-1455,"PSYCHOLOGY - SCIE; PSYCHOLOGY, MULTIDISCIPLINARY - SSCI","68,919",23.027,Q1,5.54,1.77%
Annual Review of Clinical Psychology,ANNU REV CLIN PSYCHO,1548-5943,1548-5951,"PSYCHOLOGY - SCIE; PSYCHOLOGY, CLINICAL - SSCI","9,675",22.098,Q1,6.2,1.56%
BEHAVIORAL AND BRAIN SCIENCES,BEHAV BRAIN SCI,0140-525X,1469-1825,"PSYCHOLOGY, BIOLOGICAL - SSCI","12,872",21.357,Q1,3.4,0%
AMERICAN PSYCHOLOGIST,AM PSYCHOL,0003-066X,1935-990X,"PSYCHOLOGY, MULTIDISCIPLINARY - SSCI","40,383",16.358,Q1,4.76,0.36%
PERSONALITY AND SOCIAL PSYCHOLOGY REVIEW,PERS SOC PSYCHOL REV,1088-8683,1532-7957,"PSYCHOLOGY, SOCIAL - SSCI","9,843",16.161,Q1,3.92,15.91%
Advances in Methods and Practices in Psychological Science,ADV METH PRACT PSYCH,2515-2459,2515-2467,"PSYCHOLOGY - SCIE; PSYCHOLOGY, MULTIDISCIPLINARY - SSCI","2,016",15.817,Q1,4.8,51.61%
JOURNAL OF ANXIETY DISORDERS,J ANXIETY DISORD,0887-6185,1873-7897,"PSYCHOLOGY, CLINICAL - SSCI","11,739",13.711,Q1,2.18,9.96%
JOURNAL OF MANAGEMENT,J MANAGE,0149-2063,1557-1211,"PSYCHOLOGY, APPLIED - SSCI","36,651",13.508,Q1,2.67,16.67%
JOURNAL OF THE AMERICAN ACADEMY OF CHILD AND ADOLESCENT PSYCHIATRY,J AM ACAD CHILD PSY,0890-8567,1527-5418,"PSYCHOLOGY, DEVELOPMENTAL - SSCI","25,754",13.113,Q1,2.76,16.48%
Annual Review of Organizational Psychology and Organizational Behavior,ANNU REV ORGAN PSYCH,2327-0608,2327-0616,"PSYCHOLOGY, APPLIED - SSCI","3,915",12.553,Q1,0.66,0%
NEUROPSYCHOBIOLOGY,NEUROPSYCHOBIOLOGY,0302-282X,1423-0224,PSYCHOLOGY - SCIE,"3,757",12.329,Q1,1.46,5.60%
JOURNAL OF VOCATIONAL BEHAVIOR,J VOCAT BEHAV,0001-8791,1095-9084,"PSYCHOLOGY, APPLIED - SSCI","18,542",12.082,Q1,1.95,10.88%
JOURNAL OF APPLIED PSYCHOLOGY,J APPL PSYCHOL,0021-9010,1939-1854,"PSYCHOLOGY, APPLIED - SSCI","59,528",11.802,Q1,2.73,0%
Perspectives on Psychological Science,PERSPECT PSYCHOL SCI,1745-6916,1745-6924,"PSYCHOLOGY, MULTIDISCIPLINARY - SSCI","17,025",11.621,Q1,3.5,17.61%
International Journal of Mental Health and Addiction,INT J MENT HEALTH AD,1557-1874,1557-1882,"PSYCHOLOGY, CLINICAL - SSCI","7,217",11.555,Q1,2.15,25.04%
CLINICAL PSYCHOLOGY REVIEW,CLIN PSYCHOL REV,0272-7358,1873-7811,"PSYCHOLOGY, CLINICAL - SSCI","24,636",11.397,Q1,2.02,14.59%
PSYCHOLOGICAL METHODS,PSYCHOL METHODS,1082-989X,1939-1463,"PSYCHOLOGY, MULTIDISCIPLINARY - SSCI","20,525",10.929,Q1,3.79,0.53%
PSYCHOLOGICAL MEDICINE,PSYCHOL MED,0033-2917,1469-8978,"PSYCHOLOGY - SCIE; PSYCHOLOGY, CLINICAL - SSCI","39,479",10.592,Q1,2.01,26.09%
Qualitative Research in Psychology,QUAL RES PSYCHOL,1478-0887,1478-0895,"PSYCHOLOGY, MULTIDISCIPLINARY - SSCI","14,928",10.568,Q1,4.1,9.48%
PSYCHOLOGICAL SCIENCE,PSYCHOL SCI,0956-7976,1467-9280,"PSYCHOLOGY, MULTIDISCIPLINARY - SSCI","42,641",10.172,Q1,2.68,20.62%
JOURNAL OF ORGANIZATIONAL BEHAVIOR,J ORGAN BEHAV,0894-3796,1099-1379,"PSYCHOLOGY, APPLIED - SSCI","19,759",10.079,Q1,1.69,14.01%
LEADERSHIP QUARTERLY,LEADERSHIP QUART,1048-9843,1873-3409,"PSYCHOLOGY, APPLIED - SSCI","14,530",9.924,Q1,2.08,9.56%
Social Issues and Policy Review,SOC ISS POLICY REV,1751-2395,1751-2409,"PSYCHOLOGY, SOCIAL - SSCI","1,202",9.857,Q1,3.17,25%
European Journal of Psychology Applied to Legal Context,EUR J PSYCHOL APPL L,1889-1861,1989-4007,"PSYCHOLOGY, MULTIDISCIPLINARY - SSCI",526,9.85,Q1,7.1,100%
Health Psychology Review,HEALTH PSYCHOL REV,1743-7199,1743-7202,"PSYCHOLOGY, CLINICAL - SSCI","3,753",9.638,Q1,1.61,25%
Psychological Trauma-Theory Research Practice and Policy,PSYCHOL TRAUMA-US,1942-9681,1942-969X,"PSYCHOLOGY, CLINICAL - SSCI","6,742",9.398,Q1,2.03,0%
Industrial and Organizational Psychology-Perspectives on Science and Practice,IND ORGAN PSYCHOL-US,1754-9426,1754-9434,"PSYCHOLOGY, APPLIED - SSCI","2,197",9.375,Q1,1.97,8.70%
COMPUTERS IN HUMAN BEHAVIOR,COMPUT HUM BEHAV,0747-5632,1873-7692,"PSYCHOLOGY, EXPERIMENTAL - SSCI; PSYCHOLOGY, MULTIDISCIPLINARY - SSCI","53,712",8.957,Q1,2.59,11.27%
International Journal of Transgenderism,INT J TRANSGENDERISM,1553-2739,1434-4599,"PSYCHOLOGY, CLINICAL - SSCI","1,744",8.606,Q1,2.47,6.06%
JOURNAL OF PERSONALITY AND SOCIAL PSYCHOLOGY,J PERS SOC PSYCHOL,0022-3514,1939-1315,"PSYCHOLOGY, SOCIAL - SSCI","100,429",8.46,Q1,2.58,0.48%
DEVELOPMENTAL REVIEW,DEV REV,0273-2297,1090-2406,"PSYCHOLOGY, DEVELOPMENTAL - SSCI","5,537",8.361,Q1,1.44,17.14%
JOURNAL OF CHILD PSYCHOLOGY AND PSYCHIATRY,J CHILD PSYCHOL PSYC,0021-9630,1469-7610,"PSYCHOLOGY - SCIE; PSYCHOLOGY, DEVELOPMENTAL - SSCI","26,220",8.265,Q1,1.78,30.88%
PSYCHOLOGICAL REVIEW,PSYCHOL REV,0033-295X,1939-1471,"PSYCHOLOGY - SCIE; PSYCHOLOGY, MULTIDISCIPLINARY - SSCI","36,958",8.247,Q1,2.9,3.07%
ORGANIZATIONAL RESEARCH METHODS,ORGAN RES METHODS,1094-4281,1552-7425,"PSYCHOLOGY, APPLIED - SSCI","12,218",8.247,Q1,2.11,10.08%
EDUCATIONAL PSYCHOLOGY REVIEW,EDUC PSYCHOL REV,1040-726X,1573-336X,"PSYCHOLOGY, EDUCATIONAL - SSCI","8,065",8.24,Q1,2.31,36.57%
EDUCATIONAL PSYCHOLOGIST,EDUC PSYCHOL-US,0046-1520,1532-6985,"PSYCHOLOGY, EDUCATIONAL - SSCI","8,108",8.209,Q1,1.82,4.84%
DEPRESSION AND ANXIETY,DEPRESS ANXIETY,1091-4269,1520-6394,"PSYCHOLOGY - SCIE; PSYCHOLOGY, CLINICAL - SSCI","13,886",8.128,Q1,1.8,13.47%
BRITISH JOURNAL OF HEALTH PSYCHOLOGY,BRIT J HEALTH PSYCH,1359-107X,2044-8287,"PSYCHOLOGY, CLINICAL - SSCI","5,246",8.101,Q1,1.67,38.86%
Journal of Adolescent Health,J ADOLESCENT HEALTH,1054-139X,1879-1972,"PSYCHOLOGY, DEVELOPMENTAL - SSCI","23,158",7.898,Q1,1.91,12.39%
CURRENT DIRECTIONS IN PSYCHOLOGICAL SCIENCE,CURR DIR PSYCHOL SCI,0963-7214,1467-8721,"PSYCHOLOGY, MULTIDISCIPLINARY - SSCI","17,694",7.867,Q1,2.39,18.03%
Journal of Occupational Health Psychology,J OCCUP HEALTH PSYCH,1076-8998,1939-1307,"PSYCHOLOGY, APPLIED - SSCI","9,173",7.707,Q1,2.18,0%
JOURNAL OF ENVIRONMENTAL PSYCHOLOGY,J ENVIRON PSYCHOL,0272-4944,1522-9610,"PSYCHOLOGY, MULTIDISCIPLINARY - SSCI","17,441",7.649,Q1,1.77,22.22%
Qualitative Research in Sport Exercise and Health,QUAL RES SPORT EXERC,2159-676X,2159-6778,"PSYCHOLOGY, APPLIED - SSCI","2,593",7.591,Q1,1.5,13.53%
Applied Psychology-Health and Well Being,APPL PSYCHOL-HLTH WE,1758-0846,1758-0854,"PSYCHOLOGY, APPLIED - SSCI","2,151",7.521,Q1,1.88,12.71%
JOURNAL OF ABNORMAL PSYCHOLOGY,J ABNORM PSYCHOL,0021-843X,1939-1846,"PSYCHOLOGY, CLINICAL - SSCI","19,201",7.507,Q1,2.06,2.50%
International Review of Sport and Exercise Psychology,INT REV SPORT EXER P,1750-984X,1750-9858,"PSYCHOLOGY, APPLIED - SSCI","2,048",7.423,Q1,2.48,20.43%
CLINICAL CHILD AND FAMILY PSYCHOLOGY REVIEW,CLIN CHILD FAM PSYCH,1096-4037,1573-2827,"PSYCHOLOGY, CLINICAL - SSCI","4,172",7.41,Q1,1.2,22.55%
WORK AND STRESS,WORK STRESS,0267-8373,1464-5335,"PSYCHOLOGY, APPLIED - SSCI","4,860",7.358,Q1,1.57,17.81%
Emotion Review,EMOT REV,1754-0739,1754-0747,"PSYCHOLOGY, MULTIDISCIPLINARY - SSCI","3,923",7.345,Q1,2,12.50%
Advances in Experimental Social Psychology,ADV EXP SOC PSYCHOL,0065-2601,1557-8410,"PSYCHOLOGY, EXPERIMENTAL - SSCI; PSYCHOLOGY, SOCIAL - SSCI","8,450",7.263,Q1,2.32,0%
Clinical Psychological Science,CLIN PSYCHOL SCI,2167-7026,2167-7034,"PSYCHOLOGY - SCIE; PSYCHOLOGY, CLINICAL - SSCI","4,719",7.216,Q1,1.81,14.18%
MONOGRAPHS OF THE SOCIETY FOR RESEARCH IN CHILD DEVELOPMENT,MONOGR SOC RES CHILD,0037-976X,1540-5834,"PSYCHOLOGY, DEVELOPMENTAL - SSCI","3,027",7.2,Q1,1.29,11.11%
INTERNATIONAL PSYCHOGERIATRICS,INT PSYCHOGERIATR,1041-6102,1741-203X,"PSYCHOLOGY - SCIE; PSYCHOLOGY, CLINICAL - SSCI","11,007",7.191,Q1,1.07,18.86%
JOURNAL OF CONSULTING AND CLINICAL PSYCHOLOGY,J CONSULT CLIN PSYCH,0022-006X,1939-2117,"PSYCHOLOGY, CLINICAL - SSCI","27,657",7.156,Q1,1.84,1.09%
EUROPEAN JOURNAL OF PERSONALITY,EUR J PERSONALITY,0890-2070,1099-0984,"PSYCHOLOGY, SOCIAL - SSCI","5,531",7,Q1,1.85,19.43%
NEUROPSYCHOLOGY REVIEW,NEUROPSYCHOL REV,1040-7308,1573-6660,"PSYCHOLOGY, CLINICAL - SSCI","4,428",6.94,Q1,0.88,24.41%
CONTEMPORARY EDUCATIONAL PSYCHOLOGY,CONTEMP EDUC PSYCHOL,0361-476X,1090-2384,"PSYCHOLOGY, EDUCATIONAL - SSCI","8,284",6.922,Q1,2.33,12.12%
BRITISH JOURNAL OF SOCIAL PSYCHOLOGY,BRIT J SOC PSYCHOL,0144-6665,2044-8309,"PSYCHOLOGY, SOCIAL - SSCI","6,983",6.92,Q1,1.72,31.90%
JOURNAL OF EDUCATIONAL PSYCHOLOGY,J EDUC PSYCHOL,0022-0663,1939-2176,"PSYCHOLOGY, EDUCATIONAL - SSCI","23,272",6.856,Q1,2.42,0.87%
Current Opinion in Psychology,CURR OPIN PSYCHOL,2352-250X,2352-2518,"PSYCHOLOGY, MULTIDISCIPLINARY - SSCI","8,090",6.813,Q1,1.16,11.20%
AUTISM,AUTISM,1362-3613,1461-7005,"PSYCHOLOGY, DEVELOPMENTAL - SSCI","9,612",6.684,Q1,1.56,23.27%
LEARNING AND INSTRUCTION,LEARN INSTR,0959-4752,1873-3263,"PSYCHOLOGY, EDUCATIONAL - SSCI","7,870",6.636,Q1,2.84,21.74%
JOURNAL OF BUSINESS AND PSYCHOLOGY,J BUS PSYCHOL,0889-3268,1573-353X,"PSYCHOLOGY, APPLIED - SSCI","5,838",6.604,Q1,1.57,14.22%
ENVIRONMENT AND BEHAVIOR,ENVIRON BEHAV,0013-9165,1552-390X,"PSYCHOLOGY, MULTIDISCIPLINARY - SSCI","9,422",6.548,Q1,1.75,8.76%
Psychology of Aesthetics Creativity and the Arts,PSYCHOL AESTHET CREA,1931-3896,1931-390X,"PSYCHOLOGY, EXPERIMENTAL - SSCI","2,953",6.395,Q1,7.94,0%
CLINICAL PSYCHOLOGY-SCIENCE AND PRACTICE,CLIN PSYCHOL-SCI PR,0969-5893,1468-2850,"PSYCHOLOGY, CLINICAL - SSCI","4,848",6.333,Q1,1.03,5.48%
HUMAN RESOURCE MANAGEMENT,HUM RESOUR MANAGE-US,0090-4848,1099-050X,"PSYCHOLOGY, APPLIED - SSCI","6,724",6.235,Q1,1.32,13.14%
Child Development Perspectives,CHILD DEV PERSPECT,1750-8592,1750-8606,"PSYCHOLOGY, DEVELOPMENTAL - SSCI","4,773",6.16,Q1,1.9,15.83%
Cyberpsychology Behavior and Social Networking,CYBERPSYCH BEH SOC N,2152-2715,2152-2723,"PSYCHOLOGY, SOCIAL - SSCI","8,007",6.135,Q1,1.31,5.50%
PSYCHOLOGICAL ASSESSMENT,PSYCHOL ASSESSMENT,1040-3590,1939-134X,"PSYCHOLOGY, CLINICAL - SSCI","18,716",6.083,Q1,1.64,0.80%
JOURNAL OF THE LEARNING SCIENCES,J LEARN SCI,1050-8406,1532-7809,"PSYCHOLOGY, EDUCATIONAL - SSCI","3,249",6.083,Q1,2.32,16.90%
JOURNAL OF SCHOOL PSYCHOLOGY,J SCHOOL PSYCHOL,0022-4405,1873-3506,"PSYCHOLOGY, EDUCATIONAL - SSCI","4,939",6.033,Q1,1.56,6.90%
Behavior Research Methods,BEHAV RES METHODS,1554-351X,1554-3528,"PSYCHOLOGY, EXPERIMENTAL - SSCI; PSYCHOLOGY, MATHEMATICAL - SSCI","30,783",5.953,Q1,1.83,39.85%
JOURNAL OF CLINICAL PSYCHIATRY,J CLIN PSYCHIAT,0160-6689,1555-2101,"PSYCHOLOGY, CLINICAL - SSCI","21,832",5.906,Q1,1.11,0%
International Journal of Clinical and Health Psychology,INT J CLIN HLTH PSYC,1697-2600,1576-7329,"PSYCHOLOGY, CLINICAL - SSCI","2,181",5.9,Q1,1.7,100%
FEMINISM & PSYCHOLOGY,FEM PSYCHOL,0959-3535,1461-7161,"PSYCHOLOGY, MULTIDISCIPLINARY - SSCI","1,674",5.833,Q1,1.94,19.75%
Developmental Cognitive Neuroscience,DEV COGN NEUROS-NETH,1878-9293,1878-9307,"PSYCHOLOGY, DEVELOPMENTAL - SSCI","6,003",5.811,Q1,1.43,99.73%
INTERNATIONAL JOURNAL OF EATING DISORDERS,INT J EAT DISORDER,0276-3478,1098-108X,"PSYCHOLOGY - SCIE; PSYCHOLOGY, CLINICAL - SSCI","13,532",5.791,Q1,1.28,11.71%
European Journal of Psychotraumatology,EUR J PSYCHOTRAUMATO,2000-8198,2000-8066,"PSYCHOLOGY, CLINICAL - SSCI","4,562",5.783,Q1,1.13,99.55%
HUMAN DEVELOPMENT,HUM DEV,0018-716X,1423-0054,"PSYCHOLOGY, DEVELOPMENTAL - SSCI","2,131",5.708,Q1,1,11.90%
CHILD DEVELOPMENT,CHILD DEV,0009-3920,1467-8624,"PSYCHOLOGY, DEVELOPMENTAL - SSCI; PSYCHOLOGY, EDUCATIONAL - SSCI","39,464",5.661,Q1,1.87,14.12%
European Review of Social Psychology,EUR REV SOC PSYCHOL,1046-3283,1479-277X,"PSYCHOLOGY, SOCIAL - SSCI","2,360",5.652,Q1,1.75,18.42%
JOURNAL OF YOUTH AND ADOLESCENCE,J YOUTH ADOLESCENCE,0047-2891,1573-6601,"PSYCHOLOGY, DEVELOPMENTAL - SSCI","14,630",5.625,Q1,1.38,22.31%
ORGANIZATIONAL BEHAVIOR AND HUMAN DECISION PROCESSES,ORGAN BEHAV HUM DEC,0749-5978,1095-9920,"PSYCHOLOGY, APPLIED - SSCI; PSYCHOLOGY, SOCIAL - SSCI","17,800",5.606,Q1,1.4,12.39%
Organizational Psychology Review,ORGAN PSYCHOL REV,2041-3866,2041-3874,"PSYCHOLOGY, APPLIED - SSCI",968,5.6,Q1,1.04,17.95%
PSYCHOLOGICAL INQUIRY,PSYCHOL INQ,1047-840X,1532-7965,"PSYCHOLOGY, MULTIDISCIPLINARY - SSCI","7,168",5.581,Q1,1.22,19.44%
Body Image,BODY IMAGE,1740-1445,1873-6807,"PSYCHOLOGY, CLINICAL - SSCI; PSYCHOLOGY, MULTIDISCIPLINARY - SSCI","6,788",5.58,Q1,1.64,8.24%
EMOTION,EMOTION,1528-3542,1931-1516,"PSYCHOLOGY, EXPERIMENTAL - SSCI","13,577",5.564,Q1,1.48,1.05%
HEALTH PSYCHOLOGY,HEALTH PSYCHOL,0278-6133,1930-7810,"PSYCHOLOGY - SCIE; PSYCHOLOGY, CLINICAL - SSCI","16,012",5.556,Q1,1.3,0%
npj Science of Learning,NPJ SCI LEARN,N/A,2056-7936,"PSYCHOLOGY, EXPERIMENTAL - SSCI",536,5.513,Q1,1.44,100%
PSYCHOLOGY & MARKETING,PSYCHOL MARKET,0742-6046,1520-6793,"PSYCHOLOGY, APPLIED - SSCI","10,200",5.507,Q1,1.09,12.93%
Applied Developmental Science,APPL DEV SCI,1088-8691,1532-480X,"PSYCHOLOGY, DEVELOPMENTAL - SSCI","1,984",5.5,Q1,1.18,6.72%
JOURNAL OF EXPERIMENTAL PSYCHOLOGY-GENERAL,J EXP PSYCHOL GEN,0096-3445,1939-2222,"PSYCHOLOGY, EXPERIMENTAL - SSCI","16,088",5.498,Q1,1.64,3.33%
PERSONNEL PSYCHOLOGY,PERS PSYCHOL,0031-5826,1744-6570,"PSYCHOLOGY, APPLIED - SSCI","11,560",5.47,Q1,1.6,10.42%
JOURNAL OF PERSONALITY,J PERS,0022-3506,1467-6494,"PSYCHOLOGY, SOCIAL - SSCI","13,058",5.429,Q1,1.56,14.34%
JOURNAL OF SOCIAL ISSUES,J SOC ISSUES,0022-4537,1540-4560,"PSYCHOLOGY, SOCIAL - SSCI","10,735",5.418,Q1,1.85,6.29%
APPLIED PSYCHOLOGY-AN INTERNATIONAL REVIEW-PSYCHOLOGIE APPLIQUEE-REVUE INTERNATIONALE,APPL PSYCHOL-INT REV,0269-994X,1464-0597,"PSYCHOLOGY, APPLIED - SSCI","6,117",5.414,Q1,1.55,20.62%
EUROPEAN EATING DISORDERS REVIEW,EUR EAT DISORD REV,1072-4133,1099-0968,"PSYCHOLOGY, CLINICAL - SSCI","4,218",5.36,Q1,1.2,18.96%
Internet Interventions-The Application of Information Technology in Mental and Behavioural Health,INTERNET INTERV,N/A,2214-7829,"PSYCHOLOGY, CLINICAL - SSCI","2,040",5.358,Q1,1.19,100%
EUROPEAN CHILD & ADOLESCENT PSYCHIATRY,EUR CHILD ADOLES PSY,1018-8827,1435-165X,"PSYCHOLOGY, DEVELOPMENTAL - SSCI","9,448",5.349,Q1,1.32,43.72%
EVOLUTION AND HUMAN BEHAVIOR,EVOL HUM BEHAV,1090-5138,1879-0607,"PSYCHOLOGY, BIOLOGICAL - SSCI","6,142",5.327,Q1,1.53,14.20%
BEHAVIOUR RESEARCH AND THERAPY,BEHAV RES THER,0005-7967,1873-622X,"PSYCHOLOGY, CLINICAL - SSCI","24,103",5.321,Q1,1.4,11.38%
Work Aging and Retirement,WORK AGING RETIRE,2054-4642,2054-4650,"PSYCHOLOGY, APPLIED - SSCI",904,5.319,Q2,1.42,20.22%
DEVELOPMENT AND PSYCHOPATHOLOGY,DEV PSYCHOPATHOL,0954-5794,1469-2198,"PSYCHOLOGY, DEVELOPMENTAL - SSCI","14,942",5.317,Q1,1.36,16.15%
Social Psychological and Personality Science,SOC PSYCHOL PERS SCI,1948-5506,1948-5514,"PSYCHOLOGY, SOCIAL - SSCI","6,951",5.316,Q1,1.47,17.38%
JOURNAL OF HEALTH AND SOCIAL BEHAVIOR,J HEALTH SOC BEHAV,0022-1465,2150-6000,"PSYCHOLOGY, SOCIAL - SSCI","12,917",5.179,Q1,1.65,3.92%
Journal of Contextual Behavioral Science,J CONTEXT BEHAV SCI,2212-1447,2212-1455,"PSYCHOLOGY, CLINICAL - SSCI","2,153",5.138,Q1,1.17,5.62%
JOURNAL OF OCCUPATIONAL AND ORGANIZATIONAL PSYCHOLOGY,J OCCUP ORGAN PSYCH,0963-1798,2044-8325,"PSYCHOLOGY, APPLIED - SSCI","6,856",5.119,Q2,1.21,24.79%
PSYCHOLOGY OF SPORT AND EXERCISE,PSYCHOL SPORT EXERC,1469-0292,1878-5476,"PSYCHOLOGY - SCIE; PSYCHOLOGY, APPLIED - SSCI","8,959",5.118,Q1,1.32,7.47%
JOURNAL OF COUNSELING PSYCHOLOGY,J COUNS PSYCHOL,0022-0167,1939-2168,"PSYCHOLOGY, APPLIED - SSCI; PSYCHOLOGY, EDUCATIONAL - SSCI","13,343",5.088,Q1,1.64,0%
JOURNAL OF CLINICAL CHILD AND ADOLESCENT PSYCHOLOGY,J CLIN CHILD ADOLESC,1537-4416,1537-4424,"PSYCHOLOGY, CLINICAL - SSCI; PSYCHOLOGY, DEVELOPMENTAL - SSCI","8,215",5.077,Q1,1.51,4.67%
Wiley Interdisciplinary Reviews-Cognitive Science,WIRES COGN SCI,1939-5078,1939-5086,"PSYCHOLOGY, EXPERIMENTAL - SSCI","2,215",5.071,Q1,0.8,16.09%
Adolescent Research Review,ADOLESC RES REV,2363-8346,2363-8354,"PSYCHOLOGY, DEVELOPMENTAL - SSCI",611,5.052,Q1,1.01,15.73%
EUROPEAN PSYCHOLOGIST,EUR PSYCHOL,1016-9040,1878-531X,"PSYCHOLOGY, MULTIDISCIPLINARY - SSCI","2,628",5,Q1,1.47,10.71%
BRITISH JOURNAL OF PSYCHOLOGY,BRIT J PSYCHOL,0007-1269,2044-8295,"PSYCHOLOGY, MULTIDISCIPLINARY - SSCI","6,286",4.981,Q1,1.39,25.48%
READING RESEARCH QUARTERLY,READ RES QUART,0034-0553,1936-2722,"PSYCHOLOGY, EDUCATIONAL - SSCI","3,881",4.957,Q1,2.1,9.39%
JOURNALS OF GERONTOLOGY SERIES B-PSYCHOLOGICAL SCIENCES AND SOCIAL SCIENCES,J GERONTOL B-PSYCHOL,1079-5014,1758-5368,"PSYCHOLOGY - SCIE; PSYCHOLOGY, MULTIDISCIPLINARY - SSCI","15,389",4.942,Q1,1.61,13.07%
DEVELOPMENTAL SCIENCE,DEVELOPMENTAL SCI,1363-755X,1467-7687,"PSYCHOLOGY, DEVELOPMENTAL - SSCI; PSYCHOLOGY, EXPERIMENTAL - SSCI","10,601",4.939,Q1,1.43,20.59%
Journal of Eating Disorders,J EAT DISORD,2050-2974,2050-2974,"PSYCHOLOGY, CLINICAL - SSCI","1,899",4.916,Q1,0.9,99.62%
ARCHIVES OF SEXUAL BEHAVIOR,ARCH SEX BEHAV,0004-0002,1573-2800,"PSYCHOLOGY, CLINICAL - SSCI","11,474",4.891,Q1,1.65,16.07%
AGGRESSION AND VIOLENT BEHAVIOR,AGGRESS VIOLENT BEH,1359-1789,1873-6335,"PSYCHOLOGY, MULTIDISCIPLINARY - SSCI","7,643",4.874,Q1,1.17,4.29%
ANNALS OF BEHAVIORAL MEDICINE,ANN BEHAV MED,0883-6612,1532-4796,"PSYCHOLOGY, MULTIDISCIPLINARY - SSCI","10,072",4.871,Q1,1.62,10.33%
European Journal of Work and Organizational Psychology,EUR J WORK ORGAN PSY,1359-432X,1464-0643,"PSYCHOLOGY, APPLIED - SSCI","5,675",4.867,Q2,1,22.94%
INTERNATIONAL JOURNAL OF HUMAN-COMPUTER STUDIES,INT J HUM-COMPUT ST,1071-5819,1095-9300,"PSYCHOLOGY, MULTIDISCIPLINARY - SSCI","6,726",4.866,Q1,1.2,14.50%
CHILD ABUSE & NEGLECT,CHILD ABUSE NEGLECT,0145-2134,1873-7757,"PSYCHOLOGY, SOCIAL - SSCI","20,006",4.863,Q1,1.72,10.01%
POLITICAL PSYCHOLOGY,POLIT PSYCHOL,0162-895X,1467-9221,"PSYCHOLOGY, SOCIAL - SSCI","7,036",4.804,Q1,1.73,19.75%
BEHAVIOR THERAPY,BEHAV THER,0005-7894,1878-1888,"PSYCHOLOGY, CLINICAL - SSCI","8,007",4.796,Q1,1.25,3.50%
JOURNAL OF LOSS & TRAUMA,J LOSS TRAUMA,1532-5024,1532-5032,"PSYCHOLOGY, SOCIAL - SSCI","2,106",4.775,Q1,1.06,5.21%
Bilingualism-Language and Cognition,BILING-LANG COGN,1366-7289,1469-1841,"PSYCHOLOGY, EXPERIMENTAL - SSCI","4,829",4.763,Q1,2.02,22.61%
Journal of Diversity in Higher Education,J DIVERS HIGH EDUC,1938-8926,1938-8934,"PSYCHOLOGY, EDUCATIONAL - SSCI; PSYCHOLOGY, SOCIAL - SSCI","1,605",4.762,Q1,1.4,0%
CORTEX,CORTEX,0010-9452,1973-8102,"PSYCHOLOGY, EXPERIMENTAL - SSCI","15,191",4.644,Q1,1.08,19.03%
Autism Research,AUTISM RES,1939-3792,1939-3806,"PSYCHOLOGY, DEVELOPMENTAL - SSCI","6,859",4.633,Q1,1.28,15.10%
Personality Disorders-Theory Research and Treatment,PERSONAL DISORD,1949-2715,1949-2723,"PSYCHOLOGY, CLINICAL - SSCI","2,631",4.627,Q2,1.29,0.49%
Psychology of Sexual Orientation and Gender Diversity,PSYCHOL SEX ORIENTAT,2329-0382,2329-0390,"PSYCHOLOGY - SCIE; PSYCHOLOGY, MULTIDISCIPLINARY - SSCI","2,292",4.617,Q1,1.24,0%
REVIEW OF GENERAL PSYCHOLOGY,REV GEN PSYCHOL,1089-2680,1939-1552,"PSYCHOLOGY, MULTIDISCIPLINARY - SSCI","6,585",4.615,Q1,1.19,17.35%
Journal of Applied Research in Memory and Cognition,J APPL RES MEM COGN,2211-3681,2211-369X,"PSYCHOLOGY, EXPERIMENTAL - SSCI","1,785",4.6,Q1,1.02,2.34%
ADDICTIVE BEHAVIORS,ADDICT BEHAV,0306-4603,1873-6327,"PSYCHOLOGY, CLINICAL - SSCI","19,814",4.591,Q2,1.27,5.65%
Psychosocial Intervention,PSYCHOSOC INTERV,1132-0559,2173-4712,"PSYCHOLOGY, MULTIDISCIPLINARY - SSCI",889,4.583,Q1,1.47,98.18%
PERSONALITY AND SOCIAL PSYCHOLOGY BULLETIN,PERS SOC PSYCHOL B,0146-1672,1552-7433,"PSYCHOLOGY, SOCIAL - SSCI","23,842",4.56,Q2,1.25,12.03%
JOURNAL OF CONSUMER PSYCHOLOGY,J CONSUM PSYCHOL,1057-7408,1532-7663,"PSYCHOLOGY, APPLIED - SSCI","8,963",4.551,Q2,0.97,7.98%
Cognitive Systems Research,COGN SYST RES,2214-4366,1389-0417,"PSYCHOLOGY, EXPERIMENTAL - SSCI","2,101",4.541,Q1,1,7.69%
SUICIDE AND LIFE-THREATENING BEHAVIOR,SUICIDE LIFE-THREAT,0363-0234,1943-278X,"PSYCHOLOGY, MULTIDISCIPLINARY - SSCI","6,714",4.528,Q1,1.17,6.05%
JOURNAL OF MEMORY AND LANGUAGE,J MEM LANG,0749-596X,1096-0821,"PSYCHOLOGY - SCIE; PSYCHOLOGY, EXPERIMENTAL - SSCI","12,491",4.521,Q1,1.76,18.85%
DEVELOPMENTAL PSYCHOLOGY,DEV PSYCHOL,0012-1649,1939-0599,"PSYCHOLOGY, DEVELOPMENTAL - SSCI","29,594",4.497,Q1,1.24,0.51%
JOURNAL OF SEX RESEARCH,J SEX RES,0022-4499,1559-8519,"PSYCHOLOGY, CLINICAL - SSCI","7,692",4.453,Q2,1.79,11.14%
Transgender Health,TRANSGENDER HEALTH,2688-4887,2380-193X,"PSYCHOLOGY, CLINICAL - SSCI","1,203",4.427,Q2,0.99,36.22%
PSYCHONOMIC BULLETIN & REVIEW,PSYCHON B REV,1069-9384,1531-5320,"PSYCHOLOGY, EXPERIMENTAL - SSCI; PSYCHOLOGY, MATHEMATICAL - SSCI","15,865",4.412,Q1,1.13,31.63%
CLINICAL NEUROPSYCHOLOGIST,CLIN NEUROPSYCHOL,1385-4046,1744-4144,"PSYCHOLOGY - SCIE; PSYCHOLOGY, CLINICAL - SSCI","6,059",4.373,Q1,1.05,6.03%
INTERNATIONAL JOURNAL OF STRESS MANAGEMENT,INT J STRESS MANAGE,1072-5245,1573-3424,"PSYCHOLOGY, APPLIED - SSCI","2,517",4.368,Q2,1.23,0%
TRANSPORTATION RESEARCH PART F-TRAFFIC PSYCHOLOGY AND BEHAVIOUR,TRANSPORT RES F-TRAF,1369-8478,1873-5517,"PSYCHOLOGY, APPLIED - SSCI","9,876",4.349,Q2,1.09,10.61%
PSYCHOPHYSIOLOGY,PSYCHOPHYSIOLOGY,0048-5772,1469-8986,"PSYCHOLOGY - SCIE; PSYCHOLOGY, BIOLOGICAL - SSCI; PSYCHOLOGY, EXPERIMENTAL - SSCI","18,298",4.348,Q1,1.07,21.04%
JOURNAL OF AUTISM AND DEVELOPMENTAL DISORDERS,J AUTISM DEV DISORD,0162-3257,1573-3432,"PSYCHOLOGY, DEVELOPMENTAL - SSCI","31,891",4.345,Q2,1.21,21.78%
DEATH STUDIES,DEATH STUD,0748-1187,1091-7683,"PSYCHOLOGY, MULTIDISCIPLINARY - SSCI","4,698",4.34,Q1,1.26,8.97%
FAMILY PROCESS,FAM PROCESS,0014-7370,1545-5300,"PSYCHOLOGY, CLINICAL - SSCI","4,195",4.319,Q2,1.35,6.02%
CANADIAN JOURNAL OF BEHAVIOURAL SCIENCE-REVUE CANADIENNE DES SCIENCES DU COMPORTEMENT,CAN J BEHAV SCI,0008-400X,1879-2669,"PSYCHOLOGY, MULTIDISCIPLINARY - SSCI","2,097",4.309,Q1,1.03,0%
PSYCHOLOGY OF WOMEN QUARTERLY,PSYCHOL WOMEN QUART,0361-6843,1471-6402,"PSYCHOLOGY, MULTIDISCIPLINARY - SSCI","5,765",4.292,Q1,1.6,9.09%
Journal of Positive Psychology,J POSIT PSYCHOL,1743-9760,1743-9779,"PSYCHOLOGY, MULTIDISCIPLINARY - SSCI","6,032",4.29,Q1,1.19,8.14%
GROUP & ORGANIZATION MANAGEMENT,GROUP ORGAN MANAGE,1059-6011,1552-3993,"PSYCHOLOGY, APPLIED - SSCI","3,904",4.29,Q2,1.13,14.29%
ASSESSMENT,ASSESSMENT,1073-1911,1552-3489,"PSYCHOLOGY, CLINICAL - SSCI","8,283",4.282,Q2,1.35,11.40%
Current Opinion in Behavioral Sciences,CURR OPIN BEHAV SCI,2352-1546,2352-1554,"PSYCHOLOGY, EXPERIMENTAL - SSCI","4,875",4.261,Q1,0.7,19.35%
Social Cognitive and Affective Neuroscience,SOC COGN AFFECT NEUR,1749-5016,1749-5024,"PSYCHOLOGY - SCIE; PSYCHOLOGY, EXPERIMENTAL - SSCI","9,730",4.235,Q1,1.04,99.45%
Frontiers in Psychology,FRONT PSYCHOL,1664-1078,1664-1078,"PSYCHOLOGY, MULTIDISCIPLINARY - SSCI","85,507",4.232,Q1,1.03,99.49%
PSYCHOLOGY AND AGING,PSYCHOL AGING,0882-7974,1939-1498,"PSYCHOLOGY, DEVELOPMENTAL - SSCI","12,803",4.201,Q2,1.08,1.78%
International Review of Social Psychology,INT REV SOC PSYCHOL,2397-8570,2397-8570,"PSYCHOLOGY, SOCIAL - SSCI",500,4.2,Q2,0.9,100%
SCIENTIFIC STUDIES OF READING,SCI STUD READ,1088-8438,1532-799X,"PSYCHOLOGY, EDUCATIONAL - SSCI","3,101",4.2,Q1,1.65,15.38%
RESEARCH ON LANGUAGE AND SOCIAL INTERACTION,RES LANG SOC INTERAC,0835-1813,1532-7973,"PSYCHOLOGY, SOCIAL - SSCI","2,049",4.158,Q2,1.64,23.73%
Research in Human Development,RES HUM DEV,1542-7609,1542-7617,"PSYCHOLOGY, DEVELOPMENTAL - SSCI","1,073",4.154,Q2,0.83,4.88%
MOTIVATION AND EMOTION,MOTIV EMOTION,0146-7239,1573-6644,"PSYCHOLOGY, EXPERIMENTAL - SSCI; PSYCHOLOGY, SOCIAL - SSCI","6,270",4.135,Q1,0.86,21.76%
PSYCHOTHERAPY RESEARCH,PSYCHOTHER RES,1050-3307,1468-4381,"PSYCHOLOGY, CLINICAL - SSCI","4,360",4.117,Q2,1.16,12.71%
Child and Adolescent Mental Health,CHILD ADOL MENT H-UK,1475-357X,1475-3588,"PSYCHOLOGY, CLINICAL - SSCI","1,723",4.111,Q2,0.7,18.75%
PSICOTHEMA,PSICOTHEMA,0214-9915,1886-144X,"PSYCHOLOGY, MULTIDISCIPLINARY - SSCI","4,988",4.104,Q1,1.26,0%
JOURNAL OF ABNORMAL CHILD PSYCHOLOGY,J ABNORM CHILD PSYCH,0091-0627,1573-2835,"PSYCHOLOGY, CLINICAL - SSCI; PSYCHOLOGY, DEVELOPMENTAL - SSCI","11,879",4.096,Q2,1.15,16.18%
Journal of Work and Organizational Psychology-Revista de Psicologia del Trabajo y de las Organizaciones,J WORK ORGAN PSYCHOL,1576-5962,2174-0534,"PSYCHOLOGY, APPLIED - SSCI",714,4.089,Q2,0.92,98.44%
Journal of Happiness Studies,J HAPPINESS STUD,1389-4978,1573-7780,"PSYCHOLOGY, MULTIDISCIPLINARY - SSCI","8,745",4.087,Q1,1.72,21.17%
International Journal of Sport and Exercise Psychology,INT J SPORT EXERC PS,1612-197X,1557-251X,"PSYCHOLOGY, APPLIED - SSCI","1,851",4.048,Q2,1.1,10.69%
PSYCHOLOGY OF ADDICTIVE BEHAVIORS,PSYCHOL ADDICT BEHAV,0893-164X,1939-1501,"PSYCHOLOGY, MULTIDISCIPLINARY - SSCI","7,153",4.044,Q2,1.14,0.64%
Journal of Managerial Psychology,J MANAGE PSYCHOL,0268-3946,1758-7778,"PSYCHOLOGY, APPLIED - SSCI","5,224",4.043,Q2,0.93,2.88%
Cultural Diversity & Ethnic Minority Psychology,CULT DIVERS ETHN MIN,1099-9809,1939-0106,"PSYCHOLOGY, SOCIAL - SSCI","4,682",4.035,Q2,1.46,0%
JOURNAL OF NONVERBAL BEHAVIOR,J NONVERBAL BEHAV,0191-5886,1573-3653,"PSYCHOLOGY, SOCIAL - SSCI","2,174",4.019,Q2,0.89,32.10%
AMERICAN JOURNAL OF COMMUNITY PSYCHOLOGY,AM J COMMUN PSYCHOL,0091-0562,1573-2770,"PSYCHOLOGY, MULTIDISCIPLINARY - SSCI","8,773",4.019,Q2,1.2,5.65%
JOURNAL OF PSYCHOLOGY,J PSYCHOL,0022-3980,1940-1019,"PSYCHOLOGY, MULTIDISCIPLINARY - SSCI","5,437",4.013,Q2,0.84,6.56%
Cognition,COGNITION,0010-0277,1873-7838,"PSYCHOLOGY, EXPERIMENTAL - SSCI","23,585",4.011,Q1,1.19,15.67%
BRITISH JOURNAL OF CLINICAL PSYCHOLOGY,BRIT J CLIN PSYCHOL,0144-6657,2044-8260,"PSYCHOLOGY, CLINICAL - SSCI","5,113",3.984,Q2,1.1,26.56%
Psychology Research and Behavior Management,PSYCHOL RES BEHAV MA,1179-1578,1179-1578,"PSYCHOLOGY, CLINICAL - SSCI; PSYCHOLOGY, MULTIDISCIPLINARY - SSCI","2,078",3.974,Q2,0.9,96.03%
PSYCHOLOGY AND PSYCHOTHERAPY-THEORY RESEARCH AND PRACTICE,PSYCHOL PSYCHOTHER-T,1476-0835,2044-8341,"PSYCHOLOGY - SCIE; PSYCHOLOGY, CLINICAL - SSCI","2,127",3.966,Q2,0.97,30.81%
PSYCHO-ONCOLOGY,PSYCHO-ONCOLOGY,1057-9249,1099-1611,"PSYCHOLOGY - SCIE; PSYCHOLOGY, MULTIDISCIPLINARY - SSCI","15,773",3.955,Q2,0.89,14.65%
JOURNAL OF TRAUMATIC STRESS,J TRAUMA STRESS,0894-9867,1573-6598,"PSYCHOLOGY, CLINICAL - SSCI","11,328",3.952,Q2,0.9,7.82%
PERSONALITY AND INDIVIDUAL DIFFERENCES,PERS INDIV DIFFER,0191-8869,1873-3549,"PSYCHOLOGY, SOCIAL - SSCI","42,805",3.95,Q2,1.09,7.04%
APPLIED ERGONOMICS,APPL ERGON,0003-6870,1872-9126,"PSYCHOLOGY, APPLIED - SSCI","11,555",3.94,Q2,1.04,9.16%
EUROPEAN JOURNAL OF SOCIAL PSYCHOLOGY,EUR J SOC PSYCHOL,0046-2772,1099-0992,"PSYCHOLOGY, SOCIAL - SSCI","9,586",3.93,Q2,1.1,20.54%
COGNITIVE BEHAVIOUR THERAPY,COGN BEHAV THERAPY,1650-6073,1651-2316,"PSYCHOLOGY, CLINICAL - SSCI","2,585",3.928,Q2,1.22,9.57%
JOURNAL OF SUBSTANCE ABUSE TREATMENT,J SUBST ABUSE TREAT,0740-5472,1873-6483,"PSYCHOLOGY, CLINICAL - SSCI","8,277",3.917,Q2,1.08,6.60%
MEDIA PSYCHOLOGY,MEDIA PSYCHOL,1521-3269,1532-785X,"PSYCHOLOGY, APPLIED - SSCI","3,130",3.912,Q2,3.49,19.05%
AMERICAN JOURNAL OF DRUG AND ALCOHOL ABUSE,AM J DRUG ALCOHOL AB,0095-2990,1097-9891,"PSYCHOLOGY, CLINICAL - SSCI","3,878",3.912,Q2,0.81,5.02%
LEARNING AND INDIVIDUAL DIFFERENCES,LEARN INDIVID DIFFER,1041-6080,1873-3425,"PSYCHOLOGY, EDUCATIONAL - SSCI","7,545",3.897,Q1,1.21,14.55%
Human Resource Development Quarterly,HUM RESOUR DEV Q,1044-8004,1532-1096,"PSYCHOLOGY, APPLIED - SSCI","2,031",3.891,Q2,1.08,15.38%
JOURNAL OF RESEARCH IN PERSONALITY,J RES PERS,0092-6566,1095-7251,"PSYCHOLOGY, SOCIAL - SSCI","12,173",3.886,Q2,1.01,8.52%
COUNSELING PSYCHOLOGIST,COUNS PSYCHOL,0011-0000,1552-3861,"PSYCHOLOGY, APPLIED - SSCI","4,673",3.88,Q2,0.98,1.64%
LAW AND HUMAN BEHAVIOR,LAW HUMAN BEHAV,0147-7307,1573-661X,"PSYCHOLOGY, SOCIAL - SSCI","4,127",3.87,Q2,2.44,0%
PSYCHOSOMATIC MEDICINE,PSYCHOSOM MED,0033-3174,1534-7796,"PSYCHOLOGY - SCIE; PSYCHOLOGY, MULTIDISCIPLINARY - SSCI","14,621",3.864,Q2,0.99,7.17%
EARLY CHILDHOOD RESEARCH QUARTERLY,EARLY CHILD RES Q,0885-2006,1873-7706,"PSYCHOLOGY, DEVELOPMENTAL - SSCI","6,917",3.815,Q2,1.81,6.33%
ANXIETY STRESS AND COPING,ANXIETY STRESS COPIN,1061-5806,1477-2205,"PSYCHOLOGY, MULTIDISCIPLINARY - SSCI","3,798",3.813,Q2,0.88,12.38%
SEX ROLES,SEX ROLES,0360-0025,1573-2762,"PSYCHOLOGY, DEVELOPMENTAL - SSCI; PSYCHOLOGY, SOCIAL - SSCI","12,443",3.812,Q2,1.46,10.94%
Mindfulness,MINDFULNESS,1868-8527,1868-8535,"PSYCHOLOGY, CLINICAL - SSCI","7,297",3.801,Q2,0.98,22.33%
Social and Personality Psychology Compass,SOC PERSONAL PSYCHOL,N/A,1751-9004,"PSYCHOLOGY, SOCIAL - SSCI","6,333",3.798,Q2,0.93,20.12%
JOURNAL OF HEALTH PSYCHOLOGY,J HEALTH PSYCHOL,1359-1053,1461-7277,"PSYCHOLOGY, CLINICAL - SSCI","8,948",3.789,Q2,0.95,8.82%
Revista de Psicodidactica,REV PSICODIDACT,1136-1034,2254-4372,"PSYCHOLOGY, EDUCATIONAL - SSCI",693,3.775,Q1,1.8,0%
COGNITIVE NEUROPSYCHOLOGY,COGN NEUROPSYCHOL,0264-3294,1464-0627,"PSYCHOLOGY - SCIE; PSYCHOLOGY, EXPERIMENTAL - SSCI","2,369",3.75,Q2,0.72,7.14%
Review Journal of Autism and Developmental Disorders,REV J AUTISM DEV DIS,2195-7177,2195-7185,"PSYCHOLOGY, DEVELOPMENTAL - SSCI",938,3.747,Q2,0.48,20.98%
Psychology of Violence,PSYCHOL VIOLENCE,2152-0828,2152-081X,"PSYCHOLOGY, CLINICAL - SSCI","2,745",3.746,Q2,1.57,0%
COGNITIVE PSYCHOLOGY,COGNITIVE PSYCHOL,0010-0285,1095-5623,"PSYCHOLOGY - SCIE; PSYCHOLOGY, EXPERIMENTAL - SSCI","9,676",3.746,Q2,1.11,16.48%
BRITISH JOURNAL OF EDUCATIONAL PSYCHOLOGY,BRIT J EDUC PSYCHOL,0007-0998,2044-8279,"PSYCHOLOGY, EDUCATIONAL - SSCI","5,133",3.744,Q1,1.23,27.78%
PHYSIOLOGY & BEHAVIOR,PHYSIOL BEHAV,0031-9384,1873-507X,"PSYCHOLOGY, BIOLOGICAL - SSCI","27,162",3.742,Q2,1.02,10.80%
JOURNAL OF PERSONALITY ASSESSMENT,J PERS ASSESS,0022-3891,1532-7752,"PSYCHOLOGY, CLINICAL - SSCI; PSYCHOLOGY, SOCIAL - SSCI","12,567",3.72,Q2,1.11,8.43%
REHABILITATION PSYCHOLOGY,REHABIL PSYCHOL,0090-5550,1939-1544,"PSYCHOLOGY, CLINICAL - SSCI","2,932",3.713,Q2,1.12,0%
GROUP DYNAMICS-THEORY RESEARCH AND PRACTICE,GROUP DYN-THEOR RES,1089-2699,1930-7802,"PSYCHOLOGY, SOCIAL - SSCI","1,452",3.71,Q2,0.68,0%
Cyberpsychology-Journal of Psychosocial Research on Cyberspace,CYBERPSYCHOLOGY,1802-7962,1802-7962,"PSYCHOLOGY, MULTIDISCIPLINARY - SSCI",856,3.708,Q2,1.14,100%
Journal of Mental Health,J MENT HEALTH,0963-8237,1360-0567,"PSYCHOLOGY, CLINICAL - SSCI","4,090",3.681,Q2,0.92,12.26%
JOURNAL OF ADOLESCENCE,J ADOLESCENCE,0140-1971,1095-9254,"PSYCHOLOGY, DEVELOPMENTAL - SSCI","10,366",3.675,Q2,0.97,5.40%
Psychology of Religion and Spirituality,PSYCHOL RELIG SPIRIT,1941-1022,1943-1562,"PSYCHOLOGY, MULTIDISCIPLINARY - SSCI","1,887",3.673,Q2,4,0%
Eating Disorders,EAT DISORD,1064-0266,1532-530X,"PSYCHOLOGY - SCIE; PSYCHOLOGY, CLINICAL - SSCI","1,916",3.663,Q2,0.92,4.08%
Cognitive Research-Principles and Implications,COGN RES,2365-7464,2365-7464,"PSYCHOLOGY, EXPERIMENTAL - SSCI","1,025",3.657,Q2,0.9,100%
Journal of Trauma & Dissociation,J TRAUMA DISSOCIATIO,1529-9732,1529-9740,"PSYCHOLOGY, CLINICAL - SSCI","1,631",3.649,Q2,0.79,8%
JOURNAL OF PEDIATRIC PSYCHOLOGY,J PEDIATR PSYCHOL,0146-8693,1465-735X,"PSYCHOLOGY, DEVELOPMENTAL - SSCI","8,676",3.624,Q2,0.92,3.78%
INTELLIGENCE,INTELLIGENCE,0160-2896,1873-7935,"PSYCHOLOGY, MULTIDISCIPLINARY - SSCI","5,469",3.613,Q2,0.99,14.02%
HUMAN FACTORS,HUM FACTORS,0018-7208,1547-8181,"PSYCHOLOGY - SCIE; PSYCHOLOGY, APPLIED - SSCI","8,908",3.598,Q2,0.89,20.14%
Crisis-The Journal of Crisis Intervention and Suicide Prevention,CRISIS,0227-5910,2151-2396,"PSYCHOLOGY, MULTIDISCIPLINARY - SSCI","2,756",3.591,Q2,0.81,2.90%
JOURNAL OF RESEARCH ON ADOLESCENCE,J RES ADOLESCENCE,1050-8392,1532-7795,"PSYCHOLOGY, DEVELOPMENTAL - SSCI","5,157",3.563,Q2,1.27,7.12%
JOURNAL OF EXPERIMENTAL SOCIAL PSYCHOLOGY,J EXP SOC PSYCHOL,0022-1031,1096-0465,"PSYCHOLOGY, SOCIAL - SSCI","17,335",3.532,Q2,1.12,8.16%
Advances in Child Development and Behavior,ADV CHILD DEV BEHAV,0065-2407,N/A,"PSYCHOLOGY, DEVELOPMENTAL - SSCI","1,300",3.531,Q2,0.95,0%
JOURNAL OF CAREER ASSESSMENT,J CAREER ASSESSMENT,1069-0727,1552-4590,"PSYCHOLOGY, APPLIED - SSCI","2,890",3.5,Q2,1.02,12.59%
EXPERIMENTAL AND CLINICAL PSYCHOPHARMACOLOGY,EXP CLIN PSYCHOPHARM,1064-1297,1936-2293,"PSYCHOLOGY, BIOLOGICAL - SSCI; PSYCHOLOGY, CLINICAL - SSCI","3,492",3.492,Q2,0.86,0%
Frontiers in Human Neuroscience,FRONT HUM NEUROSCI,1662-5161,1662-5161,PSYCHOLOGY - SCIE,"28,005",3.473,Q2,0.76,99.72%
JOURNAL OF BEHAVIORAL MEDICINE,J BEHAV MED,0160-7715,1573-3521,"PSYCHOLOGY, CLINICAL - SSCI","7,224",3.47,Q2,0.86,7.27%
STRESS AND HEALTH,STRESS HEALTH,1532-3005,1532-2998,"PSYCHOLOGY - SCIE; PSYCHOLOGY, APPLIED - SSCI","3,711",3.454,Q2,0.88,6.92%
ARCHIVES OF CLINICAL NEUROPSYCHOLOGY,ARCH CLIN NEUROPSYCH,0887-6177,1873-5843,"PSYCHOLOGY - SCIE; PSYCHOLOGY, CLINICAL - SSCI","7,047",3.448,Q2,0.96,12.50%
Social Psychology,SOC PSYCHOL-GERMANY,1864-9335,2151-2590,"PSYCHOLOGY, SOCIAL - SSCI","1,769",3.444,Q2,0.9,9.28%
NEUROPSYCHOLOGY,NEUROPSYCHOLOGY,0894-4105,1931-1559,"PSYCHOLOGY - SCIE; PSYCHOLOGY, CLINICAL - SSCI","7,043",3.424,Q2,0.88,1.16%
JOURNAL OF COGNITIVE NEUROSCIENCE,J COGNITIVE NEUROSCI,0898-929X,1530-8898,"PSYCHOLOGY, EXPERIMENTAL - SSCI","18,253",3.42,Q2,0.89,5.62%
JOURNAL OF GAMBLING STUDIES,J GAMBL STUD,1050-5350,1573-3602,"PSYCHOLOGY, MULTIDISCIPLINARY - SSCI","3,988",3.396,Q2,0.96,22.70%
JOURNAL OF APPLIED SPORT PSYCHOLOGY,J APPL SPORT PSYCHOL,1041-3200,1533-1571,"PSYCHOLOGY - SCIE; PSYCHOLOGY, APPLIED - SSCI","3,017",3.365,Q2,0.93,3.95%
PSYCHOLOGY & HEALTH,PSYCHOL HEALTH,0887-0446,1476-8321,"PSYCHOLOGY, MULTIDISCIPLINARY - SSCI","7,854",3.358,Q2,0.91,15.22%
COGNITION AND INSTRUCTION,COGNITION INSTRUCT,0737-0008,1532-690X,"PSYCHOLOGY, EDUCATIONAL - SSCI; PSYCHOLOGY, EXPERIMENTAL - SSCI","2,454",3.356,Q2,0.92,4.76%
Journal of Studies on Alcohol and Drugs,J STUD ALCOHOL DRUGS,1937-1888,1938-4114,PSYCHOLOGY - SCIE,"8,168",3.346,Q2,0.87,0.75%
School Mental Health,SCH MENT HEALTH,1866-2625,1866-2633,"PSYCHOLOGY, DEVELOPMENTAL - SSCI; PSYCHOLOGY, EDUCATIONAL - SSCI","1,505",3.325,Q2,0.82,12.20%
PSYCHOLOGY PUBLIC POLICY AND LAW,PSYCHOL PUBLIC POL L,1076-8971,1939-1528,"PSYCHOLOGY, MULTIDISCIPLINARY - SSCI","2,061",3.317,Q2,1.89,0%
Personality and Mental Health,PERSONAL MENT HEALTH,1932-8621,1932-863X,"PSYCHOLOGY, SOCIAL - SSCI",825,3.304,Q3,0.74,14.12%
JOURNAL OF FAMILY PSYCHOLOGY,J FAM PSYCHOL,0893-3200,1939-1293,"PSYCHOLOGY, CLINICAL - SSCI","9,626",3.302,Q2,1.07,1.02%
Research in Autism Spectrum Disorders,RES AUTISM SPECT DIS,1750-9467,1878-0237,"PSYCHOLOGY, DEVELOPMENTAL - SSCI","5,961",3.293,Q2,1.08,8.65%
JOURNAL OF PSYCHOACTIVE DRUGS,J PSYCHOACTIVE DRUGS,0279-1072,2159-9777,"PSYCHOLOGY, CLINICAL - SSCI","2,880",3.289,Q2,0.8,5.80%
JOURNAL OF APPLIED DEVELOPMENTAL PSYCHOLOGY,J APPL DEV PSYCHOL,0193-3973,1873-7900,"PSYCHOLOGY, DEVELOPMENTAL - SSCI","4,651",3.28,Q2,0.92,7.17%
COGNITIVE AND BEHAVIORAL PRACTICE,COGN BEHAV PRACT,1077-7229,1878-187X,"PSYCHOLOGY, CLINICAL - SSCI","2,444",3.274,Q2,0.88,0%
Topics in Cognitive Science,TOP COGN SCI,1756-8757,1756-8765,"PSYCHOLOGY, EXPERIMENTAL - SSCI","2,372",3.265,Q2,1.06,23.96%
Motivation Science,MOTIV SCI,2333-8113,2333-8121,"PSYCHOLOGY, MULTIDISCIPLINARY - SSCI",636,3.243,Q2,1.04,0%
JOURNAL OF CREATIVE BEHAVIOR,J CREATIVE BEHAV,0022-0175,2162-6057,"PSYCHOLOGY, EDUCATIONAL - SSCI","2,213",3.233,Q2,1.18,10.68%
Journal of Psychosomatic Obstetrics & Gynecology,J PSYCHOSOM OBST GYN,0167-482X,1743-8942,"PSYCHOLOGY, CLINICAL - SSCI","2,162",3.228,Q2,0.88,7.19%
PERSONNEL REVIEW,PERS REV,0048-3486,1758-6933,"PSYCHOLOGY, APPLIED - SSCI","4,518",3.228,Q2,0.99,0.95%
Perspectives on Behavior Science,PERSPECT BEHAV SCI,2520-8969,2520-8977,"PSYCHOLOGY, CLINICAL - SSCI",380,3.226,Q3,0.82,5.60%
PSYCHOTHERAPY,PSYCHOTHERAPY,0033-3204,1939-1536,"PSYCHOLOGY, CLINICAL - SSCI","4,813",3.218,Q3,1.53,0%
JOURNAL OF REPRODUCTIVE AND INFANT PSYCHOLOGY,J REPROD INFANT PSYC,0264-6838,1469-672X,"PSYCHOLOGY, MULTIDISCIPLINARY - SSCI","1,962",3.207,Q2,0.72,5.79%
CLINICAL PSYCHOLOGY & PSYCHOTHERAPY,CLIN PSYCHOL PSYCHOT,1063-3995,1099-0879,"PSYCHOLOGY, CLINICAL - SSCI","4,930",3.198,Q3,0.8,22.67%
Journal of Attention Disorders,J ATTEN DISORD,1087-0547,1557-1246,"PSYCHOLOGY, DEVELOPMENTAL - SSCI","5,428",3.196,Q2,1.06,9.94%
Journal of Intelligence,J INTELL-BASEL,N/A,2079-3200,"PSYCHOLOGY, MULTIDISCIPLINARY - SSCI",713,3.176,Q2,0.72,95.37%
BEHAVIORAL DISORDERS,BEHAV DISORDERS,0198-7429,2163-5307,"PSYCHOLOGY, CLINICAL - SSCI; PSYCHOLOGY, EDUCATIONAL - SSCI","1,101",3.164,Q2,0.94,2.74%
JOURNAL OF EXPERIMENTAL PSYCHOLOGY-LEARNING MEMORY AND COGNITION,J EXP PSYCHOL LEARN,0278-7393,1939-1285,"PSYCHOLOGY - SCIE; PSYCHOLOGY, EXPERIMENTAL - SSCI","14,979",3.14,Q2,1.04,1.96%
International Journal of Transgender Health,INT J TRANSGEND HEAL,2689-5269,2689-5277,"PSYCHOLOGY, CLINICAL - SSCI",247,3.138,Q3,0.85,18.52%
Educational Psychology,EDUC PSYCHOL-UK,0144-3410,1469-5820,"PSYCHOLOGY, EDUCATIONAL - SSCI","3,685",3.117,Q2,1.82,11.01%
JOURNAL OF THE INTERNATIONAL NEUROPSYCHOLOGICAL SOCIETY,J INT NEUROPSYCH SOC,1355-6177,1469-7661,PSYCHOLOGY - SCIE,"9,279",3.114,Q2,0.81,11.73%
BIOLOGICAL PSYCHOLOGY,BIOL PSYCHOL,0301-0511,1873-6246,"PSYCHOLOGY - SCIE; PSYCHOLOGY, BIOLOGICAL - SSCI; PSYCHOLOGY, EXPERIMENTAL - SSCI","12,365",3.111,Q2,0.98,12.29%
NEUROBIOLOGY OF LEARNING AND MEMORY,NEUROBIOL LEARN MEM,1074-7427,1095-9564,"PSYCHOLOGY - SCIE; PSYCHOLOGY, MULTIDISCIPLINARY - SSCI","8,286",3.109,Q2,0.88,12.74%
PSYCHOSOMATICS,PSYCHOSOMATICS,0033-3182,1545-7206,PSYCHOLOGY - SCIE,"5,251",3.099,Q2,0.61,1.57%
JOURNAL OF SEX & MARITAL THERAPY,J SEX MARITAL THER,0092-623X,1521-0715,"PSYCHOLOGY, CLINICAL - SSCI","3,572",3.099,Q3,1,8.10%
Collabra-Psychology,COLLABRA-PSYCHOL,2474-7394,2474-7394,"PSYCHOLOGY, MULTIDISCIPLINARY - SSCI",716,3.098,Q2,0.93,98.41%
Psychological Services,PSYCHOL SERV,1541-1559,1939-148X,"PSYCHOLOGY, CLINICAL - SSCI","2,245",3.097,Q3,0.91,0%
COGNITIVE THERAPY AND RESEARCH,COGNITIVE THER RES,0147-5916,1573-2819,"PSYCHOLOGY, CLINICAL - SSCI","7,314",3.091,Q3,0.77,20.25%
EDUCATIONAL AND PSYCHOLOGICAL MEASUREMENT,EDUC PSYCHOL MEAS,0013-1644,1552-3888,"PSYCHOLOGY, EDUCATIONAL - SSCI; PSYCHOLOGY, MATHEMATICAL - SSCI","12,579",3.088,Q1,0.94,9.33%
MULTIVARIATE BEHAVIORAL RESEARCH,MULTIVAR BEHAV RES,0027-3171,1532-7906,"PSYCHOLOGY, EXPERIMENTAL - SSCI","10,618",3.085,Q2,1.32,11.95%
JOURNAL OF EXPERIMENTAL PSYCHOLOGY-HUMAN PERCEPTION AND PERFORMANCE,J EXP PSYCHOL HUMAN,0096-1523,1939-1277,"PSYCHOLOGY - SCIE; PSYCHOLOGY, EXPERIMENTAL - SSCI","13,109",3.077,Q2,0.96,2.49%
JOURNAL OF DEVELOPMENTAL AND BEHAVIORAL PEDIATRICS,J DEV BEHAV PEDIATR,0196-206X,1536-7312,"PSYCHOLOGY, DEVELOPMENTAL - SSCI","5,389",3.061,Q2,0.84,1.92%
Neuropsychologia,NEUROPSYCHOLOGIA,0028-3932,1873-3514,"PSYCHOLOGY, EXPERIMENTAL - SSCI","28,867",3.054,Q2,0.95,15.90%
AGGRESSIVE BEHAVIOR,AGGRESSIVE BEHAV,0096-140X,1098-2337,"PSYCHOLOGY, MULTIDISCIPLINARY - SSCI","4,749",3.047,Q2,0.91,16.67%
ATTACHMENT & HUMAN DEVELOPMENT,ATTACH HUM DEV,1461-6734,1469-2988,"PSYCHOLOGY, DEVELOPMENTAL - SSCI","3,036",3.024,Q2,0.91,16.86%
INTERNATIONAL JOURNAL OF BEHAVIORAL DEVELOPMENT,INT J BEHAV DEV,0165-0254,1464-0651,"PSYCHOLOGY, DEVELOPMENTAL - SSCI","5,420",3.021,Q2,0.76,11.58%
APPLIED PSYCHOPHYSIOLOGY AND BIOFEEDBACK,APPL PSYCHOPHYS BIOF,1090-0586,1573-3270,"PSYCHOLOGY, CLINICAL - SSCI","1,828",3,Q3,0.68,28.30%
JOURNAL OF ECONOMIC PSYCHOLOGY,J ECON PSYCHOL,0167-4870,1872-7719,"PSYCHOLOGY, MULTIDISCIPLINARY - SSCI","6,666",3,Q2,0.92,9.72%
JOURNAL OF ADOLESCENT RESEARCH,J ADOLESCENT RES,0743-5584,1552-6895,"PSYCHOLOGY, DEVELOPMENTAL - SSCI","2,489",3,Q2,0.78,12.41%
JOURNAL OF CLINICAL PSYCHOLOGY,J CLIN PSYCHOL,0021-9762,1097-4679,"PSYCHOLOGY, CLINICAL - SSCI","12,888",2.995,Q3,0.78,8.59%
HUMAN PERFORMANCE,HUM PERFORM,0895-9285,1532-7043,"PSYCHOLOGY, APPLIED - SSCI","2,283",2.972,Q3,0.73,5.45%
Clinica y Salud,CLIN SALUD,1130-5274,2174-0550,"PSYCHOLOGY, CLINICAL - SSCI",442,2.972,Q3,0.32,100%
JOURNAL OF COMMUNITY & APPLIED SOCIAL PSYCHOLOGY,J COMMUNITY APPL SOC,1052-9284,1099-1298,"PSYCHOLOGY, SOCIAL - SSCI","2,266",2.968,Q3,0.75,17.93%
BEHAVIOR GENETICS,BEHAV GENET,0001-8244,1573-3297,"PSYCHOLOGY, MULTIDISCIPLINARY - SSCI","3,507",2.965,Q2,0.88,27.61%
Journal of Latinx Psychology,J LATINX PSYCHOL,2578-8086,2578-8094,"PSYCHOLOGY, CLINICAL - SSCI; PSYCHOLOGY, DEVELOPMENTAL - SSCI; PSYCHOLOGY, MULTIDISCIPLINARY - SSCI; PSYCHOLOGY, SOCIAL - SSCI",156,2.952,Q2,0.76,0%
School Psychology,SCHOOL PSYCHOL,2578-4218,2578-4226,"PSYCHOLOGY, EDUCATIONAL - SSCI",359,2.945,Q2,1.05,0%
CHILD CARE HEALTH AND DEVELOPMENT,CHILD CARE HLTH DEV,0305-1862,1365-2214,"PSYCHOLOGY, DEVELOPMENTAL - SSCI","5,549",2.943,Q3,0.81,16.27%
International Journal of Intercultural Relations,INT J INTERCULT REL,0147-1767,1873-7552,"PSYCHOLOGY, SOCIAL - SSCI","5,266",2.938,Q3,1.27,12.36%
Eating Behaviors,EAT BEHAV,1471-0153,1873-7358,"PSYCHOLOGY, CLINICAL - SSCI","4,446",2.936,Q3,0.74,4.10%
German Journal of Human Resource Management-Zeitschrift fur Personalforschung,GER J HUM RESOUR MAN,2397-0022,2397-0030,"PSYCHOLOGY, APPLIED - SSCI",238,2.935,Q3,0.65,18.87%
NEUROPSYCHOLOGICAL REHABILITATION,NEUROPSYCHOL REHABIL,0960-2011,1464-0694,PSYCHOLOGY - SCIE,"3,159",2.928,Q3,0.83,13.69%
NEW IDEAS IN PSYCHOLOGY,NEW IDEAS PSYCHOL,0732-118X,1873-3522,"PSYCHOLOGY, EXPERIMENTAL - SSCI; PSYCHOLOGY, MULTIDISCIPLINARY - SSCI","1,294",2.927,Q2,0.91,8.16%
THINKING & REASONING,THINK REASONING,1354-6783,1464-0708,"PSYCHOLOGY, EXPERIMENTAL - SSCI","1,175",2.915,Q2,0.83,6.90%
INTERNATIONAL JOURNAL OF PSYCHOPHYSIOLOGY,INT J PSYCHOPHYSIOL,0167-8760,1872-7697,"PSYCHOLOGY - SCIE; PSYCHOLOGY, BIOLOGICAL - SSCI; PSYCHOLOGY, EXPERIMENTAL - SSCI","10,937",2.903,Q2,0.79,10.62%
Psychology of Popular Media,PSYCHOL POP MEDIA,2689-6567,2689-6575,"PSYCHOLOGY, MULTIDISCIPLINARY - SSCI",215,2.9,Q2,1.39,0%
JOURNAL OF FAMILY VIOLENCE,J FAM VIOLENCE,0885-7482,1573-2851,"PSYCHOLOGY, CLINICAL - SSCI","5,057",2.897,Q3,1.04,14.41%
Psychology of Men & Masculinities,PSYCHOL MEN MASCULIN,1524-9220,1939-151X,"PSYCHOLOGY, SOCIAL - SSCI","3,009",2.893,Q3,0.95,0%
EUROPEAN JOURNAL OF PSYCHOLOGICAL ASSESSMENT,EUR J PSYCHOL ASSESS,1015-5759,2151-2426,"PSYCHOLOGY, APPLIED - SSCI","3,336",2.892,Q3,1.02,3.98%
SEXUAL ABUSE-A JOURNAL OF RESEARCH AND TREATMENT,SEX ABUSE-J RES TR,1079-0632,1573-286X,"PSYCHOLOGY, CLINICAL - SSCI","2,000",2.883,Q3,1.22,11.76%
International Journal for the Psychology of Religion,INT J PSYCHOL RELIG,1050-8619,1532-7582,"PSYCHOLOGY, MULTIDISCIPLINARY - SSCI","1,335",2.88,Q2,2.83,4.17%
Sport Exercise and Performance Psychology,SPORT EXERC PERFORM,2157-3905,2157-3913,"PSYCHOLOGY, APPLIED - SSCI",930,2.857,Q3,0.99,0%
Language Cognition and Neuroscience,LANG COGN NEUROSCI,2327-3798,2327-3801,"PSYCHOLOGY, EXPERIMENTAL - SSCI","1,932",2.842,Q2,0.87,24.38%
Journal of School Violence,J SCH VIOLENCE,1538-8220,1538-8239,"PSYCHOLOGY, DEVELOPMENTAL - SSCI; PSYCHOLOGY, EDUCATIONAL - SSCI","1,359",2.835,Q2,1.17,1.49%
ARCHIVES OF SUICIDE RESEARCH,ARCH SUICIDE RES,1381-1118,1543-6136,"PSYCHOLOGY, MULTIDISCIPLINARY - SSCI","2,727",2.833,Q2,0.74,7.10%
Zeitschrift fur Psychologie-Journal of Psychology,Z PSYCHOL,2190-8370,2151-2604,"PSYCHOLOGY, MULTIDISCIPLINARY - SSCI","1,250",2.828,Q2,0.76,22.99%
EUROPEAN JOURNAL OF PSYCHOLOGY OF EDUCATION,EUR J PSYCHOL EDUC,0256-2928,1878-5174,"PSYCHOLOGY, EDUCATIONAL - SSCI","2,440",2.821,Q2,0.95,37.50%
JOURNAL OF EXPERIMENTAL PSYCHOLOGY-APPLIED,J EXP PSYCHOL-APPL,1076-898X,1939-2192,"PSYCHOLOGY, APPLIED - SSCI","3,106",2.813,Q3,0.89,0.56%
JOURNAL OF APPLIED BEHAVIOR ANALYSIS,J APPL BEHAV ANAL,0021-8855,1938-3703,"PSYCHOLOGY, CLINICAL - SSCI","6,859",2.809,Q3,0.82,1.99%
AUSTRALIAN JOURNAL OF PSYCHOLOGY,AUST J PSYCHOL,0004-9530,1742-9536,"PSYCHOLOGY, MULTIDISCIPLINARY - SSCI","1,494",2.803,Q2,0.71,3.13%
READING AND WRITING,READ WRIT,0922-4777,1573-0905,"PSYCHOLOGY, EDUCATIONAL - SSCI","4,720",2.795,Q2,1.25,15.82%
JOURNAL OF RESEARCH IN READING,J RES READ,0141-0423,1467-9817,"PSYCHOLOGY, EDUCATIONAL - SSCI","1,693",2.792,Q2,1.06,16.98%
Journal of Child and Family Studies,J CHILD FAM STUD,1062-1024,1573-2843,"PSYCHOLOGY, DEVELOPMENTAL - SSCI","9,336",2.784,Q3,0.73,10.80%
BRAIN AND LANGUAGE,BRAIN LANG,0093-934X,1090-2155,"PSYCHOLOGY, EXPERIMENTAL - SSCI","7,646",2.781,Q2,1.05,8.76%
CHILD PSYCHIATRY & HUMAN DEVELOPMENT,CHILD PSYCHIAT HUM D,0009-398X,1573-3327,"PSYCHOLOGY, DEVELOPMENTAL - SSCI","4,153",2.776,Q3,0.79,21%
JOURNAL OF SOCIAL PSYCHOLOGY,J SOC PSYCHOL,0022-4545,1940-1183,"PSYCHOLOGY, SOCIAL - SSCI","4,921",2.768,Q3,0.71,7.69%
BioPsychoSocial Medicine,BIOPSYCHOSOC MED,1751-0759,1751-0759,"PSYCHOLOGY, MULTIDISCIPLINARY - SSCI",721,2.754,Q2,0.57,100%
CONSCIOUSNESS AND COGNITION,CONSCIOUS COGN,1053-8100,1090-2376,"PSYCHOLOGY, EXPERIMENTAL - SSCI","8,055",2.728,Q2,0.69,12.29%
MUSICAE SCIENTIAE,MUSIC SCI,1029-8649,2045-4147,"PSYCHOLOGY, EXPERIMENTAL - SSCI","1,302",2.725,Q2,2.37,13.85%
COGNITION & EMOTION,COGNITION EMOTION,0269-9931,1464-0600,"PSYCHOLOGY, EXPERIMENTAL - SSCI","12,168",2.72,Q2,0.77,11.32%
Journal of Experimental Psychopathology,J EXP PSYCHOPATHOL,N/A,2043-8087,"PSYCHOLOGY, CLINICAL - SSCI",744,2.718,Q3,0.54,100%
GROUP PROCESSES & INTERGROUP RELATIONS,GROUP PROCESS INTERG,1368-4302,1461-7188,"PSYCHOLOGY, SOCIAL - SSCI","4,159",2.708,Q3,0.9,20.13%
Metacognition and Learning,METACOGN LEARN,1556-1623,1556-1631,"PSYCHOLOGY, EDUCATIONAL - SSCI","1,410",2.704,Q2,1.44,34.88%
Studies in Educational Evaluation,STUD EDUC EVAL,0191-491X,N/A,"PSYCHOLOGY, EDUCATIONAL - SSCI","2,062",2.704,Q2,1.12,13.18%
JOURNAL OF CHILD LANGUAGE,J CHILD LANG,0305-0009,1469-7602,"PSYCHOLOGY, DEVELOPMENTAL - SSCI; PSYCHOLOGY, EXPERIMENTAL - SSCI","4,243",2.701,Q2,0.88,27.35%
BEHAVIOR MODIFICATION,BEHAV MODIF,0145-4455,1552-4167,"PSYCHOLOGY, CLINICAL - SSCI","2,880",2.692,Q3,0.75,3.05%
BRAIN AND COGNITION,BRAIN COGNITION,0278-2626,1090-2147,"PSYCHOLOGY, EXPERIMENTAL - SSCI","7,986",2.682,Q2,0.66,10.04%
JOURNAL OF SOCIAL AND PERSONAL RELATIONSHIPS,J SOC PERS RELAT,0265-4075,1460-3608,"PSYCHOLOGY, SOCIAL - SSCI","6,299",2.681,Q3,1.06,10.19%
INFANT BEHAVIOR & DEVELOPMENT,INFANT BEHAV DEV,0163-6383,1879-0453,"PSYCHOLOGY, DEVELOPMENTAL - SSCI","5,148",2.671,Q3,0.69,10.60%
JOURNAL OF BEHAVIOR THERAPY AND EXPERIMENTAL PSYCHIATRY,J BEHAV THER EXP PSY,0005-7916,1873-7943,"PSYCHOLOGY, CLINICAL - SSCI","4,935",2.662,Q3,0.68,12.33%
Language and Cognition,LANG COGN,1866-9808,1866-9859,"PSYCHOLOGY, EXPERIMENTAL - SSCI",427,2.66,Q2,1.55,36%
JOURNAL OF APPLIED SOCIAL PSYCHOLOGY,J APPL SOC PSYCHOL,0021-9029,1559-1816,"PSYCHOLOGY, SOCIAL - SSCI","11,569",2.654,Q3,0.66,18.60%
JOURNAL OF INTERPERSONAL VIOLENCE,J INTERPERS VIOLENCE,0886-2605,1552-6518,"PSYCHOLOGY, APPLIED - SSCI","16,254",2.621,Q3,1.19,4.67%
CANADIAN PSYCHOLOGY-PSYCHOLOGIE CANADIENNE,CAN PSYCHOL,0708-5591,1878-7304,"PSYCHOLOGY, MULTIDISCIPLINARY - SSCI","2,665",2.621,Q2,0.76,0%
COGNITIVE SCIENCE,COGNITIVE SCI,0364-0213,1551-6709,"PSYCHOLOGY, EXPERIMENTAL - SSCI","8,082",2.617,Q2,0.76,25.32%
Social Psychology of Education,SOC PSYCHOL EDUC,1381-2890,1573-1928,"PSYCHOLOGY, EDUCATIONAL - SSCI","2,274",2.614,Q2,0.8,30.43%
Journal of Black Psychology,J BLACK PSYCHOL,0095-7984,1552-4558,"PSYCHOLOGY, MULTIDISCIPLINARY - SSCI","1,845",2.608,Q2,0.81,1.22%
Journal of Individual Differences,J INDIVID DIFFER,1614-0001,2151-2299,"PSYCHOLOGY, SOCIAL - SSCI","1,074",2.608,Q3,0.65,2.50%
OMEGA-JOURNAL OF DEATH AND DYING,OMEGA-J DEATH DYING,0030-2228,1541-3764,"PSYCHOLOGY, MULTIDISCIPLINARY - SSCI","2,764",2.602,Q2,0.62,10.25%
JOURNAL OF SPORT & EXERCISE PSYCHOLOGY,J SPORT EXERCISE PSY,0895-2779,1543-2904,"PSYCHOLOGY - SCIE; PSYCHOLOGY, APPLIED - SSCI","5,800",2.597,Q3,0.78,0.83%
JOURNAL OF POSITIVE BEHAVIOR INTERVENTIONS,J POSIT BEHAV INTERV,1098-3007,1538-4772,"PSYCHOLOGY, CLINICAL - SSCI","1,630",2.597,Q3,1.19,2.15%
BMC Psychology,BMC PSYCHOL,N/A,2050-7283,"PSYCHOLOGY, MULTIDISCIPLINARY - SSCI","2,040",2.588,Q2,0.78,94.76%
Journal of Cognition and Development,J COGN DEV,1524-8372,1532-7647,"PSYCHOLOGY, DEVELOPMENTAL - SSCI; PSYCHOLOGY, EXPERIMENTAL - SSCI","1,964",2.58,Q3,0.66,10.53%
JOURNAL OF CROSS-CULTURAL PSYCHOLOGY,J CROSS CULT PSYCHOL,0022-0221,1552-5422,"PSYCHOLOGY, SOCIAL - SSCI","8,245",2.577,Q3,0.8,12%
JOURNAL OF MARITAL AND FAMILY THERAPY,J MARITAL FAM THER,0194-472X,1752-0606,"PSYCHOLOGY, CLINICAL - SSCI","2,693",2.577,Q3,0.83,6.19%
BEHAVIORAL SCIENCES & THE LAW,BEHAV SCI LAW,0735-3936,1099-0798,"PSYCHOLOGY, APPLIED - SSCI","2,328",2.568,Q3,1.43,4.35%
CRIMINAL JUSTICE AND BEHAVIOR,CRIM JUSTICE BEHAV,0093-8548,1552-3594,"PSYCHOLOGY, CLINICAL - SSCI","5,247",2.562,Q3,0.87,6.77%
ERGONOMICS,ERGONOMICS,0014-0139,1366-5847,"PSYCHOLOGY - SCIE; PSYCHOLOGY, APPLIED - SSCI","10,706",2.561,Q3,0.66,13.24%
JOURNAL OF LITERACY RESEARCH,J LIT RES,1086-296X,1554-8430,"PSYCHOLOGY, EDUCATIONAL - SSCI","1,040",2.551,Q2,1.19,2.70%
JOURNAL OF EXPERIMENTAL CHILD PSYCHOLOGY,J EXP CHILD PSYCHOL,0022-0965,1096-0457,"PSYCHOLOGY, DEVELOPMENTAL - SSCI; PSYCHOLOGY, EXPERIMENTAL - SSCI","10,339",2.547,Q3,0.83,10.21%
VISUAL COGNITION,VIS COGN,1350-6285,1464-0716,"PSYCHOLOGY, EXPERIMENTAL - SSCI","2,791",2.546,Q3,0.59,16.47%
International Journal of Social Psychology,INT J SOC PSYCHOL,0213-4748,1579-3680,"PSYCHOLOGY, SOCIAL - SSCI",106,2.545,Q3,0.74,2%
DEVELOPMENTAL PSYCHOBIOLOGY,DEV PSYCHOBIOL,0012-1630,1098-2302,PSYCHOLOGY - SCIE,"5,415",2.531,Q3,0.67,4.55%
AMERICAN BEHAVIORAL SCIENTIST,AM BEHAV SCI,0002-7642,1552-3381,"PSYCHOLOGY, CLINICAL - SSCI","8,222",2.531,Q3,1.17,16.45%
JOURNAL OF PSYCHOSOCIAL ONCOLOGY,J PSYCHOSOC ONCOL,0734-7332,1540-7586,"PSYCHOLOGY, SOCIAL - SSCI","1,634",2.526,Q3,0.57,3.74%
MEMORY,MEMORY,0965-8211,1464-0686,"PSYCHOLOGY, EXPERIMENTAL - SSCI","5,047",2.519,Q3,0.64,10.92%
JOURNAL OF BEHAVIORAL DECISION MAKING,J BEHAV DECIS MAKING,0894-3257,1099-0771,"PSYCHOLOGY, APPLIED - SSCI","4,016",2.508,Q3,0.62,25.95%
SMALL GROUP RESEARCH,SMALL GR RES,1046-4964,1552-8278,"PSYCHOLOGY, APPLIED - SSCI; PSYCHOLOGY, SOCIAL - SSCI","2,353",2.5,Q3,0.61,18.82%
INTERNATIONAL JOURNAL OF BEHAVIORAL MEDICINE,INT J BEHAV MED,1070-5503,1532-7558,"PSYCHOLOGY, CLINICAL - SSCI","4,743",2.5,Q3,0.63,17.84%
Judgment and Decision Making,JUDGM DECIS MAK,1930-2975,1930-2975,"PSYCHOLOGY, MULTIDISCIPLINARY - SSCI","3,607",2.5,Q2,0.82,0%
JOURNAL OF HOMOSEXUALITY,J HOMOSEXUAL,0091-8369,1540-3602,"PSYCHOLOGY, MULTIDISCIPLINARY - SSCI","5,210",2.496,Q2,1.11,3.48%
MEMORY & COGNITION,MEM COGNITION,0090-502X,1532-5946,"PSYCHOLOGY, EXPERIMENTAL - SSCI","10,439",2.482,Q3,0.69,23.72%
BEHAVIOURAL AND COGNITIVE PSYCHOTHERAPY,BEHAV COGN PSYCHOTH,1352-4658,1469-1833,"PSYCHOLOGY, CLINICAL - SSCI","2,634",2.467,Q3,0.64,9.29%
SOCIAL DEVELOPMENT,SOC DEV,0961-205X,1467-9507,"PSYCHOLOGY, DEVELOPMENTAL - SSCI","4,501",2.462,Q3,0.61,14.41%
INFANCY,INFANCY,1525-0008,1532-7078,"PSYCHOLOGY, DEVELOPMENTAL - SSCI","2,351",2.459,Q3,0.63,16.46%
JOURNAL OF COUNSELING AND DEVELOPMENT,J COUNS DEV,0748-9633,1556-6676,"PSYCHOLOGY, APPLIED - SSCI","3,731",2.455,Q3,0.69,0%
Career Development International,CAREER DEV INT,1362-0436,1758-6003,"PSYCHOLOGY, APPLIED - SSCI","3,176",2.443,Q3,0.76,5.71%
DISCOURSE PROCESSES,DISCOURSE PROCESS,0163-853X,1532-6950,"PSYCHOLOGY, EDUCATIONAL - SSCI; PSYCHOLOGY, EXPERIMENTAL - SSCI","2,552",2.437,Q3,0.7,14.58%
Focus on Autism and Other Developmental Disabilities,FOCUS AUTISM DEV DIS,1088-3576,1538-4829,"PSYCHOLOGY, DEVELOPMENTAL - SSCI","1,570",2.434,Q3,1.06,2.74%
JOURNAL OF CAREER DEVELOPMENT,J CAREER DEV,0894-8453,1556-0856,"PSYCHOLOGY, APPLIED - SSCI","1,826",2.424,Q3,0.69,6.36%
PSYCHOLOGICAL RESEARCH-PSYCHOLOGISCHE FORSCHUNG,PSYCHOL RES-PSYCH FO,0340-0727,1430-2772,"PSYCHOLOGY, EXPERIMENTAL - SSCI","4,794",2.424,Q3,0.8,30.12%
Self and Identity,SELF IDENTITY,1529-8868,1529-8876,"PSYCHOLOGY, SOCIAL - SSCI","3,405",2.412,Q3,0.78,8.43%
INTERNATIONAL JOURNAL OF SELECTION AND ASSESSMENT,INT J SELECT ASSESS,0965-075X,1468-2389,"PSYCHOLOGY, APPLIED - SSCI","1,971",2.41,Q3,0.53,15%
BRITISH JOURNAL OF MATHEMATICAL & STATISTICAL PSYCHOLOGY,BRIT J MATH STAT PSY,0007-1102,2044-8317,"PSYCHOLOGY, EXPERIMENTAL - SSCI; PSYCHOLOGY, MATHEMATICAL - SSCI","2,787",2.41,Q2,0.97,10.48%
GIFTED CHILD QUARTERLY,GIFTED CHILD QUART,0016-9862,1934-9041,"PSYCHOLOGY, EDUCATIONAL - SSCI","1,363",2.409,Q3,1.32,3.17%
CAREER DEVELOPMENT QUARTERLY,CAREER DEV Q,0889-4019,2161-0045,"PSYCHOLOGY, APPLIED - SSCI","1,564",2.408,Q3,0.69,1.32%
HUMAN MOVEMENT SCIENCE,HUM MOVEMENT SCI,0167-9457,1872-7646,"PSYCHOLOGY - SCIE; PSYCHOLOGY, EXPERIMENTAL - SSCI","6,669",2.397,Q3,0.7,6.76%
CURRENT PSYCHOLOGY,CURR PSYCHOL,1046-1310,1936-4733,"PSYCHOLOGY, MULTIDISCIPLINARY - SSCI","6,617",2.387,Q2,0.73,15.69%
Social Neuroscience,SOC NEUROSCI-UK,1747-0919,1747-0927,PSYCHOLOGY - SCIE,"2,698",2.381,Q3,0.58,13.17%
JOURNAL OF NEUROLINGUISTICS,J NEUROLINGUIST,0911-6044,1873-8052,"PSYCHOLOGY, EXPERIMENTAL - SSCI","1,677",2.373,Q3,0.78,11.05%
SUBSTANCE USE & MISUSE,SUBST USE MISUSE,1082-6084,1532-2491,PSYCHOLOGY - SCIE,"6,424",2.362,Q3,0.57,4.68%
APPLIED COGNITIVE PSYCHOLOGY,APPL COGNITIVE PSYCH,0888-4080,1099-0720,"PSYCHOLOGY, EXPERIMENTAL - SSCI","5,887",2.36,Q3,0.63,21.30%
Multisensory Research,MULTISENS RES,2213-4794,2213-4808,"PSYCHOLOGY - SCIE; PSYCHOLOGY, EXPERIMENTAL - SSCI",636,2.352,Q3,0.57,16.35%
Psychology & Sexuality,PSYCHOL SEX,1941-9899,1941-9902,"PSYCHOLOGY, MULTIDISCIPLINARY - SSCI",931,2.344,Q3,0.74,4.19%
MIND & LANGUAGE,MIND LANG,0268-1064,1468-0017,"PSYCHOLOGY, EXPERIMENTAL - SSCI","2,051",2.325,Q3,0.93,23.26%
Anales de Psicologia,AN PSICOL-SPAIN,0212-9728,1695-2294,"PSYCHOLOGY - SCIE; PSYCHOLOGY, MULTIDISCIPLINARY - SSCI","2,465",2.325,Q3,0.68,94.48%
Journal of Dual Diagnosis,J DUAL DIAGN,1550-4263,1550-4271,"PSYCHOLOGY, CLINICAL - SSCI",671,2.324,Q3,0.46,3%
JOURNAL OF COMPARATIVE PSYCHOLOGY,J COMP PSYCHOL,0735-7036,1939-2087,"PSYCHOLOGY - SCIE; PSYCHOLOGY, MULTIDISCIPLINARY - SSCI","3,245",2.318,Q3,0.86,0%
SCANDINAVIAN JOURNAL OF PSYCHOLOGY,SCAND J PSYCHOL,0036-5564,1467-9450,"PSYCHOLOGY, MULTIDISCIPLINARY - SSCI","3,985",2.312,Q3,0.76,23.53%
Journal of Media Psychology-Theories Methods and Applications,J MEDIA PSYCHOL-GER,1864-1105,2151-2388,"PSYCHOLOGY, MULTIDISCIPLINARY - SSCI",829,2.31,Q3,0.96,3.95%
JOURNAL OF COMMUNITY PSYCHOLOGY,J COMMUNITY PSYCHOL,0090-4392,1520-6629,"PSYCHOLOGY, MULTIDISCIPLINARY - SSCI","5,038",2.297,Q3,0.84,4.98%
INTERNATIONAL JOURNAL OF PSYCHOLOGY,INT J PSYCHOL,0020-7594,1464-066X,"PSYCHOLOGY, MULTIDISCIPLINARY - SSCI","4,283",2.291,Q3,0.71,10.03%
PSYCHOMETRIKA,PSYCHOMETRIKA,0033-3123,1860-0980,"PSYCHOLOGY, MATHEMATICAL - SSCI","15,503",2.29,Q2,0.83,30.43%
JOURNAL OF APPLIED BEHAVIORAL SCIENCE,J APPL BEHAV SCI,0021-8863,1552-6879,"PSYCHOLOGY, APPLIED - SSCI","2,425",2.286,Q3,0.68,14.55%
Behavioral Sciences,BEHAV SCI-BASEL,N/A,2076-328X,"PSYCHOLOGY, MULTIDISCIPLINARY - SSCI","2,182",2.286,Q3,0.72,97.27%
JOURNAL OF CLINICAL AND EXPERIMENTAL NEUROPSYCHOLOGY,J CLIN EXP NEUROPSYC,1380-3395,1744-411X,"PSYCHOLOGY - SCIE; PSYCHOLOGY, CLINICAL - SSCI","6,768",2.283,Q3,0.63,8.19%
Journal of Neuropsychology,J NEUROPSYCHOL,1748-6645,1748-6653,"PSYCHOLOGY - SCIE; PSYCHOLOGY, EXPERIMENTAL - SSCI",815,2.276,Q3,0.83,23.48%
AUSTRALIAN PSYCHOLOGIST,AUST PSYCHOL,0005-0067,1742-9544,"PSYCHOLOGY, MULTIDISCIPLINARY - SSCI","2,023",2.275,Q3,0.64,2.58%
Training and Education in Professional Psychology,TRAIN EDUC PROF PSYC,1931-3918,1931-3926,"PSYCHOLOGY, EDUCATIONAL - SSCI","1,140",2.263,Q3,0.72,0%
INSTRUCTIONAL SCIENCE,INSTR SCI,0020-4277,1573-1952,"PSYCHOLOGY, EDUCATIONAL - SSCI","2,859",2.255,Q3,1.26,36.96%
JOURNAL OF EMPLOYMENT COUNSELING,J EMPLOYMENT COUNS,0022-0787,2161-1920,"PSYCHOLOGY, APPLIED - SSCI",457,2.238,Q3,0.44,0%
JOURNAL OF EARLY ADOLESCENCE,J EARLY ADOLESCENCE,0272-4316,1552-5449,"PSYCHOLOGY, DEVELOPMENTAL - SSCI","3,104",2.229,Q3,0.84,8.47%
JOURNAL OF THE EXPERIMENTAL ANALYSIS OF BEHAVIOR,J EXP ANAL BEHAV,0022-5002,1938-3711,"PSYCHOLOGY, BIOLOGICAL - SSCI; PSYCHOLOGY, EXPERIMENTAL - SSCI","3,700",2.215,Q3,0.62,3.78%
PERCEPTUAL AND MOTOR SKILLS,PERCEPT MOTOR SKILL,0031-5125,1558-688X,"PSYCHOLOGY, EXPERIMENTAL - SSCI","7,956",2.212,Q3,0.49,5.09%
DREAMING,DREAMING,1053-0797,1573-3351,"PSYCHOLOGY, MULTIDISCIPLINARY - SSCI",601,2.212,Q3,0.5,0%
CHILD & YOUTH CARE FORUM,CHILD YOUTH CARE FOR,1053-1890,1573-3319,"PSYCHOLOGY, DEVELOPMENTAL - SSCI","1,508",2.203,Q3,0.5,18.75%
MUSIC PERCEPTION,MUSIC PERCEPT,0730-7829,N/A,"PSYCHOLOGY, EXPERIMENTAL - SSCI","2,104",2.184,Q3,2.33,0%
LATERALITY,LATERALITY,1357-650X,1464-0678,"PSYCHOLOGY, EXPERIMENTAL - SSCI; PSYCHOLOGY, MULTIDISCIPLINARY - SSCI","1,234",2.167,Q3,0.47,10.74%
SOCIAL PSYCHOLOGY QUARTERLY,SOC PSYCHOL QUART,0190-2725,1939-8999,"PSYCHOLOGY, SOCIAL - SSCI","4,432",2.163,Q3,0.6,10.61%
JOURNAL OF APPLIED RESEARCH IN INTELLECTUAL DISABILITIES,J APPL RES INTELLECT,1360-2322,1468-3148,"PSYCHOLOGY, EDUCATIONAL - SSCI","3,545",2.162,Q3,0.9,27.87%
Attention Perception & Psychophysics,ATTEN PERCEPT PSYCHO,1943-3921,1943-393X,"PSYCHOLOGY - SCIE; PSYCHOLOGY, EXPERIMENTAL - SSCI","5,968",2.157,Q3,0.67,29.44%
International Journal of Sexual Health,INT J SEX HEALTH,1931-7611,1931-762X,"PSYCHOLOGY, CLINICAL - SSCI",837,2.152,Q3,0.64,9.42%
INFANT MENTAL HEALTH JOURNAL,INFANT MENT HEALTH J,0163-9641,1097-0355,"PSYCHOLOGY, DEVELOPMENTAL - SSCI","2,940",2.15,Q3,0.58,16.57%
BRITISH JOURNAL OF DEVELOPMENTAL PSYCHOLOGY,BRIT J DEV PSYCHOL,0261-510X,2044-835X,"PSYCHOLOGY, DEVELOPMENTAL - SSCI","3,311",2.148,Q3,0.65,20.17%
ETHICS & BEHAVIOR,ETHICS BEHAV,1050-8422,1532-7019,"PSYCHOLOGY, MULTIDISCIPLINARY - SSCI","1,258",2.148,Q3,0.72,3.21%
ASIAN JOURNAL OF SOCIAL PSYCHOLOGY,ASIAN J SOC PSYCHOL,1367-2223,1467-839X,"PSYCHOLOGY, SOCIAL - SSCI","1,547",2.144,Q4,0.49,7.05%
Language Assessment Quarterly,LANG ASSESS Q,1543-4303,1543-4311,"PSYCHOLOGY, EDUCATIONAL - SSCI",987,2.143,Q3,1.37,6.74%
QUARTERLY JOURNAL OF EXPERIMENTAL PSYCHOLOGY,Q J EXP PSYCHOL,1747-0218,1747-0226,"PSYCHOLOGY - SCIE; PSYCHOLOGY, EXPERIMENTAL - SSCI","7,629",2.138,Q3,0.67,15.92%
SCHOOL PSYCHOLOGY REVIEW,SCHOOL PSYCHOL REV,N/A,2372-966X,"PSYCHOLOGY, EDUCATIONAL - SSCI","3,275",2.136,Q3,0.77,1.20%
Clinical Psychologist,CLIN PSYCHOL-UK,1328-4207,1742-9552,"PSYCHOLOGY - SCIE; PSYCHOLOGY, CLINICAL - SSCI",691,2.133,Q3,0.5,4.30%
HUMAN PSYCHOPHARMACOLOGY-CLINICAL AND EXPERIMENTAL,HUM PSYCHOPHARM CLIN,0885-6222,1099-1077,PSYCHOLOGY - SCIE,"2,484",2.13,Q3,0.45,16.13%
JOURNAL OF PSYCHOPATHOLOGY AND BEHAVIORAL ASSESSMENT,J PSYCHOPATHOL BEHAV,0882-2689,1573-3505,"PSYCHOLOGY, CLINICAL - SSCI","4,996",2.118,Q3,0.65,9.75%
JOURNAL OF EDUCATIONAL AND BEHAVIORAL STATISTICS,J EDUC BEHAV STAT,1076-9986,1935-1054,"PSYCHOLOGY, MATHEMATICAL - SSCI","2,872",2.116,Q2,0.74,11.49%
Early Education and Development,EARLY EDUC DEV,1040-9289,1556-6935,"PSYCHOLOGY, DEVELOPMENTAL - SSCI; PSYCHOLOGY, EDUCATIONAL - SSCI","3,426",2.115,Q3,0.79,5.24%
DEVELOPMENTAL NEUROPSYCHOLOGY,DEV NEUROPSYCHOL,8756-5641,1532-6942,"PSYCHOLOGY - SCIE; PSYCHOLOGY, DEVELOPMENTAL - SSCI; PSYCHOLOGY, EXPERIMENTAL - SSCI","3,747",2.113,Q3,0.58,10.71%
AGING NEUROPSYCHOLOGY AND COGNITION,AGING NEUROPSYCHOL C,1382-5585,1744-4128,"PSYCHOLOGY, DEVELOPMENTAL - SSCI; PSYCHOLOGY, EXPERIMENTAL - SSCI","1,956",2.102,Q3,0.56,10.38%
RESEARCH QUARTERLY FOR EXERCISE AND SPORT,RES Q EXERCISE SPORT,0270-1367,2168-3824,"PSYCHOLOGY - SCIE; PSYCHOLOGY, APPLIED - SSCI","5,754",2.098,Q3,0.64,3.23%
JOURNAL OF LANGUAGE AND SOCIAL PSYCHOLOGY,J LANG SOC PSYCHOL,0261-927X,1552-6526,"PSYCHOLOGY, SOCIAL - SSCI","2,324",2.098,Q4,0.96,12.88%
JOURNAL OF EXPERIMENTAL PSYCHOLOGY-ANIMAL LEARNING AND COGNITION,J EXP PSYCHOL-ANIM L,2329-8456,2329-8464,"PSYCHOLOGY - SCIE; PSYCHOLOGY, BIOLOGICAL - SSCI; PSYCHOLOGY, EXPERIMENTAL - SSCI","2,233",2.088,Q3,0.77,3.74%
Clinical Child Psychology and Psychiatry,CLIN CHILD PSYCHOL P,1359-1045,1461-7021,"PSYCHOLOGY - SCIE; PSYCHOLOGY, CLINICAL - SSCI; PSYCHOLOGY, DEVELOPMENTAL - SSCI","1,846",2.087,Q3,0.61,14.80%
International Journal of Cognitive Therapy,INT J COGN THER,1937-1209,1937-1217,"PSYCHOLOGY, CLINICAL - SSCI",991,2.069,Q3,0.4,15.56%
DYSLEXIA,DYSLEXIA,1076-9242,1099-0909,"PSYCHOLOGY, EDUCATIONAL - SSCI","1,263",2.066,Q3,0.9,19.78%
INTERNATIONAL JOURNAL OF CLINICAL AND EXPERIMENTAL HYPNOSIS,INT J CLIN EXP HYP,0020-7144,1744-5183,"PSYCHOLOGY, CLINICAL - SSCI","1,111",2.056,Q3,0.45,9.41%
SCHOOL PSYCHOLOGY INTERNATIONAL,SCHOOL PSYCHOL INT,0143-0343,1461-7374,"PSYCHOLOGY, EDUCATIONAL - SSCI","1,875",2.056,Q3,0.7,8.74%
Psychology of Learning and Motivation,PSYCHOL LEARN MOTIV,0079-7421,N/A,"PSYCHOLOGY, EXPERIMENTAL - SSCI","2,189",2.056,Q4,0.56,0%
JOURNAL OF COLLEGE STUDENT DEVELOPMENT,J COLL STUDENT DEV,0897-5264,1543-3382,"PSYCHOLOGY, APPLIED - SSCI","4,164",2.051,Q3,0.89,0%
Applied Neuropsychology-Adult,APPL NEUROPSYCH-ADUL,2327-9095,2327-9109,PSYCHOLOGY - SCIE,"1,499",2.05,Q4,0.64,5.29%
CLINICAL EEG AND NEUROSCIENCE,CLIN EEG NEUROSCI,1550-0594,2169-5202,PSYCHOLOGY - SCIE,"1,528",2.046,Q4,0.48,6.82%
CREATIVITY RESEARCH JOURNAL,CREATIVITY RES J,1040-0419,1532-6934,"PSYCHOLOGY, EDUCATIONAL - SSCI; PSYCHOLOGY, MULTIDISCIPLINARY - SSCI","3,821",2.032,Q3,0.71,9.35%
International Journal of Sports Science & Coaching,INT J SPORTS SCI COA,1747-9541,2048-397X,"PSYCHOLOGY, APPLIED - SSCI","2,406",2.029,Q3,0.52,12.84%
JOURNAL OF GENERAL PSYCHOLOGY,J GEN PSYCHOL,0022-1309,1940-0888,"PSYCHOLOGY, MULTIDISCIPLINARY - SSCI","1,663",2.014,Q3,0.48,0%
Mind Brain and Education,MIND BRAIN EDUC,1751-2271,1751-228X,"PSYCHOLOGY, DEVELOPMENTAL - SSCI","1,063",2.013,Q4,0.81,25.24%
ACTA PSYCHOLOGICA,ACTA PSYCHOL,0001-6918,1873-6297,"PSYCHOLOGY, EXPERIMENTAL - SSCI","7,711",1.984,Q4,0.56,42.04%
VISION RESEARCH,VISION RES,0042-6989,1878-5646,PSYCHOLOGY - SCIE,"17,192",1.984,Q4,0.64,16.71%
JOURNAL OF CLINICAL PSYCHOLOGY IN MEDICAL SETTINGS,J CLIN PSYCHOL MED S,1068-9583,1573-3572,"PSYCHOLOGY, CLINICAL - SSCI","1,805",1.977,Q4,0.63,8.49%
Methodology-European Journal of Research Methods for the Behavioral and Social Sciences,METHODOLOGY-EUR,1614-1881,1614-2241,"PSYCHOLOGY, MATHEMATICAL - SSCI","1,291",1.975,Q3,0.53,64.29%
Journal of Clinical Sport Psychology,J CLIN SPORT PSYCHOL,1932-9261,1932-927X,"PSYCHOLOGY, APPLIED - SSCI",782,1.968,Q4,0.52,0%
Anuario De Psicologia Juridica,ANU PSICOL JURID,1133-0740,2174-0542,"PSYCHOLOGY, MULTIDISCIPLINARY - SSCI",187,1.958,Q3,1.47,97.96%
Journal of Rational-Emotive and Cognitive-Behavior Therapy,J RATION-EMOT COGN-B,0894-9085,1573-6563,"PSYCHOLOGY, CLINICAL - SSCI",852,1.952,Q4,0.52,11.11%
Journal of Aggression Maltreatment & Trauma,J AGGRESS MALTREAT T,1092-6771,1545-083X,"PSYCHOLOGY, CLINICAL - SSCI","2,190",1.939,Q4,0.67,2.27%
International Journal for Educational and Vocational Guidance,INT J EDUC VOCAT GUI,1873-0388,1573-1782,"PSYCHOLOGY, APPLIED - SSCI",527,1.928,Q4,0.73,15.63%
INTERNATIONAL JOURNAL OF AGING & HUMAN DEVELOPMENT,INT J AGING HUM DEV,0091-4150,1541-3535,"PSYCHOLOGY, DEVELOPMENTAL - SSCI","2,366",1.926,Q4,0.59,5.15%
LEARNING & BEHAVIOR,LEARN BEHAV,1543-4494,1543-4508,"PSYCHOLOGY, BIOLOGICAL - SSCI; PSYCHOLOGY, EXPERIMENTAL - SSCI","1,042",1.926,Q3,0.57,21.15%
JOURNAL OF EARLY INTERVENTION,J EARLY INTERVENTION,1053-8151,2154-3992,"PSYCHOLOGY, EDUCATIONAL - SSCI","1,148",1.925,Q3,0.84,1.32%
PSYCHOLOGY IN THE SCHOOLS,PSYCHOL SCHOOLS,0033-3085,1520-6807,"PSYCHOLOGY, EDUCATIONAL - SSCI","4,519",1.923,Q3,0.61,4.24%
Psychology of Music,PSYCHOL MUSIC,0305-7356,1741-3087,"PSYCHOLOGY, APPLIED - SSCI; PSYCHOLOGY, EDUCATIONAL - SSCI; PSYCHOLOGY, EXPERIMENTAL - SSCI","2,918",1.904,Q3,1.62,10.61%
JOURNAL OF ADULT DEVELOPMENT,J ADULT DEV,1068-0667,1573-3440,"PSYCHOLOGY, DEVELOPMENTAL - SSCI","1,213",1.9,Q4,0.58,4.35%
COGNITIVE DEVELOPMENT,COGNITIVE DEV,0885-2014,1879-226X,"PSYCHOLOGY, DEVELOPMENTAL - SSCI; PSYCHOLOGY, EXPERIMENTAL - SSCI","3,191",1.897,Q4,0.67,7.02%
JOURNAL OF EMOTIONAL AND BEHAVIORAL DISORDERS,J EMOT BEHAV DISORD,1063-4266,1538-4799,"PSYCHOLOGY, EDUCATIONAL - SSCI; PSYCHOLOGY, MULTIDISCIPLINARY - SSCI","1,374",1.889,Q3,0.88,2.82%
AIDS CARE-PSYCHOLOGICAL AND SOCIO-MEDICAL ASPECTS OF AIDS/HIV,AIDS CARE,0954-0121,1360-0451,"PSYCHOLOGY, MULTIDISCIPLINARY - SSCI","7,934",1.887,Q3,0.61,7.30%
Journal of Pacific Rim Psychology,J PAC RIM PSYCHOL,1834-4909,1834-4909,"PSYCHOLOGY, MULTIDISCIPLINARY - SSCI",356,1.878,Q3,0.52,100%
JOURNAL OF HUMANISTIC PSYCHOLOGY,J HUMANIST PSYCHOL,0022-1678,1552-650X,"PSYCHOLOGY, MULTIDISCIPLINARY - SSCI","1,480",1.874,Q3,0.59,7.87%
Journal of Child Sexual Abuse,J CHILD SEX ABUS,1053-8712,1547-0679,"PSYCHOLOGY, CLINICAL - SSCI","1,904",1.872,Q4,0.62,2.92%
ADAPTIVE BEHAVIOR,ADAPT BEHAV,1059-7123,1741-2633,"PSYCHOLOGY, EXPERIMENTAL - SSCI",853,1.867,Q4,0.63,16.44%
PROFESSIONAL PSYCHOLOGY-RESEARCH AND PRACTICE,PROF PSYCHOL-RES PR,0735-7028,1939-1323,"PSYCHOLOGY, MULTIDISCIPLINARY - SSCI","4,790",1.85,Q3,0.66,0%
ARTS IN PSYCHOTHERAPY,ART PSYCHOTHER,0197-4556,1873-5878,"PSYCHOLOGY, CLINICAL - SSCI","1,905",1.847,Q4,0.67,5.73%
JOURNAL OF SOCIAL AND CLINICAL PSYCHOLOGY,J SOC CLIN PSYCHOL,0736-7236,N/A,"PSYCHOLOGY, CLINICAL - SSCI; PSYCHOLOGY, SOCIAL - SSCI","4,686",1.844,Q4,0.57,0%
JOURNAL OF FAMILY THERAPY,J FAM THER,0163-4445,1467-6427,"PSYCHOLOGY, CLINICAL - SSCI","1,094",1.836,Q4,0.5,7.26%
LANGUAGE AND SPEECH,LANG SPEECH,0023-8309,1756-6053,"PSYCHOLOGY, EXPERIMENTAL - SSCI","1,917",1.835,Q4,0.82,17.69%
Emerging Adulthood,EMERG ADULTHOOD,2167-6968,2167-6984,"PSYCHOLOGY, DEVELOPMENTAL - SSCI; PSYCHOLOGY, SOCIAL - SSCI","1,439",1.83,Q4,0.64,4.70%
First Language,FIRST LANG,0142-7237,1740-2344,"PSYCHOLOGY, DEVELOPMENTAL - SSCI","1,171",1.828,Q4,1.27,19.64%
APPLIED PSYCHOLINGUISTICS,APPL PSYCHOLINGUIST,0142-7164,1469-1817,"PSYCHOLOGY, EXPERIMENTAL - SSCI","3,506",1.828,Q4,0.82,21.23%
New Directions for Child and Adolescent Development,NEW DIR CHILD ADOLES,1534-8687,N/A,"PSYCHOLOGY, DEVELOPMENTAL - SSCI","2,062",1.811,Q4,0.66,22.31%
ZEITSCHRIFT FUR PADAGOGISCHE PSYCHOLOGIE,Z PADAGOG PSYCHOL,1010-0652,1664-2910,"PSYCHOLOGY, EDUCATIONAL - SSCI",670,1.808,Q4,0.35,25%
European Journal of Developmental Psychology,EUR J DEV PSYCHOL,1740-5629,1740-5610,"PSYCHOLOGY, DEVELOPMENTAL - SSCI","2,095",1.807,Q4,0.53,13%
Asian American Journal of Psychology,ASIAN AM J PSYCHOL,1948-1985,1948-1993,"PSYCHOLOGY, MULTIDISCIPLINARY - SSCI","1,020",1.797,Q3,0.67,0%
PSYCHOLOGICAL REPORTS,PSYCHOL REP,0033-2941,1558-691X,"PSYCHOLOGY, MULTIDISCIPLINARY - SSCI","8,980",1.789,Q3,0.6,4.72%
INFANT AND CHILD DEVELOPMENT,INFANT CHILD DEV,1522-7227,1522-7219,"PSYCHOLOGY, DEVELOPMENTAL - SSCI","2,149",1.776,Q4,0.45,12.06%
JOURNAL OF EXPERIMENTAL EDUCATION,J EXP EDUC,0022-0973,1940-0683,"PSYCHOLOGY, EDUCATIONAL - SSCI","2,767",1.762,Q4,0.99,4.84%
LEGAL AND CRIMINOLOGICAL PSYCHOLOGY,LEGAL CRIMINOL PSYCH,1355-3259,2044-8333,"PSYCHOLOGY, MULTIDISCIPLINARY - SSCI","1,027",1.756,Q3,1.41,31.48%
PSYCHOLOGY CRIME & LAW,PSYCHOL CRIME LAW,1068-316X,1477-2744,"PSYCHOLOGY, MULTIDISCIPLINARY - SSCI","2,042",1.752,Q3,1.02,10.10%
Evolutionary Psychology,EVOL PSYCHOL-US,1474-7049,1474-7049,"PSYCHOLOGY, EXPERIMENTAL - SSCI","1,535",1.738,Q4,0.43,99%
Sexual and Relationship Therapy,SEX RELATSH THER,1468-1994,1468-1749,"PSYCHOLOGY, CLINICAL - SSCI","1,130",1.733,Q4,0.46,3.30%
JOURNAL FOR THE THEORY OF SOCIAL BEHAVIOUR,J THEOR SOC BEHAV,0021-8308,1468-5914,"PSYCHOLOGY, SOCIAL - SSCI","1,652",1.733,Q4,0.52,15.32%
Behavioural Processes,BEHAV PROCESS,0376-6357,1872-8308,"PSYCHOLOGY, BIOLOGICAL - SSCI","5,971",1.729,Q4,0.69,6.19%
PSYCHOLOGICA BELGICA,PSYCHOL BELG,0033-2879,0033-2879,"PSYCHOLOGY, MULTIDISCIPLINARY - SSCI",718,1.717,Q3,0.39,100%
DEVIANT BEHAVIOR,DEVIANT BEHAV,0163-9625,1521-0456,"PSYCHOLOGY, SOCIAL - SSCI","2,773",1.716,Q4,0.72,5.74%
Social Justice Research,SOC JUSTICE RES,0885-7466,1573-6725,"PSYCHOLOGY, SOCIAL - SSCI","1,618",1.7,Q4,0.66,23.33%
Psicologia-Reflexao e Critica,PSICOL-REFLEX CRIT,0102-7972,1678-7153,"PSYCHOLOGY, MULTIDISCIPLINARY - SSCI",858,1.7,Q3,0.48,98.80%
PERCEPTION,PERCEPTION,0301-0066,1468-4233,"PSYCHOLOGY - SCIE; PSYCHOLOGY, EXPERIMENTAL - SSCI","5,890",1.695,Q4,0.41,16.67%
ECOLOGICAL PSYCHOLOGY,ECOL PSYCHOL,1040-7413,1532-6969,"PSYCHOLOGY, EXPERIMENTAL - SSCI","1,181",1.688,Q4,0.63,14.29%
Empirical Studies of the Arts,EMPIR STUD ARTS,0276-2374,1541-4493,"PSYCHOLOGY, MULTIDISCIPLINARY - SSCI",535,1.675,Q3,2.63,13.79%
EXPERIMENTAL PSYCHOLOGY,EXP PSYCHOL,1618-3169,2190-5142,"PSYCHOLOGY, EXPERIMENTAL - SSCI","1,507",1.667,Q4,0.4,9.80%
EXPERIMENTAL AGING RESEARCH,EXP AGING RES,0361-073X,1096-4657,PSYCHOLOGY - SCIE,"1,464",1.652,Q4,0.45,4.42%
INTERNATIONAL JOURNAL OF OFFENDER THERAPY AND COMPARATIVE CRIMINOLOGY,INT J OFFENDER THER,0306-624X,1552-6933,"PSYCHOLOGY, APPLIED - SSCI","3,114",1.645,Q4,0.63,8.14%
AMERICAN INDIAN AND ALASKA NATIVE MENTAL HEALTH RESEARCH,AM INDIAN ALASKA NAT,1533-7731,1533-7731,"PSYCHOLOGY, CLINICAL - SSCI",503,1.643,Q4,0.39,94.59%
SOCIAL COGNITION,SOC COGNITION,0278-016X,N/A,"PSYCHOLOGY, SOCIAL - SSCI","3,365",1.636,Q4,0.49,0%
JOURNAL OF ORGANIZATIONAL BEHAVIOR MANAGEMENT,J ORGAN BEHAV MANAGE,0160-8061,1540-8604,"PSYCHOLOGY, APPLIED - SSCI",664,1.634,Q4,0.37,0%
Psicologia Educativa,PSICOL EDUC,1135-755X,2174-0526,"PSYCHOLOGY, EDUCATIONAL - SSCI; PSYCHOLOGY, MULTIDISCIPLINARY - SSCI",379,1.632,Q3,0.58,97.37%
Journal of Personnel Psychology,J PERS PSYCHOL,1866-5888,2190-5150,"PSYCHOLOGY, APPLIED - SSCI",824,1.625,Q4,0.4,8.33%
Applied Neuropsychology-Child,APPL NEUROPSYCH-CHIL,2162-2965,2162-2973,PSYCHOLOGY - SCIE,683,1.613,Q4,0.48,1.99%
JOURNAL OF EDUCATIONAL AND PSYCHOLOGICAL CONSULTATION,J EDUC PSYCHOL CONS,1047-4412,1532-768X,"PSYCHOLOGY, EDUCATIONAL - SSCI",701,1.603,Q4,0.57,0%
PSYCHOANALYTIC PSYCHOLOGY,PSYCHOANAL PSYCHOL,0736-9735,1939-1331,"PSYCHOLOGY, CLINICAL - SSCI; PSYCHOLOGY, PSYCHOANALYSIS - SSCI","1,071",1.591,Q1,1.57,0%
Parenting-Science and Practice,PARENT-SCI PRACT,1529-5192,1532-7922,"PSYCHOLOGY, DEVELOPMENTAL - SSCI","1,435",1.585,Q4,0.65,8.57%
PHILOSOPHICAL PSYCHOLOGY,PHILOS PSYCHOL,0951-5089,1465-394X,"PSYCHOLOGY, MULTIDISCIPLINARY - SSCI","1,573",1.573,Q3,0.51,14.53%
HIGH ABILITY STUDIES,HIGH ABIL STUD,1359-8139,1469-834X,"PSYCHOLOGY, EDUCATIONAL - SSCI",580,1.563,Q4,0.63,2.22%
PsyCh Journal,PSYCH J,2046-0252,2046-0260,"PSYCHOLOGY, MULTIDISCIPLINARY - SSCI",533,1.559,Q3,0.48,7.83%
THEORY & PSYCHOLOGY,THEOR PSYCHOL,0959-3543,1461-7447,"PSYCHOLOGY, MULTIDISCIPLINARY - SSCI","1,639",1.553,Q3,0.62,13.99%
Spatial Cognition and Computation,SPAT COGN COMPUT,1387-5868,1542-7633,"PSYCHOLOGY, EXPERIMENTAL - SSCI",513,1.533,Q4,0.35,10.64%
APPLIED MEASUREMENT IN EDUCATION,APPL MEAS EDUC,0895-7347,1532-4818,"PSYCHOLOGY, EDUCATIONAL - SSCI; PSYCHOLOGY, MATHEMATICAL - SSCI","1,039",1.528,Q3,0.58,1.33%
PERSONAL RELATIONSHIPS,PERS RELATIONSHIP,1350-4126,1475-6811,"PSYCHOLOGY, SOCIAL - SSCI","3,519",1.528,Q4,0.62,4.38%
Spanish Journal of Psychology,SPAN J PSYCHOL,1138-7416,1988-2904,"PSYCHOLOGY - SCIE; PSYCHOLOGY, MULTIDISCIPLINARY - SSCI","2,324",1.526,Q3,0.4,11.32%
Cognitive Processing,COGN PROCESS,1612-4782,1612-4790,"PSYCHOLOGY, EXPERIMENTAL - SSCI","1,868",1.523,Q4,0.45,22.22%
APPLIED PSYCHOLOGICAL MEASUREMENT,APPL PSYCH MEAS,0146-6216,1552-3497,"PSYCHOLOGY, MATHEMATICAL - SSCI","5,558",1.522,Q3,0.59,8%
BASIC AND APPLIED SOCIAL PSYCHOLOGY,BASIC APPL SOC PSYCH,0197-3533,1532-4834,"PSYCHOLOGY, SOCIAL - SSCI","3,098",1.518,Q4,0.42,8.11%
JOURNAL OF DEVELOPMENTAL AND PHYSICAL DISABILITIES,J DEV PHYS DISABIL,1056-263X,1573-3580,"PSYCHOLOGY, DEVELOPMENTAL - SSCI","1,463",1.517,Q4,0.63,7.07%
DISCOURSE & SOCIETY,DISCOURSE SOC,0957-9265,1460-3624,"PSYCHOLOGY, MULTIDISCIPLINARY - SSCI","2,545",1.507,Q3,0.66,16.83%
Psychosis-Psychological Social and Integrative Approaches,PSYCHOSIS,1752-2439,1752-2447,"PSYCHOLOGY, CLINICAL - SSCI",648,1.494,Q4,0.32,9.93%
I-Perception,I-PERCEPTION,2041-6695,2041-6695,"PSYCHOLOGY, EXPERIMENTAL - SSCI","1,195",1.492,Q4,0.56,96.91%
LEARNING AND MOTIVATION,LEARN MOTIV,0023-9690,1095-9122,"PSYCHOLOGY, BIOLOGICAL - SSCI; PSYCHOLOGY, EXPERIMENTAL - SSCI","1,135",1.488,Q4,0.42,4.65%
WOMEN & THERAPY,WOMEN THER,0270-3149,1541-0315,"PSYCHOLOGY, MULTIDISCIPLINARY - SSCI",655,1.484,Q3,0.72,1.20%
Language Learning and Development,LANG LEARN DEV,1547-5441,1547-3341,"PSYCHOLOGY, DEVELOPMENTAL - SSCI; PSYCHOLOGY, EXPERIMENTAL - SSCI",877,1.48,Q4,0.84,19.54%
BULLETIN OF THE MENNINGER CLINIC,B MENNINGER CLIN,0025-9284,1943-2828,"PSYCHOLOGY, PSYCHOANALYSIS - SSCI",614,1.476,Q1,1.13,0%
ANNEE PSYCHOLOGIQUE,ANN PSYCHOL,0003-5033,1955-2580,"PSYCHOLOGY, MULTIDISCIPLINARY - SSCI",435,1.469,Q3,0.4,0%
SPORT PSYCHOLOGIST,SPORT PSYCHOL,0888-4781,1543-2793,"PSYCHOLOGY - SCIE; PSYCHOLOGY, APPLIED - SSCI","2,375",1.469,Q4,0.44,0%
European Journal of Health Psychology,EUR J HEALTH PSYCHOL,2512-8442,2512-8450,"PSYCHOLOGY, CLINICAL - SSCI",116,1.464,Q4,0.44,5.66%
International Review of Research in Developmental Disabilities,INT REV RES DEV DISA,2211-6095,N/A,"PSYCHOLOGY, MULTIDISCIPLINARY - SSCI",259,1.462,Q3,0.42,0%
Terapia Psicologica,TER PSICOL,0718-4808,0718-4808,"PSYCHOLOGY, CLINICAL - SSCI",458,1.458,Q4,0.32,69.44%
JOURNAL OF PSYCHOEDUCATIONAL ASSESSMENT,J PSYCHOEDUC ASSESS,0734-2829,1557-5144,"PSYCHOLOGY, EDUCATIONAL - SSCI","2,543",1.452,Q4,0.55,4.27%
Archive for the Psychology of Religion-Archiv fur Religionspsychologie,ARCH PSYCHOL RELIG,0084-6724,1573-6121,"PSYCHOLOGY, MULTIDISCIPLINARY - SSCI",303,1.429,Q3,1.69,9.80%
PSYCHOLOGISCHE RUNDSCHAU,PSYCHOL RUNDSCH,0033-3042,2190-6238,"PSYCHOLOGY, MULTIDISCIPLINARY - SSCI",318,1.417,Q4,0.43,6.45%
Educational Measurement-Issues and Practice,EDUC MEAS-ISSUES PRA,0731-1745,1745-3992,"PSYCHOLOGY, EDUCATIONAL - SSCI","1,243",1.402,Q4,0.61,0%
Negotiation and Conflict Management Research,NEGOT CONFL MANAG R,1750-4708,1750-4716,"PSYCHOLOGY, APPLIED - SSCI",363,1.395,Q4,0.33,70.37%
JOURNAL OF MATHEMATICAL PSYCHOLOGY,J MATH PSYCHOL,0022-2496,1096-0880,"PSYCHOLOGY, MATHEMATICAL - SSCI","3,906",1.387,Q4,0.66,10.53%
MEASUREMENT AND EVALUATION IN COUNSELING AND DEVELOPMENT,MEAS EVAL COUNS DEV,0748-1756,1947-6302,"PSYCHOLOGY, APPLIED - SSCI; PSYCHOLOGY, EDUCATIONAL - SSCI","1,744",1.386,Q4,0.44,0%
Analyses of Social Issues and Public Policy,ANAL SOC ISS PUB POL,1529-7489,1530-2415,"PSYCHOLOGY, SOCIAL - SSCI",851,1.375,Q4,0.43,7.21%
Canadian Journal of School Psychology,CAN J SCH PSYCHOL,0829-5735,2154-3984,"PSYCHOLOGY, EDUCATIONAL - SSCI",602,1.37,Q4,0.54,22.22%
JOURNAL OF MOTOR BEHAVIOR,J MOTOR BEHAV,0022-2895,1940-1027,"PSYCHOLOGY - SCIE; PSYCHOLOGY, EXPERIMENTAL - SSCI","2,829",1.358,Q4,0.4,4.37%
BEHAVIOUR CHANGE,BEHAV CHANGE,0813-4839,2049-7768,"PSYCHOLOGY, CLINICAL - SSCI",669,1.355,Q4,0.32,8.20%
JOURNAL OF CLASSIFICATION,J CLASSIF,0176-4268,1432-1343,"PSYCHOLOGY, MATHEMATICAL - SSCI","2,475",1.333,Q4,0.51,16.52%
JOURNAL OF GENETIC PSYCHOLOGY,J GENET PSYCHOL,0022-1325,1940-0896,"PSYCHOLOGY - SCIE; PSYCHOLOGY, DEVELOPMENTAL - SSCI; PSYCHOLOGY, MULTIDISCIPLINARY - SSCI","1,729",1.333,Q4,0.43,2.83%
JOURNAL OF PSYCHOLINGUISTIC RESEARCH,J PSYCHOLINGUIST RES,0090-6905,1573-6555,"PSYCHOLOGY, EXPERIMENTAL - SSCI","2,004",1.315,Q4,0.56,18.43%
PSYCHOTHERAPIE PSYCHOSOMATIK MEDIZINISCHE PSYCHOLOGIE,PSYCHOTHER PSYCH MED,0937-2032,1439-1058,"PSYCHOLOGY, CLINICAL - SSCI","1,200",1.311,Q4,0.33,0%
HUMOR-INTERNATIONAL JOURNAL OF HUMOR RESEARCH,HUMOR,0933-1719,1613-3722,"PSYCHOLOGY, MULTIDISCIPLINARY - SSCI",949,1.288,Q4,0.88,4.26%
Journal of Neuroscience Psychology and Economics,J NEUROSCI PSYCHOL E,1937-321X,2151-318X,"PSYCHOLOGY, MULTIDISCIPLINARY - SSCI",395,1.28,Q4,0.44,0%
PSYCHOLOGICAL RECORD,PSYCHOL REC,0033-2933,2163-3452,"PSYCHOLOGY, MULTIDISCIPLINARY - SSCI","1,777",1.279,Q4,0.46,8.09%
Journal of Cognitive Psychology,J COGN PSYCHOL,2044-5911,2044-592X,"PSYCHOLOGY, EXPERIMENTAL - SSCI","1,486",1.279,Q4,0.32,15.61%
KOLNER ZEITSCHRIFT FUR SOZIOLOGIE UND SOZIALPSYCHOLOGIE,KOLNER Z SOZIOL SOZ,0023-2653,1861-891X,"PSYCHOLOGY, SOCIAL - SSCI",877,1.272,Q4,0.45,59.29%
MILITARY PSYCHOLOGY,MIL PSYCHOL,0899-5605,1532-7876,"PSYCHOLOGY, MULTIDISCIPLINARY - SSCI","1,331",1.27,Q4,0.37,10.47%
BEHAVIORAL INTERVENTIONS,BEHAV INTERVENT,1072-0847,1099-078X,"PSYCHOLOGY, CLINICAL - SSCI",764,1.269,Q4,0.33,2.62%
ZEITSCHRIFT FUR ARBEITS-UND ORGANISATIONSPSYCHOLOGIE,Z ARB ORGAN,0932-4089,2190-6270,"PSYCHOLOGY, APPLIED - SSCI",249,1.258,Q4,0.33,27.12%
Nebraska Symposium on Motivation,NEBR SYM MOTIV,0146-7875,N/A,"PSYCHOLOGY, SOCIAL - SSCI","1,045",1.25,Q4,0.24,0%
Psychiatry Psychology and Law,PSYCHIAT PSYCHOL LAW,1321-8719,1934-1687,"PSYCHOLOGY, MULTIDISCIPLINARY - SSCI","1,036",1.247,Q4,0.6,8.96%
SOUTH AFRICAN JOURNAL OF PSYCHOLOGY,S AFR J PSYCHOL,0081-2463,2078-208X,"PSYCHOLOGY, MULTIDISCIPLINARY - SSCI","1,088",1.236,Q4,0.37,5.30%
Psihologija,PSIHOLOGIJA,0048-5705,N/A,"PSYCHOLOGY, MULTIDISCIPLINARY - SSCI",380,1.234,Q4,0.42,100%
JOURNAL OF PSYCHOPHYSIOLOGY,J PSYCHOPHYSIOL,0269-8803,2151-2124,"PSYCHOLOGY, BIOLOGICAL - SSCI",890,1.229,Q4,0.39,3.80%
Advances in Cognitive Psychology,ADV COGN PSYCHOL,1895-1171,1895-1171,"PSYCHOLOGY, EXPERIMENTAL - SSCI",558,1.217,Q4,0.33,98.82%
International Journal of Psychological Research,INT J PSYCHOL RES,2011-7922,2011-2084,"PSYCHOLOGY, MULTIDISCIPLINARY - SSCI",711,1.212,Q4,0.29,100%
Nordic Psychology,NORD PSYCHOL,1901-2276,1904-0016,"PSYCHOLOGY, MULTIDISCIPLINARY - SSCI",388,1.208,Q4,0.36,35.37%
Early Child Development and Care,EARLY CHILD DEV CARE,0300-4430,1476-8275,"PSYCHOLOGY, DEVELOPMENTAL - SSCI","3,372",1.206,Q4,0.55,6.29%
EUROPEAN REVIEW OF APPLIED PSYCHOLOGY-REVUE EUROPEENNE DE PSYCHOLOGIE APPLIQUEE,EUR REV APPL PSYCHOL,1162-9088,1162-9088,"PSYCHOLOGY, APPLIED - SSCI",883,1.204,Q4,0.34,2.13%
JOURNAL OF EDUCATIONAL MEASUREMENT,J EDUC MEAS,0022-0655,1745-3984,"PSYCHOLOGY, APPLIED - SSCI; PSYCHOLOGY, EDUCATIONAL - SSCI; PSYCHOLOGY, MATHEMATICAL - SSCI","7,257",1.188,Q4,0.36,1.28%
VERHALTENSTHERAPIE,VERHALTENSTHERAPIE,1016-6262,1423-0402,"PSYCHOLOGY, CLINICAL - SSCI",342,1.186,Q4,0.2,10.59%
SOCIAL BEHAVIOR AND PERSONALITY,SOC BEHAV PERSONAL,0301-2212,1179-6391,"PSYCHOLOGY, SOCIAL - SSCI","4,768",1.183,Q4,0.32,3.93%
CULTURE & PSYCHOLOGY,CULT PSYCHOL,1354-067X,1461-7056,"PSYCHOLOGY, MULTIDISCIPLINARY - SSCI",941,1.168,Q4,0.42,9.76%
AMERICAN JOURNAL OF FAMILY THERAPY,AM J FAM THER,0192-6187,1521-0383,"PSYCHOLOGY, CLINICAL - SSCI","1,033",1.159,Q4,0.35,2.10%
Integrative Psychological and Behavioral Science,INTEGR PSYCHOL BEHAV,1932-4502,1936-3567,"PSYCHOLOGY, BIOLOGICAL - SSCI",767,1.156,Q4,0.33,16.75%
ETHOS,ETHOS,0091-2131,1548-1352,"PSYCHOLOGY, MULTIDISCIPLINARY - SSCI","1,300",1.146,Q4,0.54,11.11%
ORGANIZATIONAL DYNAMICS,ORGAN DYN,0090-2616,1873-3530,"PSYCHOLOGY, APPLIED - SSCI","3,250",1.133,Q4,0.31,5.56%
Infants & Young Children,INFANT YOUNG CHILD,0896-3746,1550-5081,"PSYCHOLOGY, DEVELOPMENTAL - SSCI",992,1.125,Q4,0.57,1.64%
BRITISH JOURNAL OF GUIDANCE & COUNSELLING,BRIT J GUID COUNS,0306-9885,1469-3534,"PSYCHOLOGY, APPLIED - SSCI","1,349",1.125,Q4,0.32,11.60%
Journal of Investigative Psychology and Offender Profiling,J INVEST PSYCHOL OFF,1544-4759,1544-4767,"PSYCHOLOGY, APPLIED - SSCI",507,1.119,Q4,0.51,16.67%
DIAGNOSTICA,DIAGNOSTICA,0012-1924,2190-622X,"PSYCHOLOGY, CLINICAL - SSCI","1,507",1.114,Q4,0.32,18.75%
Behavioral Psychology-Psicologia Conductual,BEHAV PSYCHOL,1132-9483,1132-9483,"PSYCHOLOGY, CLINICAL - SSCI",599,1.111,Q4,0.28,0%
JAPANESE PSYCHOLOGICAL RESEARCH,JPN PSYCHOL RES,0021-5368,1468-5884,"PSYCHOLOGY, MULTIDISCIPLINARY - SSCI",774,1.095,Q4,0.39,0%
CHILD & FAMILY BEHAVIOR THERAPY,CHILD FAM BEHAV THER,0731-7107,1545-228X,"PSYCHOLOGY, CLINICAL - SSCI",564,1.08,Q4,0.28,2.70%
Journal for the Study of Education and Development,J STUD EDUC DEV,0210-3702,1578-4126,"PSYCHOLOGY, DEVELOPMENTAL - SSCI; PSYCHOLOGY, EDUCATIONAL - SSCI",62,1.077,Q4,0.36,7.69%
Nonlinear Dynamics Psychology and Life Sciences,NONLIN DYNAM PSYCHOL,1090-0578,1573-6652,"PSYCHOLOGY, MATHEMATICAL - SSCI",466,1.068,Q4,0.4,0%
AMERICAN JOURNAL OF PSYCHOLOGY,AM J PSYCHOL,0002-9556,1939-8298,"PSYCHOLOGY, MULTIDISCIPLINARY - SSCI","3,652",1.059,Q4,0.29,0%
SWISS JOURNAL OF PSYCHOLOGY,SWISS J PSYCHOL,1421-0185,1662-0879,"PSYCHOLOGY, MULTIDISCIPLINARY - SSCI",526,1.037,Q4,0.38,3.70%
HISPANIC JOURNAL OF BEHAVIORAL SCIENCES,HISPANIC J BEHAV SCI,0739-9863,1552-6364,"PSYCHOLOGY, MULTIDISCIPLINARY - SSCI","2,024",1.033,Q4,0.35,1.27%
ZEITSCHRIFT FUR PSYCHOSOMATISCHE MEDIZIN UND PSYCHOTHERAPIE,Z PSYCHOSOM MED PSYC,1438-3608,2196-8349,"PSYCHOLOGY - SCIE; PSYCHOLOGY, CLINICAL - SSCI; PSYCHOLOGY, MULTIDISCIPLINARY - SSCI; PSYCHOLOGY, PSYCHOANALYSIS - SSCI",407,1,Q1,0.67,42.62%
MERRILL-PALMER QUARTERLY-JOURNAL OF DEVELOPMENTAL PSYCHOLOGY,MERRILL PALMER QUART,0272-930X,1535-0266,"PSYCHOLOGY, DEVELOPMENTAL - SSCI","2,114",1,Q4,0.27,0%
ZEITSCHRIFT FUR ENTWICKLUNGSPSYCHOLOGIE UND PADAGOGISCHE PSYCHOLOGIE,Z ENTWICKL PADAGOGIS,0049-8637,2190-6262,"PSYCHOLOGY, EDUCATIONAL - SSCI",295,1,Q4,0.22,48.28%
STUDIA PSYCHOLOGICA,STUD PSYCHOL,0039-3320,2585-8815,"PSYCHOLOGY, MULTIDISCIPLINARY - SSCI",408,0.953,Q4,0.3,100%
Revista de Psicologia del Deporte,REV PSICOL DEPORTE,1132-239X,1988-5636,"PSYCHOLOGY, APPLIED - SSCI","1,152",0.936,Q4,0.26,0%
INTERNATIONAL JOURNAL OF PSYCHOANALYSIS,INT J PSYCHOANAL,0020-7578,1745-8315,"PSYCHOLOGY, PSYCHOANALYSIS - SSCI","2,654",0.929,Q2,1.04,1.17%
Estudios de Psicologia,ESTUD PSICOL-MADRID,0210-9395,1579-3699,"PSYCHOLOGY, MULTIDISCIPLINARY - SSCI",293,0.923,Q4,0.25,0%
JOURNAL OF THE AMERICAN PSYCHOANALYTIC ASSOCIATION,J AM PSYCHOANAL ASS,0003-0651,1941-2460,"PSYCHOLOGY, PSYCHOANALYSIS - SSCI","1,216",0.919,Q2,0.8,1.85%