Journal,ISSN,eISSN,Web of Science Categories,WOS_first_psych_category
JOURNAL OF REPRODUCTIVE AND INFANT PSYCHOLOGY,0264-6838,1469-672X,"Psychology, Multidisciplinary","Psychology, Multidisciplinary"
COGNITIVE SCIENCE,0364-0213,1551-6709,"Psychology, Experimental","Psychology, Experimental"
SUICIDOLOGY ONLINE-SOL,2078-5488,2078-5488,"Psychology, Multidisciplinary","Psychology, Multidisciplinary"
JOURNAL OF CHILD AND ADOLESCENT MENTAL HEALTH,1728-0583,1728-0591,"Psychology, Clinical","Psychology, Clinical"
ADDICTIVE BEHAVIORS,0306-4603,1873-6327,"Substance Abuse | Psychology, Clinical","Psychology, Clinical"
REVISTA IBEROAMERICANA DE PSICOLOGIA DEL EJERCICIO Y EL DEPORTE,1886-8576,2340-7700,"Psychology, Applied","Psychology, Applied"
PERSONALITY AND SOCIAL PSYCHOLOGY REVIEW,1088-8683,1532-7957,"Psychology, Social","Psychology, Social"
GEROPSYCH-THE JOURNAL OF GERONTOPSYCHOLOGY AND GERIATRIC PSYCHIATRY,1662-9647,1662-971X,"Psychology, Development","Psychology, Development"
PSYCHOLOGICAL INJURY & LAW,1938-971X,1938-9728,"Psychology, Clinical","Psychology, Clinical"
CHILD DEVELOPMENT PERSPECTIVES,1750-8592,1750-8606,"Psychology, Development","Psychology, Development"
COACHING-AN INTERNATIONAL JOURNAL OF THEORY RESEARCH AND PRACTICE,1752-1882,1752-1890,"Psychology, Applied","Psychology, Applied"
EATING BEHAVIORS,1471-0153,1873-7358,"Psychology, Clinical | Psychiatry","Psychology, Clinical"
MEMORY & COGNITION,0090-502X,1532-5946,"Psychology, Experimental","Psychology, Experimental"
CLINICAL CHILD PSYCHOLOGY AND PSYCHIATRY,1359-1045,1461-7021,Psychiatry | Psychology,Psychology
NORDIC PSYCHOLOGY,1901-2276,1904-0016,"Psychology, Multidisciplinary","Psychology, Multidisciplinary"
JOURNAL OF MEDIA PSYCHOLOGY-THEORIES METHODS AND APPLICATIONS,1864-1105,2151-2388,"Communication | Psychology, Multidisciplinary","Psychology, Multidisciplinary"
INFANTS & YOUNG CHILDREN,0896-3746,1550-5081,"Education, Special | Psychology, Development | Rehabilitation","Psychology, Development"
CAREER DEVELOPMENT INTERNATIONAL,1362-0436,1758-6003,"Psychology, Applied | Management","Psychology, Applied"
TRANSPORTATION RESEARCH PART F-TRAFFIC PSYCHOLOGY AND BEHAVIOUR,1369-8478,1873-5517,"Psychology, Applied | Transportation","Psychology, Applied"
BMC PSYCHOLOGY,NA,2050-7283,"Psychology, Multidisciplinary","Psychology, Multidisciplinary"
NONLINEAR DYNAMICS PSYCHOLOGY AND LIFE SCIENCES,1090-0578,1573-6652,"Social Sciences, Mathematical Methods | Psychology, Mathematical","Psychology, Mathematical"
JOURNAL OF HEALTH PSYCHOLOGY,1359-1053,1461-7277,"Psychology, Clinical","Psychology, Clinical"
PSYCHOLOGY OF SPORT AND EXERCISE,1469-0292,1878-5476,Psychology | Sport Sciences,Psychology | Sport
ASIAN AMERICAN JOURNAL OF PSYCHOLOGY,1948-1985,1948-1993,"Ethnic Studies | Psychology, Multidisciplinary","Psychology, Multidisciplinary"
COGNITION AND INSTRUCTION,0737-0008,1532-690X,"Psychology, Educational | Psychology, Experimental","Psychology, Educational"
JOURNAL OF CONSULTING AND CLINICAL PSYCHOLOGY,0022-006X,1939-2117,"Psychology, Clinical","Psychology, Clinical"
CAREER DEVELOPMENT QUARTERLY,0889-4019,2161-0045,"Psychology, Applied","Psychology, Applied"
VISUAL COGNITION,1350-6285,1464-0716,"Psychology, Experimental","Psychology, Experimental"
ANALES DE PSICOLOGIA,0212-9728,1695-2294,Psychology,Psychology
CHILD ABUSE & NEGLECT,0145-2134,1873-7757,"Family Studies | Psychology, Social | Social Work","Psychology, Social"
INFANCY,1525-0008,1532-7078,"Psychology, Development","Psychology, Development"
SPATIAL COGNITION AND COMPUTATION,1387-5868,1542-7633,"Psychology, Experimental","Psychology, Experimental"
PSIHOLOGIJA,0048-5705,1451-9283,"Psychology, Multidisciplinary","Psychology, Multidisciplinary"
BRITISH JOURNAL OF MATHEMATICAL & STATISTICAL PSYCHOLOGY,0007-1102,2044-8317,"Psychology, Mathematical | Psychology, Experimental","Psychology, Mathematical"
ZEITSCHRIFT FUR ARBEITS-UND ORGANISATIONSPSYCHOLOGIE,0932-4089,2190-6270,"Psychology, Applied","Psychology, Applied"
STUDIES IN PSYCHOLOGY,0210-9395,1579-3699,"Psychology, Multidisciplinary","Psychology, Multidisciplinary"
DEVIANT BEHAVIOR,0163-9625,1521-0456,"Criminology & Penology | Psychology, Social | Sociology","Psychology, Social"
JOURNAL OF SPORT & EXERCISE PSYCHOLOGY,0895-2779,1543-2904,Psychology | Sport Sciences,Psychology | Sport
JOURNAL OF HEALTH AND SOCIAL BEHAVIOR,0022-1465,2150-6000,"Public, Environmental & Occupational Health | Psychology, Social | Social Sciences, Biomedical | Sociology","Psychology, Social"
ACTA PSYCHOLOGICA,0001-6918,1873-6297,"Psychology, Experimental","Psychology, Experimental"
JOURNAL OF EXPERIMENTAL EDUCATION,0022-0973,1940-0683,"Education & Educational Research | Psychology, Educational","Psychology, Educational"
EARLY EDUCATION AND DEVELOPMENT,1040-9289,1556-6935,"Education & Educational Research | Psychology, Educational | Psychology, Development","Psychology, Educational"
ANNUAL REVIEW OF ORGANIZATIONAL PSYCHOLOGY AND ORGANIZATIONAL BEHAVIOR,2327-0608,2327-0616,"Psychology, Applied | Management","Psychology, Applied"
ORGANIZATIONAL DYNAMICS,0090-2616,1873-3530,"Business | Psychology, Applied | Management","Psychology, Applied"
ATTACHMENT & HUMAN DEVELOPMENT,1461-6734,1469-2988,"Psychology, Development","Psychology, Development"
FOCUS ON AUTISM AND OTHER DEVELOPMENTAL DISABILITIES,1088-3576,1538-4829,"Education, Special | Psychology, Development | Rehabilitation","Psychology, Development"
PSYCHOLOGICAL STUDIES,0033-2968,0974-9861,"Psychology, Multidisciplinary","Psychology, Multidisciplinary"
EUROPEAN JOURNAL OF DEVELOPMENTAL PSYCHOLOGY,1740-5629,1740-5610,"Psychology, Development","Psychology, Development"
ADAPTIVE HUMAN BEHAVIOR AND PHYSIOLOGY,2198-7335,2198-7335,"Psychology, Biological","Psychology, Biological"
EUROPEAN JOURNAL OF PERSONALITY,0890-2070,1099-0984,"Psychology, Social","Psychology, Social"
INDUSTRIAL AND ORGANIZATIONAL PSYCHOLOGY-PERSPECTIVES ON SCIENCE AND PRACTICE,1754-9426,1754-9434,"Psychology, Applied","Psychology, Applied"
RESEARCH IN HUMAN DEVELOPMENT,1542-7609,1542-7617,"Psychology, Development","Psychology, Development"
PSYCH JOURNAL,2046-0252,2046-0260,"Psychology, Multidisciplinary","Psychology, Multidisciplinary"
EDUCATIONAL AND DEVELOPMENTAL PSYCHOLOGIST,2059-0776,2059-0784,"Psychology, Development","Psychology, Development"
STUDIES IN EDUCATIONAL EVALUATION,0191-491X,NA,"Education & Educational Research | Psychology, Educational","Psychology, Educational"
CUADERNOS DE NEUROPSICOLOGIA-PANAMERICAN JOURNAL OF NEUROPSYCHOLOGY,0718-4123,0718-4123,"Psychology, Biological","Psychology, Biological"
JOURNAL OF TRUST RESEARCH,2151-5581,2151-559X,"Management | Psychology, Social","Psychology, Social"
ZEITSCHRIFT FUR ENTWICKLUNGSPSYCHOLOGIE UND PADAGOGISCHE PSYCHOLOGIE,0049-8637,2190-6262,"Psychology, Educational","Psychology, Educational"
NEUROPSYCHOLOGICAL TRENDS,1970-321X,1970-3201,Psychology,Psychology
CORTEX,0010-9452,1973-8102,"Psychology, Experimental","Psychology, Experimental"
PSYCHOLOGIST,0952-8229,0952-8229,"Psychology, Multidisciplinary","Psychology, Multidisciplinary"
JOURNAL OF COGNITION AND CULTURE,1567-7095,1568-5373,"Psychology, Multidisciplinary","Psychology, Multidisciplinary"
JOURNAL OF DUAL DIAGNOSIS,1550-4263,1550-4271,"Psychology, Clinical | Substance Abuse | Psychiatry","Psychology, Clinical"
JOURNAL OF PERSONNEL PSYCHOLOGY,1866-5888,2190-5150,"Psychology, Applied","Psychology, Applied"
AUTISM & DEVELOPMENTAL LANGUAGE IMPAIRMENTS,2396-9415,2396-9415,"Linguistics | Psychology, Development | Education, Special","Psychology, Development"
ECOLOGICAL PSYCHOLOGY,1040-7413,1532-6969,"Psychology, Experimental","Psychology, Experimental"
APPLIED COGNITIVE PSYCHOLOGY,0888-4080,1099-0720,"Psychology, Experimental","Psychology, Experimental"
COMPUTERS IN HUMAN BEHAVIOR,0747-5632,1873-7692,"Psychology, Multidisciplinary | Psychology, Experimental","Psychology, Multidisciplinary"
PERCEPTUAL AND MOTOR SKILLS,0031-5125,1558-688X,"Psychology, Experimental","Psychology, Experimental"
POLITICAL PSYCHOLOGY,0162-895X,1467-9221,"Political Science | Psychology, Social","Psychology, Social"
JOURNAL OF COUPLE & RELATIONSHIP THERAPY-INNOVATIONS IN CLINICAL AND EDUCATIONAL INTERVENTIONS,1533-2691,1533-2683,"Psychology, Clinical","Psychology, Clinical"
PSYCHOLOGY & SEXUALITY,1941-9899,1941-9902,"Psychology, Multidisciplinary","Psychology, Multidisciplinary"
TRAINING AND EDUCATION IN PROFESSIONAL PSYCHOLOGY,1931-3918,1931-3926,"Psychology, Educational","Psychology, Educational"
EDUCATIONAL PSYCHOLOGIST,0046-1520,1532-6985,"Education & Educational Research | Psychology, Educational","Psychology, Educational"
CANADIAN JOURNAL OF SCHOOL PSYCHOLOGY,0829-5735,2154-3984,"Psychology, Educational","Psychology, Educational"
SCHIZOPHRENIA RESEARCH-COGNITION,2215-0013,2215-0013,"Psychiatry | Psychology, Experimental","Psychology, Experimental"
JOURNAL OF SOCIAL AND CLINICAL PSYCHOLOGY,0736-7236,1943-2771,"Psychology, Clinical | Psychology, Social","Psychology, Clinical"
JOURNAL OF SPORT PSYCHOLOGY IN ACTION,2152-0704,2152-0712,"Psychology, Applied","Psychology, Applied"
SOCIAL PSYCHOLOGY QUARTERLY,0190-2725,1939-8999,"Psychology, Social","Psychology, Social"
HUMAN RESOURCE DEVELOPMENT QUARTERLY,1044-8004,1532-1096,"Industrial Relations & Labor | Psychology, Applied | Management","Psychology, Applied"
JOURNAL OF MOTOR LEARNING AND DEVELOPMENT,2325-3193,2325-3215,"Psychology, Development | Psychology, Experimental | Sport Sciences","Psychology, Development"
HUMAN MOVEMENT SCIENCE,0167-9457,1872-7646,Neurosciences | Psychology | Sport Sciences,Psychology | Sport
HUMAN ARENAS,2522-5790,2522-5804,"Psychology, Multidisciplinary","Psychology, Multidisciplinary"
BRITISH JOURNAL OF DEVELOPMENTAL PSYCHOLOGY,0261-510X,2044-835X,"Psychology, Development","Psychology, Development"
INTERNATIONAL JOURNAL OF ADOLESCENCE AND YOUTH,0267-3843,2164-4527,"Psychology, Development","Psychology, Development"
BRAIN AND COGNITION,0278-2626,1090-2147,"Psychology, Experimental","Psychology, Experimental"
NEW IDEAS IN PSYCHOLOGY,0732-118X,1873-3522,"Psychology, Multidisciplinary | Psychology, Experimental","Psychology, Multidisciplinary"
EUROPEAN JOURNAL OF PSYCHOLOGY OF EDUCATION,0256-2928,1878-5174,"Psychology, Educational","Psychology, Educational"
PERSONNEL REVIEW,0048-3486,1758-6933,"Industrial Relations & Labor | Psychology, Applied | Management","Psychology, Applied"
INTERNATIONAL JOURNAL OF OFFENDER THERAPY AND COMPARATIVE CRIMINOLOGY,0306-624X,1552-6933,"Criminology & Penology | Psychology, Applied","Psychology, Applied"
JOURNAL OF ADOLESCENCE,0140-1971,1095-9254,"Psychology, Development","Psychology, Development"
OCCUPATIONAL HEALTH SCIENCE,2367-0134,2367-0142,"Public, Environmental & Occupational Health | Psychology, Applied","Psychology, Applied"
KINDHEIT UND ENTWICKLUNG,0942-5403,2190-6246,"Psychology, Development","Psychology, Development"
PSYCHOLOGICAL TRAUMA-THEORY RESEARCH PRACTICE AND POLICY,1942-9681,1942-969X,"Psychology, Clinical | Psychiatry","Psychology, Clinical"
JOURNAL OF GAMBLING STUDIES,1050-5350,1573-3602,"Substance Abuse | Psychology, Multidisciplinary","Psychology, Multidisciplinary"
RESIDENTIAL TREATMENT FOR CHILDREN & YOUTH,0886-571X,1541-0358,"Psychology, Clinical","Psychology, Clinical"
CLINICAL PSYCHOLOGY-SCIENCE AND PRACTICE,0969-5893,1468-2850,"Psychology, Clinical","Psychology, Clinical"
JOURNAL OF COGNITIVE NEUROSCIENCE,0898-929X,1530-8898,"Psychology, Experimental","Psychology, Experimental"
JOURNAL OF PSYCHOLOGY AND THEOLOGY,0091-6471,2328-1162,"Psychology, Multidisciplinary","Psychology, Multidisciplinary"
EMOTIONAL AND BEHAVIOURAL DIFFICULTIES,1363-2752,1741-2692,"Psychology, Educational","Psychology, Educational"
APPLIED MEASUREMENT IN EDUCATION,0895-7347,1532-4818,"Education & Educational Research | Psychology, Educational | Psychology, Mathematical","Psychology, Educational"
JOURNAL FOR THE THEORY OF SOCIAL BEHAVIOUR,0021-8308,1468-5914,"Psychology, Social","Psychology, Social"
COGENT PSYCHOLOGY,2331-1908,2331-1908,"Psychology, Multidisciplinary","Psychology, Multidisciplinary"
JOURNAL OF PERSONALITY,0022-3506,1467-6494,"Psychology, Social","Psychology, Social"
AMERICAN JOURNAL OF COMMUNITY PSYCHOLOGY,0091-0562,1573-2770,"Public, Environmental & Occupational Health | Psychology, Multidisciplinary | Social Work","Psychology, Multidisciplinary"
JOURNAL OF LITERACY RESEARCH,1086-296X,1554-8430,"Education & Educational Research | Psychology, Educational","Psychology, Educational"
NPJ SCIENCE OF LEARNING,NA,2056-7936,"Education & Educational Research | Psychology, Experimental","Psychology, Experimental"
SCHOOL PSYCHOLOGY INTERNATIONAL,0143-0343,1461-7374,"Psychology, Educational","Psychology, Educational"
SEX ROLES,0360-0025,1573-2762,"Psychology, Development | Psychology, Social | Women'S Studies","Psychology, Development"
SOCIAL PSYCHOLOGICAL AND PERSONALITY SCIENCE,1948-5506,1948-5514,"Psychology, Social","Psychology, Social"
JOURNAL OF AGGRESSION MALTREATMENT & TRAUMA,1092-6771,1545-083X,"Psychology, Clinical | Criminology & Penology | Family Studies | Psychiatry","Psychology, Clinical"
ETHOS,0091-2131,1548-1352,"Anthropology | Psychology, Multidisciplinary","Psychology, Multidisciplinary"
JOURNAL OF FORENSIC PSYCHOLOGY RESEARCH AND PRACTICE,2473-2850,2473-2842,"Criminology & Penology | Psychology, Multidisciplinary","Psychology, Multidisciplinary"
PHILOSOPHICAL PSYCHOLOGY,0951-5089,1465-394X,"Ethics | Psychology, Multidisciplinary","Psychology, Multidisciplinary"
SUBSTANCE USE & MISUSE,1082-6084,1532-2491,Substance Abuse | Psychiatry | Psychology,Psychology
PSYCHOPHYSIOLOGY,0048-5772,1469-8986,Neurosciences | Physiology | Psychology,Psychology
BRITISH JOURNAL OF SOCIAL PSYCHOLOGY,0144-6665,2044-8309,"Psychology, Social","Psychology, Social"
MINDFULNESS,1868-8527,1868-8535,"Psychology, Clinical | Psychiatry","Psychology, Clinical"
JOURNAL OF HOMOSEXUALITY,0091-8369,1540-3602,"Psychology, Multidisciplinary | Social Sciences, Interdisciplinary","Psychology, Multidisciplinary"
JOURNAL OF PERSONALITY ASSESSMENT,0022-3891,1532-7752,"Psychology, Clinical | Psychology, Social","Psychology, Clinical"
INTERNATIONAL JOURNAL OF MENTAL HEALTH AND ADDICTION,1557-1874,1557-1882,"Substance Abuse | Psychiatry | Psychology, Clinical","Psychology, Clinical"
JOURNAL OF CLINICAL PSYCHOLOGY IN MEDICAL SETTINGS,1068-9583,1573-3572,"Psychology, Clinical","Psychology, Clinical"
JOURNAL OF CLINICAL AND EXPERIMENTAL NEUROPSYCHOLOGY,1380-3395,1744-411X,Clinical Neurology | Psychology,Psychology
APPLIED PSYCHOLOGY-HEALTH AND WELL BEING,1758-0846,1758-0854,"Psychology, Applied","Psychology, Applied"
BEHAVIORAL AND BRAIN SCIENCES,0140-525X,1469-1825,"Psychology, Biological","Psychology, Biological"
THINKING & REASONING,1354-6783,1464-0708,"Psychology, Experimental","Psychology, Experimental"
EDUCATIONAL PSYCHOLOGY IN PRACTICE,0266-7363,1469-5839,"Psychology, Educational","Psychology, Educational"
JOURNAL OF GENETIC PSYCHOLOGY,0022-1325,1940-0896,Psychology,Psychology
JOURNAL OF TRAUMA & DISSOCIATION,1529-9732,1529-9740,"Psychology, Clinical | Psychiatry","Psychology, Clinical"
JOURNAL OF SOCIAL AND POLITICAL PSYCHOLOGY,NA,2195-3325,"Psychology, Social","Psychology, Social"
JOURNAL OF NONVERBAL BEHAVIOR,0191-5886,1573-3653,"Psychology, Social","Psychology, Social"
SOCIAL AND PERSONALITY PSYCHOLOGY COMPASS,NA,1751-9004,"Psychology, Social","Psychology, Social"
LIBERABIT-REVISTA DE PSICOLOGIA,1729-4827,2223-7666,"Psychology, Multidisciplinary","Psychology, Multidisciplinary"
COGNITIVE BEHAVIOUR THERAPY,1650-6073,1651-2316,"Psychology, Clinical","Psychology, Clinical"
AUSTRALIAN COMMUNITY PSYCHOLOGIST,1835-7393,1835-7393,"Psychology, Applied","Psychology, Applied"
APPLIED NEUROPSYCHOLOGY-CHILD,2162-2965,2162-2973,Clinical Neurology | Psychology,Psychology
PERSONALITY DISORDERS-THEORY RESEARCH AND TREATMENT,1949-2715,1949-2723,"Psychology, Clinical","Psychology, Clinical"
PSYCHIATRY PSYCHOLOGY AND LAW,1321-8719,1934-1687,"Criminology & Penology | Law | Psychiatry | Psychology, Multidisciplinary","Psychology, Multidisciplinary"
DECISION-WASHINGTON,2325-9965,2325-9973,"Psychology, Multidisciplinary","Psychology, Multidisciplinary"
QUADERNS DE PSICOLOGIA,0211-3481,2014-4520,"Psychology, Multidisciplinary","Psychology, Multidisciplinary"
PERSPECTIVES ON BEHAVIOR SCIENCE,2520-8969,2520-8977,"Psychology, Clinical","Psychology, Clinical"
PSYCHOSOCIAL INTERVENTION,1132-0559,2173-4712,"Psychology, Multidisciplinary","Psychology, Multidisciplinary"
JOURNAL OF COGNITIVE ENGINEERING AND DECISION MAKING,1555-3434,2169-5032,"Engineering, Industrial | Ergonomics | Psychology, Applied","Psychology, Applied"
PSICOTHEMA,0214-9915,1886-144X,"Psychology, Multidisciplinary","Psychology, Multidisciplinary"
JOURNAL OF PSYCHOTHERAPY INTEGRATION,1053-0479,1573-3696,"Psychology, Clinical","Psychology, Clinical"
JOURNAL OF CONTEXTUAL BEHAVIORAL SCIENCE,2212-1447,2212-1455,"Psychology, Clinical","Psychology, Clinical"
HUMAN PSYCHOPHARMACOLOGY-CLINICAL AND EXPERIMENTAL,0885-6222,1099-1077,Clinical Neurology | Pharmacology & Pharmacy | Psychiatry | Psychology,Psychology
PSYCHOANALYTIC QUARTERLY,0033-2828,2167-4086,"Psychology, Psychoanalysis","Psychology, Psychoanalysis"
PSYCHOLOGICA,0871-4657,1647-8606,"Psychology, Multidisciplinary","Psychology, Multidisciplinary"
JOURNAL OF EARLY INTERVENTION,1053-8151,2154-3992,"Education, Special | Psychology, Educational | Rehabilitation","Psychology, Educational"
JOURNAL OF PSYCHOLOGY IN AFRICA,1433-0237,1815-5626,"Psychology, Multidisciplinary","Psychology, Multidisciplinary"
JOURNAL OF EXPERIMENTAL PSYCHOLOGY-GENERAL,0096-3445,1939-2222,"Psychology, Experimental","Psychology, Experimental"
CURRENT OPINION IN BEHAVIORAL SCIENCES,2352-1546,2352-1554,"Psychology, Experimental","Psychology, Experimental"
JOURNAL OF OCCUPATIONAL HEALTH PSYCHOLOGY,1076-8998,1939-1307,"Public, Environmental & Occupational Health | Psychology, Applied","Psychology, Applied"
JOURNAL OF PACIFIC RIM PSYCHOLOGY,1834-4909,1834-4909,"Psychology, Multidisciplinary","Psychology, Multidisciplinary"
HUMAN FACTORS,0018-7208,1547-8181,"Behavioral Sciences | Engineering, Industrial | Psychology",Psychology
STUDIA PSYCHOLOGICA,0039-3320,2585-8815,"Psychology, Multidisciplinary","Psychology, Multidisciplinary"
LANGUAGE ASSESSMENT QUARTERLY,1543-4303,1543-4311,"Psychology, Educational | Linguistics","Psychology, Educational"
MULTISENSORY RESEARCH,2213-4794,2213-4808,Biophysics | Psychology,Psychology
HUMAN PERFORMANCE,0895-9285,1532-7043,"Psychology, Applied","Psychology, Applied"
INTERNATIONAL JOURNAL OF EDUCATIONAL PSYCHOLOGY,2014-3591,2014-3591,"Psychology, Educational","Psychology, Educational"
BEHAVIORAL DISORDERS,0198-7429,2163-5307,"Psychology, Clinical | Education, Special | Psychology, Educational","Psychology, Clinical"
EUROPEAN REVIEW OF SOCIAL PSYCHOLOGY,1046-3283,1479-277X,"Psychology, Social","Psychology, Social"
PSYCHOANALYSIS SELF AND CONTEXT,2472-0038,2472-0046,"Psychology, Psychoanalysis","Psychology, Psychoanalysis"
INTERNATIONAL JOURNAL OF EMOTIONAL EDUCATION,2073-7629,2073-7629,"Psychology, Educational","Psychology, Educational"
ZEITSCHRIFT FUR SPORTPSYCHOLOGIE,1612-5010,2190-6300,"Psychology, Applied","Psychology, Applied"
JOURNAL OF SUBSTANCE ABUSE TREATMENT,0740-5472,1873-6483,"Psychology, Clinical | Substance Abuse","Psychology, Clinical"
JOURNAL OF ORGANIZATIONAL BEHAVIOR,0894-3796,1099-1379,"Business | Psychology, Applied | Management","Psychology, Applied"
ACTA COLOMBIANA DE PSICOLOGIA,0123-9155,1909-9711,"Psychology, Clinical","Psychology, Clinical"
METHODOLOGY-EUROPEAN JOURNAL OF RESEARCH METHODS FOR THE BEHAVIORAL AND SOCIAL SCIENCES,1614-1881,1614-2241,"Social Sciences, Mathematical Methods | Psychology, Mathematical","Psychology, Mathematical"
PSYCHOLOGICAL MEDICINE,0033-2917,1469-8978,Psychiatry | Psychology,Psychology
LAW AND HUMAN BEHAVIOR,0147-7307,1573-661X,"Law | Psychology, Social","Psychology, Social"
ART THERAPY,0742-1656,2159-9394,"Psychology, Clinical","Psychology, Clinical"
JOURNAL OF RESEARCH IN READING,0141-0423,1467-9817,"Education & Educational Research | Psychology, Educational","Psychology, Educational"
JOURNAL OF ADOLESCENT RESEARCH,0743-5584,1552-6895,"Psychology, Development","Psychology, Development"
JOURNAL OF PSYCHOSOMATIC OBSTETRICS & GYNECOLOGY,0167-482X,1743-8942,"Psychology, Clinical","Psychology, Clinical"
JOURNAL OF STUDIES ON ALCOHOL AND DRUGS,1937-1888,1938-4114,Substance Abuse | Psychology,Psychology
APPLIED PSYCHOLOGY IN CRIMINAL JUSTICE,1550-3550,1550-4409,"Psychology, Applied","Psychology, Applied"
APPLIED PSYCHOPHYSIOLOGY AND BIOFEEDBACK,1090-0586,1573-3270,"Psychology, Clinical","Psychology, Clinical"
LEARNING AND INSTRUCTION,0959-4752,1873-3263,"Education & Educational Research | Psychology, Educational","Psychology, Educational"
JOURNAL OF HAPPINESS STUDIES,1389-4978,1573-7780,"Psychology, Multidisciplinary | Social Sciences, Interdisciplinary","Psychology, Multidisciplinary"
PSYCHOLOGY CRIME & LAW,1068-316X,1477-2744,"Criminology & Penology | Law | Psychology, Multidisciplinary","Psychology, Multidisciplinary"
BODY IMAGE,1740-1445,1873-6807,"Psychology, Clinical | Psychiatry | Psychology, Multidisciplinary","Psychology, Clinical"
JOURNAL OF CAREER DEVELOPMENT,0894-8453,1556-0856,"Psychology, Applied","Psychology, Applied"
COGNITION,0010-0277,1873-7838,"Psychology, Experimental","Psychology, Experimental"
JOURNAL OF CULTURAL COGNITIVE SCIENCE,2520-100X,2520-1018,"Psychology, Experimental","Psychology, Experimental"
JOURNAL OF CHILD AND FAMILY STUDIES,1062-1024,1573-2843,"Family Studies | Psychology, Development | Psychiatry","Psychology, Development"
ZEITSCHRIFT FUR NEUROPSYCHOLOGIE,1016-264X,1664-2902,Clinical Neurology | Psychology,Psychology
JOURNAL OF THEORETICAL SOCIAL PSYCHOLOGY,NA,2475-0387,"Psychology, Social","Psychology, Social"
COGNITIVE PSYCHOLOGY,0010-0285,1095-5623,Psychology,Psychology
JOURNAL OF DEVELOPMENTAL AND PHYSICAL DISABILITIES,1056-263X,1573-3580,"Education, Special | Psychology, Development | Rehabilitation","Psychology, Development"
INTERNATIONAL JOURNAL OF CLINICAL AND HEALTH PSYCHOLOGY,1697-2600,1576-7329,"Psychology, Clinical","Psychology, Clinical"
MERRILL-PALMER QUARTERLY-JOURNAL OF DEVELOPMENTAL PSYCHOLOGY,0272-930X,1535-0266,"Psychology, Development","Psychology, Development"
PSYCHOLOGICAL BULLETIN,0033-2909,1939-1455,Psychology,Psychology
JOURNAL OF EDUCATIONAL CULTURAL AND PSYCHOLOGICAL STUDIES,2037-7932,2037-7924,"Psychology, Educational","Psychology, Educational"
ZEITSCHRIFT FUR PADAGOGISCHE PSYCHOLOGIE,1010-0652,1664-2910,"Psychology, Educational","Psychology, Educational"
AMERICAN JOURNAL OF FAMILY THERAPY,0192-6187,1521-0383,"Psychology, Clinical | Family Studies","Psychology, Clinical"
WORK AGING AND RETIREMENT,2054-4642,2054-4650,"Industrial Relations & Labor | Psychology, Applied | Management","Psychology, Applied"
READING PSYCHOLOGY,0270-2711,1521-0685,"Psychology, Educational","Psychology, Educational"
TRANSLATIONAL ISSUES IN PSYCHOLOGICAL SCIENCE,2332-2136,2332-2179,"Psychology | Psychology, Multidisciplinary",Psychology | Psychology
BEHAVIOR MODIFICATION,0145-4455,1552-4167,"Psychology, Clinical","Psychology, Clinical"
SEXUAL ABUSE-A JOURNAL OF RESEARCH AND TREATMENT,1079-0632,1573-286X,"Psychology, Clinical | Criminology & Penology","Psychology, Clinical"
COGNITIVE NEUROPSYCHOLOGY,0264-3294,1464-0627,Psychology,Psychology
SOCIAL DEVELOPMENT,0961-205X,1467-9507,"Psychology, Development","Psychology, Development"
SA JOURNAL OF INDUSTRIAL PSYCHOLOGY,0258-5200,2071-0763,"Psychology, Applied","Psychology, Applied"
JOURNAL OF COMPARATIVE PSYCHOLOGY,0735-7036,1939-2087,Behavioral Sciences | Psychology | Zoology,Psychology | Zoology
ORGANISATIONAL AND SOCIAL DYNAMICS,1474-2780,2044-3765,"Psychology, Applied","Psychology, Applied"
CONSULTING PSYCHOLOGY JOURNAL-PRACTICE AND RESEARCH,1065-9293,1939-0149,"Psychology, Applied","Psychology, Applied"
JOURNAL OF EMDR PRACTICE AND RESEARCH,1933-3196,1933-320X,"Psychology, Clinical | Psychology","Psychology, Clinical"
APPLIED ERGONOMICS,0003-6870,1872-9126,"Ergonomics | Psychology, Applied","Psychology, Applied"
CLINICAL PSYCHOLOGIST,1328-4207,1742-9552,Psychology,Psychology
EDUCATIONAL PSYCHOLOGY REVIEW,1040-726X,1573-336X,"Psychology, Educational","Psychology, Educational"
JOURNAL OF BEHAVIORAL DECISION MAKING,0894-3257,1099-0771,"Psychology, Applied","Psychology, Applied"
PAPERS ON SOCIAL REPRESENTATIONS,1021-5573,1819-3978,"Psychology, Social","Psychology, Social"
PSYCHO-ONCOLOGY,1057-9249,1099-1611,Oncology | Psychology,Psychology
JOURNAL OF POSITIVE PSYCHOLOGY,1743-9760,1743-9779,"Psychology, Multidisciplinary","Psychology, Multidisciplinary"
PERSONALITY AND MENTAL HEALTH,1932-8621,1932-863X,"Psychiatry | Psychology, Social","Psychology, Social"
PERSONNEL PSYCHOLOGY,0031-5826,1744-6570,"Psychology, Applied | Management","Psychology, Applied"
INTERNATIONAL REVIEW OF SPORT AND EXERCISE PSYCHOLOGY,1750-984X,1750-9858,"Hospitality, Leisure, Sport & Tourism | Psychology, Applied","Psychology, Applied"
JOURNAL OF CLINICAL PSYCHIATRY,0160-6689,1555-2101,"Psychiatry | Psychology, Clinical","Psychology, Clinical"
KULTURNO-ISTORICHESKAYA PSIKHOLOGIYA-CULTURAL-HISTORICAL PSYCHOLOGY,1816-5435,2224-8935,"Psychology, Multidisciplinary","Psychology, Multidisciplinary"
NEUROBIOLOGY OF LEARNING AND MEMORY,1074-7427,1095-9564,Behavioral Sciences | Neurosciences | Psychology,Psychology
JOURNAL OF HUMANISTIC COUNSELING,2159-0311,2161-1939,"Psychology, Applied","Psychology, Applied"
EUROPEAN CHILD & ADOLESCENT PSYCHIATRY,1018-8827,1435-165X,"Psychiatry | Psychology, Development","Psychology, Development"
FRONTIERS IN PSYCHOLOGY,1664-1078,1664-1078,"Psychology, Multidisciplinary","Psychology, Multidisciplinary"
HISPANIC JOURNAL OF BEHAVIORAL SCIENCES,0739-9863,1552-6364,"Psychology, Multidisciplinary","Psychology, Multidisciplinary"
ORGANIZATIONAL RESEARCH METHODS,1094-4281,1552-7425,"Psychology, Applied | Management","Psychology, Applied"
JOURNAL OF INTERPERSONAL VIOLENCE,0886-2605,1552-6518,"Criminology & Penology | Family Studies | Psychology, Applied","Psychology, Applied"
PSICOLOGIA CONOCIMIENTO Y SOCIEDAD,1688-7026,1688-7026,"Psychology, Multidisciplinary","Psychology, Multidisciplinary"
MUSIC PERCEPTION,0730-7829,1533-8312,"Psychology, Experimental","Psychology, Experimental"
ARCHIVES OF CLINICAL NEUROPSYCHOLOGY,0887-6177,1873-5843,Psychology,Psychology
INTERNATIONAL JOURNAL OF BEHAVIORAL DEVELOPMENT,0165-0254,1464-0651,"Psychology, Development","Psychology, Development"
EUROPES JOURNAL OF PSYCHOLOGY,1841-0413,1841-0413,"Psychology, Multidisciplinary","Psychology, Multidisciplinary"
BRITISH JOURNAL OF CLINICAL PSYCHOLOGY,0144-6657,2044-8260,"Psychology, Clinical","Psychology, Clinical"
JOURNAL OF SCHOOL VIOLENCE,1538-8220,1538-8239,"Criminology & Penology | Education & Educational Research | Psychology, Educational | Psychology, Development","Psychology, Educational"
EUROPEAN JOURNAL OF PSYCHOLOGY APPLIED TO LEGAL CONTEXT,1889-1861,1989-4007,"Law | Psychology, Multidisciplinary","Psychology, Multidisciplinary"
BEHAVIOUR RESEARCH AND THERAPY,0005-7967,1873-622X,"Psychology, Clinical","Psychology, Clinical"
HUMOR-INTERNATIONAL JOURNAL OF HUMOR RESEARCH,0933-1719,1613-3722,"Psychology, Multidisciplinary","Psychology, Multidisciplinary"
JOURNAL OF SCHOOL PSYCHOLOGY,0022-4405,1873-3506,"Psychology, Educational","Psychology, Educational"
EUROPEAN JOURNAL OF SOCIAL PSYCHOLOGY,0046-2772,1099-0992,"Psychology, Social","Psychology, Social"
NEUROPSYCHOLOGY,0894-4105,1931-1559,Neurosciences | Psychology,Psychology
SOCIAL BEHAVIOR AND PERSONALITY,0301-2212,1179-6391,"Psychology, Social","Psychology, Social"
BRITISH JOURNAL OF EDUCATIONAL PSYCHOLOGY,0007-0998,2044-8279,"Psychology, Educational","Psychology, Educational"
JOURNAL OF OCCUPATIONAL THERAPY SCHOOLS AND EARLY INTERVENTION,1941-1243,1941-1251,"Psychology, Educational","Psychology, Educational"
PSYCHOLOGY OF RELIGION AND SPIRITUALITY,1941-1022,1943-1562,"Psychology, Multidisciplinary","Psychology, Multidisciplinary"
CHILD CARE HEALTH AND DEVELOPMENT,0305-1862,1365-2214,"Psychology, Development","Psychology, Development"
DYSLEXIA,1076-9242,1099-0909,"Education, Special | Psychology, Educational | Rehabilitation","Psychology, Educational"
EDUCATIONAL AND PSYCHOLOGICAL MEASUREMENT,0013-1644,1552-3888,"Psychology, Educational | Psychology, Mathematical","Psychology, Educational"
SOCIAL JUSTICE RESEARCH,0885-7466,1573-6725,"Psychology, Social | Sociology","Psychology, Social"
DEPRESSION AND ANXIETY,1091-4269,1520-6394,Psychiatry | Psychology,Psychology
JOURNAL OF APPLIED BEHAVIORAL SCIENCE,0021-8863,1552-6879,"Psychology, Applied | Management","Psychology, Applied"
APPLIED PSYCHOLOGICAL MEASUREMENT,0146-6216,1552-3497,"Social Sciences, Mathematical Methods | Psychology, Mathematical","Psychology, Mathematical"
PSYCHOLOGY OF CONSCIOUSNESS-THEORY RESEARCH AND PRACTICE,2326-5523,2326-5531,"Psychology, Experimental","Psychology, Experimental"
EMOTION,1528-3542,1931-1516,"Psychology, Experimental","Psychology, Experimental"
ASSESSMENT,1073-1911,1552-3489,"Psychology, Clinical","Psychology, Clinical"
ANNUAL REVIEW OF CLINICAL PSYCHOLOGY,1548-5943,1548-5951,Psychology,Psychology
INTERNATIONAL JOURNAL OF AEROSPACE PSYCHOLOGY,2472-1832,2472-1840,"Psychology, Applied","Psychology, Applied"
JOURNAL OF CHILD SEXUAL ABUSE,1053-8712,1547-0679,"Psychology, Clinical | Family Studies","Psychology, Clinical"
INTERNATIONAL JOURNAL OF GROUP PSYCHOTHERAPY,0020-7284,1943-2836,"Psychology, Clinical","Psychology, Clinical"
PSYCHOLOGICA BELGICA,0033-2879,0033-2879,"Psychology, Multidisciplinary","Psychology, Multidisciplinary"
EUROPEAN JOURNAL OF PSYCHOTRAUMATOLOGY,2000-8198,2000-8066,"Psychology, Clinical | Psychiatry","Psychology, Clinical"
COUNSELLING PSYCHOLOGY QUARTERLY,0951-5070,1469-3674,"Psychology, Applied","Psychology, Applied"
PSYCHOLOGY AND AGING,0882-7974,1939-1498,"Gerontology | Psychology, Development","Psychology, Development"
PSYCHOLOGICAL METHODS,1082-989X,1939-1463,"Psychology, Multidisciplinary","Psychology, Multidisciplinary"
CONTEMPORARY FAMILY THERAPY,0892-2764,1573-3335,"Psychology, Clinical","Psychology, Clinical"
FAMILY PROCESS,0014-7370,1545-5300,"Psychology, Clinical | Family Studies","Psychology, Clinical"
INTERNATIONAL JOURNAL OF AGING & HUMAN DEVELOPMENT,0091-4150,1541-3535,"Gerontology | Psychology, Development","Psychology, Development"
NEW ZEALAND JOURNAL OF PSYCHOLOGY,0112-109X,1179-7924,"Psychology, Multidisciplinary","Psychology, Multidisciplinary"
JOURNAL OF COLLEGE STUDENT DEVELOPMENT,0897-5264,1543-3382,"Education & Educational Research | Psychology, Applied","Psychology, Applied"
LEARNING & BEHAVIOR,1543-4494,1543-4508,"Psychology, Biological | Psychology, Experimental","Psychology, Biological"
AMERICAN BEHAVIORAL SCIENTIST,0002-7642,1552-3381,"Psychology, Clinical | Social Sciences, Interdisciplinary","Psychology, Clinical"
AUTISM,1362-3613,1461-7005,"Psychology, Development","Psychology, Development"
CLINICAL PSYCHOLOGY REVIEW,0272-7358,1873-7811,"Psychology, Clinical","Psychology, Clinical"
MUSICAE SCIENTIAE,1029-8649,2045-4147,"Psychology, Experimental","Psychology, Experimental"
JOURNAL OF THE INTERNATIONAL NEUROPSYCHOLOGICAL SOCIETY,1355-6177,1469-7661,Clinical Neurology | Neurosciences | Psychiatry | Psychology,Psychology
MEDIA PSYCHOLOGY,1521-3269,1532-785X,"Communication | Psychology, Applied","Psychology, Applied"
JOURNAL OF COGNITIVE PSYCHOTHERAPY,0889-8391,1938-887X,"Psychology, Clinical","Psychology, Clinical"
PSYCHOLOGY OF WOMEN QUARTERLY,0361-6843,1471-6402,"Psychology, Multidisciplinary | Women'S Studies","Psychology, Multidisciplinary"
INFANT MENTAL HEALTH JOURNAL,0163-9641,1097-0355,"Psychology, Development","Psychology, Development"
MEDITERRANEAN JOURNAL OF CLINICAL PSYCHOLOGY,2282-1619,2282-1619,"Psychology, Clinical","Psychology, Clinical"
JOURNAL OF MATHEMATICAL PSYCHOLOGY,0022-2496,1096-0880,"Social Sciences, Mathematical Methods | Psychology, Mathematical","Psychology, Mathematical"
JOURNAL OF CHILD & ADOLESCENT TRAUMA,1936-1521,1936-153X,"Family Studies | Social Work | Psychology, Clinical","Psychology, Clinical"
RIVISTA INTERNAZIONALE DI FILOSOFIA E PSICOLOGIA,2039-4667,2239-2629,"Philosophy | Psychology, Multidisciplinary","Psychology, Multidisciplinary"
CULTURE & PSYCHOLOGY,1354-067X,1461-7056,"Psychology, Multidisciplinary","Psychology, Multidisciplinary"
JOURNAL OF INDIVIDUAL DIFFERENCES,1614-0001,2151-2299,"Psychology, Social","Psychology, Social"
ANXIETY STRESS AND COPING,1061-5806,1477-2205,"Psychiatry | Psychology, Multidisciplinary","Psychology, Multidisciplinary"
PSYCHOLOGIST-MANAGER JOURNAL,1088-7156,1550-3461,"Psychology, Applied","Psychology, Applied"
SPIRITUALITY IN CLINICAL PRACTICE,2326-4500,2326-4519,"Psychology, Clinical","Psychology, Clinical"
INTERNATIONAL JOURNAL OF APPLIED PSYCHOANALYTIC STUDIES,1742-3341,1556-9187,"Psychology, Psychoanalysis","Psychology, Psychoanalysis"
BEHAVIOR AND SOCIAL ISSUES,1064-9506,2376-6786,"Psychology, Multidisciplinary","Psychology, Multidisciplinary"
JOURNAL OF PSYCHOACTIVE DRUGS,0279-1072,2159-9777,"Psychology, Clinical | Substance Abuse","Psychology, Clinical"
EARLY CHILDHOOD RESEARCH QUARTERLY,0885-2006,1873-7706,"Education & Educational Research | Psychology, Development","Psychology, Development"
AUTISM IN ADULTHOOD,2573-9581,2573-959X,"Psychology, Development | Rehabilitation","Psychology, Development"
JOURNAL OF COGNITIVE PSYCHOLOGY,2044-5911,2044-592X,"Psychology, Experimental","Psychology, Experimental"
PSYCHOLOGY OF SEXUAL ORIENTATION AND GENDER DIVERSITY,2329-0382,2329-0390,Psychology,Psychology
DEVELOPMENTAL PSYCHOBIOLOGY,0012-1630,1098-2302,Developmental Biology | Psychology,Psychology
BEHAVIOR GENETICS,0001-8244,1573-3297,"Psychology, Multidisciplinary","Psychology, Multidisciplinary"
JOURNAL OF POETRY THERAPY,0889-3675,1567-2344,"Psychology, Multidisciplinary","Psychology, Multidisciplinary"
COUNSELING PSYCHOLOGIST,0011-0000,1552-3861,"Psychology, Applied","Psychology, Applied"
LEARNING AND MOTIVATION,0023-9690,1095-9122,"Psychology, Biological | Psychology, Experimental","Psychology, Biological"
INTERNATIONAL JOURNAL OF PSYCHOLOGICAL RESEARCH,2011-7922,2011-2084,"Psychology, Multidisciplinary","Psychology, Multidisciplinary"
FRONTIERS IN HUMAN NEUROSCIENCE,1662-5161,1662-5161,Neurosciences | Psychology,Psychology
HEALTH PSYCHOLOGY,0278-6133,1930-7810,Psychology,Psychology
ZEITSCHRIFT FUR KLINISCHE PSYCHOLOGIE UND PSYCHOTHERAPIE,1616-3443,2190-6297,"Psychology, Clinical","Psychology, Clinical"
CHILD & FAMILY BEHAVIOR THERAPY,0731-7107,1545-228X,"Psychology, Clinical | Family Studies","Psychology, Clinical"
JOURNAL OF INTELLIGENCE,NA,2079-3200,"Psychology, Multidisciplinary","Psychology, Multidisciplinary"
PSYCHOLOGICAL REPORTS,0033-2941,1558-691X,"Psychology, Multidisciplinary","Psychology, Multidisciplinary"
COLLABRA-PSYCHOLOGY,2474-7394,2474-7394,"Psychology, Multidisciplinary","Psychology, Multidisciplinary"
DEVELOPMENTAL SCIENCE,1363-755X,1467-7687,"Psychology, Development | Psychology, Experimental","Psychology, Development"
NEW DIRECTIONS FOR CHILD AND ADOLESCENT DEVELOPMENT,1520-3247,1534-8687,"Psychology, Development | Sociology","Psychology, Development"
AGGRESSION AND VIOLENT BEHAVIOR,1359-1789,1873-6335,"Criminology & Penology | Psychology, Multidisciplinary","Psychology, Multidisciplinary"
JOURNAL OF CREATIVE BEHAVIOR,0022-0175,2162-6057,"Psychology, Educational","Psychology, Educational"
EMPIRICAL STUDIES OF THE ARTS,0276-2374,1541-4493,"Psychology, Multidisciplinary","Psychology, Multidisciplinary"
PASTORAL PSYCHOLOGY,0031-2789,1573-6679,"Psychology, Multidisciplinary | Religion","Psychology, Multidisciplinary"
JOURNAL OF NEUROLINGUISTICS,0911-6044,1873-8052,"Linguistics | Psychology, Experimental","Psychology, Experimental"
JOURNAL OF COGNITION AND DEVELOPMENT,1524-8372,1532-7647,"Psychology, Development | Psychology, Experimental","Psychology, Development"
JOURNAL OF CLINICAL PSYCHOLOGY,0021-9762,1097-4679,"Psychology, Clinical","Psychology, Clinical"
CONSCIOUSNESS AND COGNITION,1053-8100,1090-2376,"Psychology, Experimental","Psychology, Experimental"
AMERICAN INDIAN AND ALASKA NATIVE MENTAL HEALTH RESEARCH,1533-7731,1533-7731,"Psychology, Clinical","Psychology, Clinical"
JOURNAL OF LGBTQ ISSUES IN COUNSELING,1553-8605,1553-8338,"Psychology, Applied","Psychology, Applied"
PSYCHOTHERAPY,0033-3204,1939-1536,"Psychology, Clinical","Psychology, Clinical"
LANGUAGE AND PSYCHOANALYSIS,2049-324X,2049-324X,"Psychology, Psychoanalysis","Psychology, Psychoanalysis"
REHABILITATION PSYCHOLOGY,0090-5550,1939-1544,"Psychology, Clinical | Rehabilitation","Psychology, Clinical"
ANALYSES OF SOCIAL ISSUES AND PUBLIC POLICY,1529-7489,1530-2415,"Social Issues | Psychology, Social","Psychology, Social"
DEVELOPMENTAL REVIEW,0273-2297,1090-2406,"Psychology, Development","Psychology, Development"
ARTS IN PSYCHOTHERAPY,0197-4556,1873-5878,"Psychology, Clinical | Rehabilitation","Psychology, Clinical"
INTERNATIONAL JOURNAL OF COGNITIVE THERAPY,1937-1209,1937-1217,"Psychology, Clinical | Psychiatry","Psychology, Clinical"
GROUP DYNAMICS-THEORY RESEARCH AND PRACTICE,1089-2699,1930-7802,"Psychology, Social","Psychology, Social"
INTERNATIONAL JOURNAL OF PSYCHOPHYSIOLOGY,0167-8760,1872-7697,Neurosciences | Physiology | Psychology,Psychology
CREATIVITY RESEARCH JOURNAL,1040-0419,1532-6934,"Psychology, Educational | Psychology, Multidisciplinary","Psychology, Educational"
SCHOOL PSYCHOLOGY,2578-4218,2578-4226,"Psychology, Educational","Psychology, Educational"
JOURNAL OF HUMANISTIC PSYCHOLOGY,0022-1678,1552-650X,"Psychology, Multidisciplinary","Psychology, Multidisciplinary"
SMALL GROUP RESEARCH,1046-4964,1552-8278,"Psychology, Applied | Management | Psychology, Social","Psychology, Applied"
REVIEW OF PHILOSOPHY AND PSYCHOLOGY,1878-5158,1878-5166,"Psychology, Multidisciplinary","Psychology, Multidisciplinary"
JOURNAL OF EXPERIMENTAL PSYCHOLOGY-LEARNING MEMORY AND COGNITION,0278-7393,1939-1285,Psychology,Psychology
AIDS CARE-PSYCHOLOGICAL AND SOCIO-MEDICAL ASPECTS OF AIDS/HIV,0954-0121,1360-0451,"Health Policy & Services | Public, Environmental & Occupational Health | Psychology, Multidisciplinary | Social Sciences, Biomedical","Psychology, Multidisciplinary"
EVOLUTIONARY BEHAVIORAL SCIENCES,2330-2925,2330-2933,Behavioral Sciences | Psychology,Psychology
ORGANIZATIONAL BEHAVIOR AND HUMAN DECISION PROCESSES,0749-5978,1095-9920,"Psychology, Applied | Management | Psychology, Social","Psychology, Applied"
GROUP & ORGANIZATION MANAGEMENT,1059-6011,1552-3993,"Psychology, Applied | Management","Psychology, Applied"
JOURNAL OF RATIONAL-EMOTIVE AND COGNITIVE-BEHAVIOR THERAPY,0894-9085,1573-6563,"Psychology, Clinical","Psychology, Clinical"
CANADIAN JOURNAL OF CAREER DEVELOPMENT,1499-1845,1499-1853,"Psychology, Applied","Psychology, Applied"
ARCHIVES OF SUICIDE RESEARCH,1381-1118,1543-6136,"Psychiatry | Psychology, Multidisciplinary","Psychology, Multidisciplinary"
JOURNAL OF CONSUMER PSYCHOLOGY,1057-7408,1532-7663,"Business | Psychology, Applied","Psychology, Applied"
PSYCHOLOGICAL SCIENCE IN THE PUBLIC INTEREST,1529-1006,1539-6053,"Psychology, Multidisciplinary","Psychology, Multidisciplinary"
PSYCHOLOGY AND DEVELOPING SOCIETIES,0971-3336,0973-0761,"Psychology, Multidisciplinary","Psychology, Multidisciplinary"
INTERNATIONAL JOURNAL OF PLAY,2159-4937,2159-4953,"Education & Educational Research | Psychology, Multidisciplinary | Social Sciences, Interdisciplinary","Psychology, Multidisciplinary"
JOURNAL OF CHILD PSYCHOLOGY AND PSYCHIATRY,0021-9630,1469-7610,Psychiatry | Psychology,Psychology
HEALTH PSYCHOLOGY RESEARCH,2420-8124,2420-8124,"Psychology, Clinical","Psychology, Clinical"
PSYCHOANALYTIC PSYCHOTHERAPY,0266-8734,1474-9734,"Psychology, Psychoanalysis","Psychology, Psychoanalysis"
INTERNATIONAL JOURNAL FOR THE ADVANCEMENT OF COUNSELLING,0165-0653,1573-3246,"Psychology, Applied","Psychology, Applied"
PSYCHOLOGY OF VIOLENCE,2152-0828,2152-081X,"Psychology, Clinical | Criminology & Penology | Family Studies","Psychology, Clinical"
JOURNAL OF CAREER ASSESSMENT,1069-0727,1552-4590,"Psychology, Applied","Psychology, Applied"
JOURNAL OF EXPERIMENTAL PSYCHOLOGY-ANIMAL LEARNING AND COGNITION,2329-8456,2329-8464,Behavioral Sciences | Psychology | Zoology,Psychology | Zoology
NEUROPSYCHOLOGIA,0028-3932,1873-3514,"Psychology, Experimental","Psychology, Experimental"
JOURNAL OF GAY & LESBIAN MENTAL HEALTH,1935-9705,1935-9713,"Psychology, Clinical | Psychiatry","Psychology, Clinical"
READING RESEARCH QUARTERLY,0034-0553,1936-2722,"Education & Educational Research | Psychology, Educational","Psychology, Educational"
INDIAN JOURNAL OF PSYCHOLOGICAL MEDICINE,0253-7176,0975-1564,Psychology,Psychology
JOURNAL OF POSITIVE BEHAVIOR INTERVENTIONS,1098-3007,1538-4772,"Psychology, Clinical | Education, Special","Psychology, Clinical"
INTERNATIONAL JOURNAL OF INTERCULTURAL RELATIONS,0147-1767,1873-7552,"Psychology, Social | Social Sciences, Interdisciplinary | Sociology","Psychology, Social"
JOURNAL OF PERSONALITY AND SOCIAL PSYCHOLOGY,0022-3514,1939-1315,"Psychology, Social","Psychology, Social"
LANGUAGE AND COGNITION,1866-9808,1866-9859,"Linguistics | Psychology, Experimental","Psychology, Experimental"
GIFTED CHILD QUARTERLY,0016-9862,1934-9041,"Education, Special | Psychology, Educational","Psychology, Educational"
REVISTA DE PSICOLOGIA DEL DEPORTE,1132-239X,1988-5636,"Psychology, Applied","Psychology, Applied"
JOURNAL OF PREVENTION & INTERVENTION IN THE COMMUNITY,1085-2352,1540-7330,"Psychology, Multidisciplinary","Psychology, Multidisciplinary"
JOURNAL OF EXPERIMENTAL PSYCHOLOGY-HUMAN PERCEPTION AND PERFORMANCE,0096-1523,1939-1277,Psychology,Psychology
JOURNAL OF COMMUNITY PSYCHOLOGY,0090-4392,1520-6629,"Public, Environmental & Occupational Health | Psychology, Multidisciplinary | Social Work","Psychology, Multidisciplinary"
JOURNAL OF THE AMERICAN ACADEMY OF CHILD AND ADOLESCENT PSYCHIATRY,0890-8567,1527-5418,"Psychiatry | Psychology, Development","Psychology, Development"
JOURNAL OF SEX & MARITAL THERAPY,0092-623X,1521-0715,"Psychology, Clinical | Family Studies","Psychology, Clinical"
CLINICAL PSYCHOLOGY & PSYCHOTHERAPY,1063-3995,1099-0879,"Psychology, Clinical","Psychology, Clinical"
PSYCHONOMIC BULLETIN & REVIEW,1069-9384,1531-5320,"Psychology, Mathematical | Psychology, Experimental","Psychology, Mathematical"
ADVANCES IN METHODS AND PRACTICES IN PSYCHOLOGICAL SCIENCE,2515-2459,2515-2467,Psychology,Psychology
SOCIAL INFLUENCE,1553-4510,1553-4529,"Psychology, Social","Psychology, Social"
JOURNAL OF NEUROPSYCHOLOGY,1748-6645,1748-6653,Psychology,Psychology
CLINICAL PSYCHOLOGICAL SCIENCE,2167-7026,2167-7034,Psychiatry | Psychology,Psychology
JOURNAL OF LOSS & TRAUMA,1532-5024,1532-5032,"Psychology, Social","Psychology, Social"
RESEARCH QUARTERLY FOR EXERCISE AND SPORT,0270-1367,2168-3824,Psychology | Sport Sciences,Psychology | Sport
CRIMINAL JUSTICE AND BEHAVIOR,0093-8548,1552-3594,"Psychology, Clinical | Criminology & Penology","Psychology, Clinical"
JOURNAL OF CLINICAL SPORT PSYCHOLOGY,1932-9261,1932-927X,"Psychology, Applied","Psychology, Applied"
NEUROSCIENCE OF CONSCIOUSNESS,NA,2057-2107,"Psychology, Biological","Psychology, Biological"
PROPOSITOS Y REPRESENTACIONES,2307-7999,2310-4635,"Psychology, Educational","Psychology, Educational"
PSYCHOLOGICAL SERVICES,1541-1559,1939-148X,"Psychology, Clinical","Psychology, Clinical"
PSYCHOSOMATIC MEDICINE,0033-3174,1534-7796,Psychiatry | Psychology,Psychology
JOURNAL OF DIVERSITY IN HIGHER EDUCATION,1938-8926,1938-8934,"Education & Educational Research | Psychology, Educational | Psychology, Social","Psychology, Educational"
HEALTH PSYCHOLOGY REVIEW,1743-7199,1743-7202,"Psychology, Clinical","Psychology, Clinical"
INTERNATIONAL JOURNAL FOR EDUCATIONAL AND VOCATIONAL GUIDANCE,1873-0388,1573-1782,"Education & Educational Research | Psychology, Applied","Psychology, Applied"
JOURNAL OF PSYCHOEDUCATIONAL ASSESSMENT,0734-2829,1557-5144,"Psychology, Educational","Psychology, Educational"
JOURNAL OF COLLEGE STUDENT PSYCHOTHERAPY,8756-8225,1540-4730,"Psychology, Applied","Psychology, Applied"
REVIEW OF GENERAL PSYCHOLOGY,1089-2680,1939-1552,"Psychology, Multidisciplinary","Psychology, Multidisciplinary"
QUARTERLY JOURNAL OF EXPERIMENTAL PSYCHOLOGY,1747-0218,1747-0226,Physiology | Psychology,Psychology
AUSTRALIAN JOURNAL OF CAREER DEVELOPMENT,1038-4162,2200-6974,"Psychology, Applied","Psychology, Applied"
AMERICAN JOURNAL OF PSYCHOLOGY,0002-9556,1939-8298,"Psychology, Multidisciplinary","Psychology, Multidisciplinary"
JOURNAL OF EXPERIMENTAL PSYCHOLOGY-APPLIED,1076-898X,1939-2192,"Psychology, Applied","Psychology, Applied"
CLINICAL PRACTICE IN PEDIATRIC PSYCHOLOGY,2169-4826,2169-4834,"Psychology, Clinical | Psychology, Development","Psychology, Clinical"
JOURNAL OF ADOLESCENT HEALTH,1054-139X,1879-1972,"Public, Environmental & Occupational Health | Psychology, Development","Psychology, Development"
CURRENT PSYCHOLOGY,1046-1310,1936-4733,"Psychology, Multidisciplinary","Psychology, Multidisciplinary"
AUTISM RESEARCH,1939-3792,1939-3806,"Psychology, Development","Psychology, Development"
METACOGNITION AND LEARNING,1556-1623,1556-1631,"Education & Educational Research | Psychology, Educational","Psychology, Educational"
LEADERSHIP QUARTERLY,1048-9843,1873-3409,"Psychology, Applied | Management","Psychology, Applied"
INSTRUCTIONAL SCIENCE,0020-4277,1573-1952,"Education & Educational Research | Psychology, Educational","Psychology, Educational"
BASIC AND APPLIED SOCIAL PSYCHOLOGY,0197-3533,1532-4834,"Psychology, Social","Psychology, Social"
BIOPSYCHOSOCIAL MEDICINE,1751-0759,1751-0759,"Psychiatry | Psychology, Multidisciplinary","Psychology, Multidisciplinary"
JOURNAL OF PEDIATRIC PSYCHOLOGY,0146-8693,1465-735X,"Psychology, Development","Psychology, Development"
JOURNAL OF APPLIED BEHAVIOR ANALYSIS,0021-8855,1938-3703,"Psychology, Clinical","Psychology, Clinical"
PSYART JOURNAL-ONLINE JOURNAL FOR THE PSYCHOLOGICAL STUDY OF THE ARTS,NA,1088-5870,"Psychology, Multidisciplinary","Psychology, Multidisciplinary"
JOURNAL OF MENTAL HEALTH,0963-8237,1360-0567,"Psychology, Clinical","Psychology, Clinical"
MEMORY,0965-8211,1464-0686,"Psychology, Experimental","Psychology, Experimental"
PSYCHOLOGY OF ADDICTIVE BEHAVIORS,0893-164X,1939-1501,"Substance Abuse | Psychology, Multidisciplinary","Psychology, Multidisciplinary"
JOURNAL OF THE EXPERIMENTAL ANALYSIS OF BEHAVIOR,0022-5002,1938-3711,"Psychology, Biological | Psychology, Experimental","Psychology, Biological"
PSYCHOLOGY & HEALTH,0887-0446,1476-8321,"Public, Environmental & Occupational Health | Psychology, Multidisciplinary","Psychology, Multidisciplinary"
NEGOTIATION AND CONFLICT MANAGEMENT RESEARCH,1750-4708,1750-4716,"Psychology, Applied | Management","Psychology, Applied"
BILINGUALISM-LANGUAGE AND COGNITION,1366-7289,1469-1841,"Linguistics | Psychology, Experimental","Psychology, Experimental"
SOCIAL PSYCHOLOGY OF EDUCATION,1381-2890,1573-1928,"Psychology, Educational","Psychology, Educational"
I-PERCEPTION,2041-6695,2041-6695,"Psychology, Experimental","Psychology, Experimental"
PSYCHOSIS-PSYCHOLOGICAL SOCIAL AND INTEGRATIVE APPROACHES,1752-2439,1752-2447,"Psychology, Clinical | Psychiatry","Psychology, Clinical"
JOURNAL OF APPLIED RESEARCH IN INTELLECTUAL DISABILITIES,1360-2322,1468-3148,"Psychology, Educational | Rehabilitation","Psychology, Educational"
JOURNAL OF NEUROSCIENCE PSYCHOLOGY AND ECONOMICS,1937-321X,2151-318X,"Economics | Psychology, Multidisciplinary","Psychology, Multidisciplinary"
CLINICA Y SALUD,1130-5274,2174-0550,"Psychology, Clinical","Psychology, Clinical"
PSYCHOLOGICAL SCIENCE,0956-7976,1467-9280,"Psychology, Multidisciplinary","Psychology, Multidisciplinary"
PSYCHOLOGY OF MEN & MASCULINITIES,1524-9220,1939-151X,"Psychology, Social","Psychology, Social"
PSYCHOLOGY PUBLIC POLICY AND LAW,1076-8971,1939-1528,"Health Policy & Services | Law | Psychology, Multidisciplinary","Psychology, Multidisciplinary"
JOURNAL OF MOTOR BEHAVIOR,0022-2895,1940-1027,Neurosciences | Psychology | Sport Sciences,Psychology | Sport
JOURNAL OF THE AMERICAN PSYCHOANALYTIC ASSOCIATION,0003-0651,1941-2460,"Psychiatry | Psychology, Psychoanalysis","Psychology, Psychoanalysis"
JOURNAL OF EMPLOYMENT COUNSELING,0022-0787,2161-1920,"Psychology, Applied","Psychology, Applied"
INTERNATIONAL JOURNAL OF TRANSGENDER HEALTH,2689-5269,2689-5277,"Public, Environmental & Occupational Health | Psychology, Clinical | Social Sciences, Interdisciplinary | Social Sciences, Biomedical","Psychology, Clinical"
JOURNAL OF EXPERIMENTAL PSYCHOPATHOLOGY,NA,2043-8087,"Psychology, Clinical | Psychiatry","Psychology, Clinical"
LEARNING AND INDIVIDUAL DIFFERENCES,1041-6080,1873-3425,"Psychology, Educational","Psychology, Educational"
JOURNAL OF MANAGEMENT,0149-2063,1557-1211,"Business | Psychology, Applied | Management","Psychology, Applied"
SOCIAL PSYCHOLOGY,1864-9335,2151-2590,"Psychology, Social","Psychology, Social"
SCANDINAVIAN JOURNAL OF PSYCHOLOGY,0036-5564,1467-9450,"Psychology, Multidisciplinary","Psychology, Multidisciplinary"
ADAPTIVE BEHAVIOR,1059-7123,1741-2633,"Psychology, Experimental | Social Sciences, Interdisciplinary","Psychology, Experimental"
PSYCHOANALYTIC INQUIRY,0735-1690,1940-9133,"Psychology, Psychoanalysis","Psychology, Psychoanalysis"
CURRENT OPINION IN PSYCHOLOGY,2352-250X,2352-2518,"Psychology, Multidisciplinary","Psychology, Multidisciplinary"
PSICOLOGICA,0211-2159,1576-8597,"Psychology, Experimental","Psychology, Experimental"
CLINICAL CHILD AND FAMILY PSYCHOLOGY REVIEW,1096-4037,1573-2827,"Psychology, Clinical","Psychology, Clinical"
JOURNAL OF OCCUPATIONAL AND ORGANIZATIONAL PSYCHOLOGY,0963-1798,2044-8325,"Psychology, Applied | Management","Psychology, Applied"
EVOLUTIONARY PSYCHOLOGY,1474-7049,1474-7049,"Psychology, Experimental","Psychology, Experimental"
JOURNAL OF TRAUMATIC STRESS,0894-9867,1573-6598,"Psychology, Clinical | Psychiatry","Psychology, Clinical"
PARENTING-SCIENCE AND PRACTICE,1529-5192,1532-7922,"Family Studies | Psychology, Development","Psychology, Development"
COGNITIVE BEHAVIOUR THERAPIST,1754-470X,1754-470X,"Psychology, Clinical","Psychology, Clinical"
MIND & LANGUAGE,0268-1064,1468-0017,"Linguistics | Psychology, Experimental","Psychology, Experimental"
PEACE AND CONFLICT-JOURNAL OF PEACE PSYCHOLOGY,1078-1919,1532-7949,"Psychology, Social","Psychology, Social"
PSYCHOLOGY LEARNING AND TEACHING-PLAT,1475-7257,1475-7257,"Psychology, Multidisciplinary","Psychology, Multidisciplinary"
BEHAVIOUR CHANGE,0813-4839,2049-7768,"Psychology, Clinical","Psychology, Clinical"
APPLIED PSYCHOLINGUISTICS,0142-7164,1469-1817,"Linguistics | Psychology, Experimental","Psychology, Experimental"
DEVELOPMENTAL NEUROPSYCHOLOGY,8756-5641,1532-6942,Psychology,Psychology
AMERICAN JOURNAL OF DRUG AND ALCOHOL ABUSE,0095-2990,1097-9891,"Substance Abuse | Psychology, Clinical","Psychology, Clinical"
JOURNAL OF PSYCHOSOCIAL ONCOLOGY,0734-7332,1540-7586,"Psychology, Social","Psychology, Social"
RESEARCH IN AUTISM SPECTRUM DISORDERS,1750-9467,1878-0237,"Education, Special | Psychology, Development | Psychiatry | Rehabilitation","Psychology, Development"
JOURNAL OF YOUTH DEVELOPMENT,2325-4017,2325-4017,"Psychology, Development","Psychology, Development"
COGNITIVE PROCESSING,1612-4782,1612-4790,"Psychology, Experimental","Psychology, Experimental"
SCHOOL MENTAL HEALTH,1866-2625,1866-2633,"Psychology, Educational | Psychology, Development","Psychology, Educational"
CONTEMPORARY PSYCHOANALYSIS,0010-7530,2330-9091,"Psychiatry | Psychology, Psychoanalysis","Psychology, Psychoanalysis"
ARCHIVES OF SEXUAL BEHAVIOR,0004-0002,1573-2800,"Psychology, Clinical | Social Sciences, Interdisciplinary","Psychology, Clinical"
PSYCHODYNAMIC PRACTICE,1475-3634,1475-3626,"Psychology, Clinical | Psychology, Psychoanalysis","Psychology, Clinical"
CURRENT ISSUES IN PERSONALITY PSYCHOLOGY,2353-4192,2353-561X,"Psychology, Social","Psychology, Social"
JOURNAL OF PSYCHOLOGY,0022-3980,1940-1019,"Psychology, Multidisciplinary","Psychology, Multidisciplinary"
EUROPEAN JOURNAL OF PSYCHOTHERAPY & COUNSELLING,1364-2537,1469-5901,"Psychology, Clinical","Psychology, Clinical"
REVISTA COSTARRICENSE DE PSICOLOGIA,0257-1439,1659-2913,"Psychology, Multidisciplinary","Psychology, Multidisciplinary"
AMERICAN JOURNAL OF CLINICAL HYPNOSIS,0002-9157,2160-0562,"Psychology, Clinical","Psychology, Clinical"
PSYCHOMUSICOLOGY,0275-3987,2162-1535,"Music | Psychology, Experimental","Psychology, Experimental"
APPLIED DEVELOPMENTAL SCIENCE,1088-8691,1532-480X,"Psychology, Development","Psychology, Development"
JOURNAL OF ENVIRONMENTAL PSYCHOLOGY,0272-4944,1522-9610,"Environmental Studies | Psychology, Multidisciplinary","Psychology, Multidisciplinary"
JOURNAL OF RESEARCH ON ADOLESCENCE,1050-8392,1532-7795,"Family Studies | Psychology, Development","Psychology, Development"
BRITISH JOURNAL OF GUIDANCE & COUNSELLING,0306-9885,1469-3534,"Psychology, Applied","Psychology, Applied"
FIRST LANGUAGE,0142-7237,1740-2344,"Psychology, Development | Linguistics","Psychology, Development"
CHILD AND ADOLESCENT MENTAL HEALTH,1475-357X,1475-3588,"Psychiatry | Psychology, Clinical","Psychology, Clinical"
AGING NEUROPSYCHOLOGY AND COGNITION,1382-5585,1744-4128,"Psychology, Development | Psychology, Experimental","Psychology, Development"
JOURNAL OF EATING DISORDERS,2050-2974,2050-2974,"Psychology, Clinical","Psychology, Clinical"
PSYCHOLOGY RESEARCH AND BEHAVIOR MANAGEMENT,1179-1578,1179-1578,"Psychology, Clinical | Psychology, Multidisciplinary","Psychology, Clinical"
APPLIED NEUROPSYCHOLOGY-ADULT,2327-9095,2327-9109,Clinical Neurology | Psychology,Psychology
JOURNAL OF MULTICULTURAL COUNSELING AND DEVELOPMENT,0883-8534,2161-1912,"Psychology, Applied","Psychology, Applied"
BEHAVIORAL SCIENCES,NA,2076-328X,"Psychology, Multidisciplinary","Psychology, Multidisciplinary"
INTERNATIONAL JOURNAL OF SYSTEMIC THERAPY,2692-398X,2692-3998,"Psychology, Clinical","Psychology, Clinical"
INTERNATIONAL JOURNAL OF SELECTION AND ASSESSMENT,0965-075X,1468-2389,"Psychology, Applied | Management","Psychology, Applied"
JOURNAL OF CROSS-CULTURAL PSYCHOLOGY,0022-0221,1552-5422,"Psychology, Social","Psychology, Social"
JOURNALS OF GERONTOLOGY SERIES B-PSYCHOLOGICAL SCIENCES AND SOCIAL SCIENCES,1079-5014,1758-5368,Geriatrics & Gerontology | Psychology,Psychology
STRESS AND HEALTH,1532-3005,1532-2998,Psychiatry | Psychology,Psychology
WILEY INTERDISCIPLINARY REVIEWS-COGNITIVE SCIENCE,1939-5078,1939-5086,"Psychology, Experimental","Psychology, Experimental"
EXPERIMENTAL AND CLINICAL PSYCHOPHARMACOLOGY,1064-1297,1936-2293,"Psychology, Biological | Psychology, Clinical","Psychology, Biological"
INTERNATIONAL JOURNAL OF EATING DISORDERS,0276-3478,1098-108X,Nutrition & Dietetics | Psychiatry | Psychology,Psychology
PSICODEBATE-PSICOLOGIA CULTURA Y SOCIEDAD,1515-2251,2451-6600,"Psychology, Multidisciplinary","Psychology, Multidisciplinary"
ERGONOMICS,0014-0139,1366-5847,"Engineering, Industrial | Psychology",Psychology
AMERICAN JOURNAL OF PSYCHOTHERAPY,0002-9564,2575-6559,"Psychology, Clinical","Psychology, Clinical"
TOPICS IN COGNITIVE SCIENCE,1756-8757,1756-8765,"Psychology, Experimental","Psychology, Experimental"
DEATH STUDIES,0748-1187,1091-7683,"Psychology, Multidisciplinary | Social Issues | Social Sciences, Biomedical","Psychology, Multidisciplinary"
JOURNAL OF CHILD PSYCHOTHERAPY,0075-417X,1469-9370,"Psychology, Clinical","Psychology, Clinical"
TRENDS IN COGNITIVE SCIENCES,1364-6613,1879-307X,"Psychology, Experimental","Psychology, Experimental"
JOURNAL OF CONSTRUCTIVIST PSYCHOLOGY,1072-0537,1521-0650,"Psychology, Clinical","Psychology, Clinical"
AVANCES EN PSICOLOGIA LATINOAMERICANA,1794-4724,2145-4515,Psychology,Psychology
PSYCHOLOGY IN RUSSIA-STATE OF THE ART,2074-6857,2307-2202,"Psychology, Multidisciplinary","Psychology, Multidisciplinary"
COUNSELLING & PSYCHOTHERAPY RESEARCH,1473-3145,1746-1405,"Psychology, Clinical","Psychology, Clinical"
PSYCHOLOGY OF AESTHETICS CREATIVITY AND THE ARTS,1931-3896,1931-390X,"Psychology, Experimental","Psychology, Experimental"
PSYCHOLOGY AND PSYCHOTHERAPY-THEORY RESEARCH AND PRACTICE,1476-0835,2044-8341,Psychiatry | Psychology,Psychology
SOUTH AFRICAN JOURNAL OF PSYCHOLOGY,0081-2463,2078-208X,"Psychology, Multidisciplinary","Psychology, Multidisciplinary"
JOURNAL OF ORGANIZATIONAL BEHAVIOR MANAGEMENT,0160-8061,1540-8604,"Psychology, Applied | Management","Psychology, Applied"
RESEARCH ON LANGUAGE AND SOCIAL INTERACTION,0835-1813,1532-7973,"Communication | Linguistics | Psychology, Social","Psychology, Social"
JOURNAL OF PSYCHOPATHOLOGY AND BEHAVIORAL ASSESSMENT,0882-2689,1573-3505,"Psychology, Clinical","Psychology, Clinical"
BEHAVIORAL INTERVENTIONS,1072-0847,1099-078X,"Psychology, Clinical","Psychology, Clinical"
BEHAVIOR ANALYSIS IN PRACTICE,1998-1929,2196-8934,"Psychology, Clinical","Psychology, Clinical"
PAPELES DEL PSICOLOGO,0214-7823,1886-1415,"Psychology, Multidisciplinary","Psychology, Multidisciplinary"
PSYCHOLOGICAL INQUIRY,1047-840X,1532-7965,"Psychology, Multidisciplinary","Psychology, Multidisciplinary"
JOURNAL OF THE LEARNING SCIENCES,1050-8406,1532-7809,"Education & Educational Research | Psychology, Educational","Psychology, Educational"
WORK AND STRESS,0267-8373,1464-5335,"Psychology, Applied","Psychology, Applied"
JOURNAL OF VOCATIONAL BEHAVIOR,0001-8791,1095-9084,"Psychology, Applied","Psychology, Applied"
JOURNAL OF LATINX PSYCHOLOGY,2578-8086,2578-8094,"Psychology, Clinical | Psychology, Development | Psychology, Multidisciplinary | Psychology, Social","Psychology, Clinical"
LEGAL AND CRIMINOLOGICAL PSYCHOLOGY,1355-3259,2044-8333,"Criminology & Penology | Law | Psychology, Multidisciplinary","Psychology, Multidisciplinary"
PSYCHOLOGICAL RECORD,0033-2933,2163-3452,"Psychology, Multidisciplinary","Psychology, Multidisciplinary"
COUNSELOR EDUCATION AND SUPERVISION,0011-0035,1556-6978,"Psychology, Applied","Psychology, Applied"
MOTIVATION SCIENCE,2333-8113,2333-8121,"Psychology, Multidisciplinary","Psychology, Multidisciplinary"
JOURNAL OF MANAGERIAL PSYCHOLOGY,0268-3946,1758-7778,"Psychology, Applied | Management","Psychology, Applied"
PSYCHOANALYSIS AND HISTORY,1460-8235,1755-201X,"History | History Of Social Sciences | Psychology, Psychoanalysis","Psychology, Psychoanalysis"
HISTORY OF PSYCHOLOGY,1093-4510,1939-0610,"History Of Social Sciences | Psychology, Multidisciplinary","Psychology, Multidisciplinary"
AGGRESSIVE BEHAVIOR,0096-140X,1098-2337,"Psychology, Multidisciplinary","Psychology, Multidisciplinary"
PSYCHOLOGICAL PERSPECTIVES-A QUARTERLY JOURNAL OF JUNGIAN THOUGHT,0033-2925,1556-3030,"Psychology, Psychoanalysis","Psychology, Psychoanalysis"
NEUROPSYCHOLOGICAL REHABILITATION,0960-2011,1464-0694,Neurosciences | Psychology,Psychology
AMERICAN JOURNAL OF DANCE THERAPY,0146-3721,1573-3262,"Psychology, Multidisciplinary","Psychology, Multidisciplinary"
NEUROCASE,1355-4794,1465-3656,Clinical Neurology | Psychiatry | Psychology,Psychology
ARQUIVOS BRASILEROS DE PSICOLOGIA,1809-5267,1809-5267,"Psychology, Multidisciplinary","Psychology, Multidisciplinary"
JOURNAL OF COGNITIVE EDUCATION AND PSYCHOLOGY,1945-8959,1810-7621,"Psychology, Educational","Psychology, Educational"
FEMINISM & PSYCHOLOGY,0959-3535,1461-7161,"Psychology, Multidisciplinary | Women'S Studies","Psychology, Multidisciplinary"
JOURNAL OF THEORETICAL AND PHILOSOPHICAL PSYCHOLOGY,1068-8471,2151-3341,"Psychology, Multidisciplinary","Psychology, Multidisciplinary"
ENVIRONMENT AND BEHAVIOR,0013-9165,1552-390X,"Environmental Studies | Psychology, Multidisciplinary","Psychology, Multidisciplinary"
REVISTA CLINICA CONTEMPORANEA,1989-9912,1989-9912,"Psychology, Clinical","Psychology, Clinical"
JOURNAL OF INVESTIGATIVE PSYCHOLOGY AND OFFENDER PROFILING,1544-4759,1544-4767,"Criminology & Penology | Psychology, Applied","Psychology, Applied"
INTERNATIONAL JOURNAL OF BEHAVIORAL MEDICINE,1070-5503,1532-7558,"Psychology, Clinical","Psychology, Clinical"
JOURNAL OF MEASUREMENT AND EVALUATION IN EDUCATION AND PSYCHOLOGY-EPOD,1309-6575,1309-6575,"Psychology, Educational","Psychology, Educational"
EXPERIMENTAL AGING RESEARCH,0361-073X,1096-4657,Geriatrics & Gerontology | Psychology,Psychology
THEORY & PSYCHOLOGY,0959-3543,1461-7447,"Psychology, Multidisciplinary","Psychology, Multidisciplinary"
ASIAN JOURNAL OF SOCIAL PSYCHOLOGY,1367-2223,1467-839X,"Psychology, Social","Psychology, Social"
HUMAN RESOURCE MANAGEMENT,0090-4848,1099-050X,"Psychology, Applied | Management","Psychology, Applied"
PERSON-CENTERED AND EXPERIENTIAL PSYCHOTHERAPIES,1477-9757,1752-9182,"Psychology, Clinical","Psychology, Clinical"
JOURNAL OF BLACK PSYCHOLOGY,0095-7984,1552-4558,"Psychology, Multidisciplinary","Psychology, Multidisciplinary"
JOURNAL OF APPLIED PSYCHOLOGY,0021-9010,1939-1854,"Psychology, Applied | Management","Psychology, Applied"
ECOPSYCHOLOGY,1942-9347,1942-9347,"Psychology, Multidisciplinary","Psychology, Multidisciplinary"
PSYCHOLOGICAL RESEARCH-PSYCHOLOGISCHE FORSCHUNG,0340-0727,1430-2772,"Psychology, Experimental","Psychology, Experimental"
NEUROPSYCHOBIOLOGY,0302-282X,1423-0224,Neurosciences | Psychiatry | Psychology,Psychology
PSYCHOMETRIKA,0033-3123,1860-0980,"Social Sciences, Mathematical Methods | Psychology, Mathematical","Psychology, Mathematical"
GROUP PROCESSES & INTERGROUP RELATIONS,1368-4302,1461-7188,"Psychology, Social","Psychology, Social"
EXPERIMENTAL PSYCHOLOGY,1618-3169,2190-5142,"Psychology, Experimental","Psychology, Experimental"
JOURNAL OF EDUCATIONAL PSYCHOLOGY,0022-0663,1939-2176,"Psychology, Educational","Psychology, Educational"
JOURNAL OF GENERAL PSYCHOLOGY,0022-1309,1940-0888,"Psychology, Multidisciplinary","Psychology, Multidisciplinary"
JOURNAL OF AUTISM AND DEVELOPMENTAL DISORDERS,0162-3257,1573-3432,"Psychology, Development","Psychology, Development"
EMOTION REVIEW,1754-0739,1754-0747,"Psychology, Multidisciplinary","Psychology, Multidisciplinary"
JOURNAL OF SEX RESEARCH,0022-4499,1559-8519,"Psychology, Clinical | Social Sciences, Interdisciplinary","Psychology, Clinical"
INTERNATIONAL JOURNAL OF HUMAN-COMPUTER STUDIES,1071-5819,1095-9300,"Ergonomics | Psychology, Multidisciplinary","Psychology, Multidisciplinary"
JOURNAL OF CLINICAL CHILD AND ADOLESCENT PSYCHOLOGY,1537-4416,1537-4424,"Psychology, Clinical | Psychology, Development","Psychology, Clinical"
CHILD & YOUTH CARE FORUM,1053-1890,1573-3319,"Psychology, Development","Psychology, Development"
JOURNAL OF YOUTH AND ADOLESCENCE,0047-2891,1573-6601,"Psychology, Development","Psychology, Development"
COGNITIVE RESEARCH-PRINCIPLES AND IMPLICATIONS,2365-7464,2365-7464,"Psychology, Experimental","Psychology, Experimental"
SELF AND IDENTITY,1529-8868,1529-8876,"Psychology, Social","Psychology, Social"
JOURNAL FOR SPECIALISTS IN GROUP WORK,0193-3922,1549-6295,"Psychology, Clinical","Psychology, Clinical"
CONTEMPORARY EDUCATIONAL PSYCHOLOGY,0361-476X,1090-2384,"Psychology, Educational","Psychology, Educational"
JOURNAL OF EXPERIMENTAL SOCIAL PSYCHOLOGY,0022-1031,1096-0465,"Psychology, Social","Psychology, Social"
DEVELOPMENT AND PSYCHOPATHOLOGY,0954-5794,1469-2198,"Psychology, Development","Psychology, Development"
PSIHOLOGIJSKE TEME,1332-0742,1849-0395,"Psychology, Multidisciplinary","Psychology, Multidisciplinary"
AUSTRALIAN PSYCHOLOGIST,0005-0067,1742-9544,"Psychology, Multidisciplinary","Psychology, Multidisciplinary"
SOCIAL NEUROSCIENCE,1747-0919,1747-0927,Neurosciences | Psychology,Psychology
EATING DISORDERS,1064-0266,1532-530X,Psychiatry | Psychology,Psychology
INTERNATIONAL JOURNAL FOR THE PSYCHOLOGY OF RELIGION,1050-8619,1532-7582,"Psychology, Multidisciplinary","Psychology, Multidisciplinary"
BRITISH JOURNAL OF PSYCHOLOGY,0007-1269,2044-8295,"Psychology, Multidisciplinary","Psychology, Multidisciplinary"
JOURNAL OF COUNSELING AND DEVELOPMENT,0748-9633,1556-6676,"Psychology, Applied","Psychology, Applied"
INTERNATIONAL JOURNAL OF SOCIAL PSYCHOLOGY,0213-4748,1579-3680,"Psychology, Social","Psychology, Social"
EUROPEAN EATING DISORDERS REVIEW,1072-4133,1099-0968,"Psychology, Clinical","Psychology, Clinical"
HEALTH PSYCHOLOGY OPEN,NA,2055-1029,"Psychology, Clinical","Psychology, Clinical"
MILITARY PSYCHOLOGY,0899-5605,1532-7876,"Psychology, Multidisciplinary","Psychology, Multidisciplinary"
BODY MOVEMENT AND DANCE IN PSYCHOTHERAPY,1743-2979,1743-2987,"Psychology, Clinical","Psychology, Clinical"
JOURNAL OF CLASSIFICATION,0176-4268,1432-1343,"Psychology, Mathematical","Psychology, Mathematical"
JOURNAL OF CREATIVITY IN MENTAL HEALTH,1540-1383,1540-1391,"Psychology, Clinical","Psychology, Clinical"
JOURNAL OF SOCIAL PSYCHOLOGY,0022-4545,1940-1183,"Psychology, Social","Psychology, Social"
JOURNAL OF BEHAVIOR THERAPY AND EXPERIMENTAL PSYCHIATRY,0005-7916,1873-7943,"Psychology, Clinical | Psychiatry","Psychology, Clinical"
RESEARCH IN ORGANIZATIONAL BEHAVIOR,0191-3085,0191-3085,"Psychology, Applied | Management","Psychology, Applied"
CYBERPSYCHOLOGY-JOURNAL OF PSYCHOSOCIAL RESEARCH ON CYBERSPACE,1802-7962,1802-7962,"Communication | Psychology, Multidisciplinary","Psychology, Multidisciplinary"
LANGUAGE AND SPEECH,0023-8309,1756-6053,"Linguistics | Psychology, Experimental","Psychology, Experimental"
LATERALITY,1357-650X,1464-0678,"Psychology, Multidisciplinary | Psychology, Experimental","Psychology, Multidisciplinary"
JOURNAL OF SOCIAL AND PERSONAL RELATIONSHIPS,0265-4075,1460-3608,"Communication | Family Studies | Psychology, Social","Psychology, Social"
INTEGRATIVE PSYCHOLOGICAL AND BEHAVIORAL SCIENCE,1932-4502,1936-3567,"Psychology, Biological","Psychology, Biological"
INFANT BEHAVIOR & DEVELOPMENT,0163-6383,1879-0453,"Psychology, Development","Psychology, Development"
REVISTA DE PSICOLOGIA PUCP,0254-9247,2223-3733,"Psychology, Multidisciplinary","Psychology, Multidisciplinary"
EUROPEAN JOURNAL OF HEALTH PSYCHOLOGY,2512-8442,2512-8450,"Psychology, Clinical","Psychology, Clinical"
HUMAN DEVELOPMENT,0018-716X,1423-0054,"Psychology, Development","Psychology, Development"
SOCIAL COGNITIVE AND AFFECTIVE NEUROSCIENCE,1749-5016,1749-5024,Neurosciences | Psychology,Psychology
ANALYSIS OF VERBAL BEHAVIOR,0889-9401,2196-8926,"Psychology, Multidisciplinary","Psychology, Multidisciplinary"
LANGUAGE COGNITION AND NEUROSCIENCE,2327-3798,2327-3801,"Linguistics | Psychology, Experimental","Psychology, Experimental"
COGNITION & EMOTION,0269-9931,1464-0600,"Psychology, Experimental","Psychology, Experimental"
PSICOLOGIA EDUCATIVA,1135-755X,2174-0526,"Education & Educational Research | Psychology, Educational | Psychology, Multidisciplinary","Psychology, Educational"
JOURNAL OF ADULT DEVELOPMENT,1068-0667,1573-3440,"Psychology, Development","Psychology, Development"
JOURNAL OF EMOTIONAL AND BEHAVIORAL DISORDERS,1063-4266,1538-4799,"Education, Special | Psychology, Educational | Psychology, Multidisciplinary","Psychology, Educational"
INTERNET INTERVENTIONS-THE APPLICATION OF INFORMATION TECHNOLOGY IN MENTAL AND BEHAVIOURAL HEALTH,NA,2214-7829,"Psychology, Clinical","Psychology, Clinical"
JOURNAL OF APPLIED SOCIAL PSYCHOLOGY,0021-9029,1559-1816,"Psychology, Social","Psychology, Social"
SEXUAL AND RELATIONSHIP THERAPY,1468-1994,1468-1749,"Psychology, Clinical","Psychology, Clinical"
JOURNAL OF ANXIETY DISORDERS,0887-6185,1873-7897,"Psychology, Clinical | Psychiatry","Psychology, Clinical"
INTERNATIONAL JOURNAL OF INTEGRATIVE PSYCHOTHERAPY,2156-9703,2156-9703,"Psychology, Clinical","Psychology, Clinical"
JOURNAL OF MUSLIM MENTAL HEALTH,1556-4908,1556-5009,"Psychology, Multidisciplinary","Psychology, Multidisciplinary"
JOURNAL OF CONTEMPORARY PSYCHOTHERAPY,0022-0116,1573-3564,"Psychology, Clinical","Psychology, Clinical"
TPM-TESTING PSYCHOMETRICS METHODOLOGY IN APPLIED PSYCHOLOGY,1972-6325,NA,"Psychology, Applied","Psychology, Applied"
TIMING & TIME PERCEPTION,2213-445X,2213-4468,"Neurosciences | Psychology, Experimental","Psychology, Experimental"
MULTIVARIATE BEHAVIORAL RESEARCH,0027-3171,1532-7906,"Social Sciences, Mathematical Methods | Psychology, Experimental","Psychology, Experimental"
PSYCHOLOGY & MARKETING,0742-6046,1520-6793,"Business | Psychology, Applied","Psychology, Applied"
ASIA PACIFIC JOURNAL OF COUNSELLING AND PSYCHOTHERAPY,2150-7686,2150-7708,"Psychology, Clinical","Psychology, Clinical"
CLINICAL EEG AND NEUROSCIENCE,1550-0594,2169-5202,Clinical Neurology | Neurosciences | Neuroimaging | Psychiatry | Psychology,Psychology
